{"skeleton":{"hash":"8DtiBlPR0lUIaexFt3/PR6SWAuY","spine":"3.6.53","width":962,"height":1730,"images":"./images/"},"bones":[{"name":"root"},{"name":"Bao","parent":"root","length":62.71,"rotation":90.47,"x":1.69,"y":-14.4}],"slots":[{"name":"Bg","bone":"root"},{"name":"Bao","bone":"Bao","attachment":"2"}],"skins":{"default":{"Bao":{"1":{"x":9.37,"y":-1.06,"rotation":-90.47,"width":60,"height":39},"2":{"x":32.35,"y":-3.75,"rotation":-90.47,"width":103,"height":85},"3":{"x":35.87,"y":-1.28,"rotation":-90.47,"width":126,"height":92},"4":{"x":38.37,"y":-0.8,"rotation":-90.47,"width":135,"height":97},"5":{"x":38.87,"y":-0.3,"rotation":-90.47,"width":146,"height":100},"6":{"x":38.37,"y":-0.3,"rotation":-90.47,"width":170,"height":97},"7":{"x":38.85,"y":-2.8,"rotation":-90.47,"width":149,"height":84},"8":{"x":32.85,"y":-3.25,"rotation":-90.47,"width":154,"height":86},"9":{"x":33.76,"y":-14.26,"rotation":-90.47,"width":146,"height":98}}}},"animations":{"Baozha":{"slots":{"Bao":{"color":[{"time":0,"color":"ffffffff","curve":"stepped"},{"time":0.6,"color":"ffffffff"}],"attachment":[{"time":0,"name":"1"},{"time":0.0667,"name":"2"},{"time":0.1333,"name":"3"},{"time":0.2,"name":"4"},{"time":0.2667,"name":"5"},{"time":0.3333,"name":"6"},{"time":0.4,"name":"7"},{"time":0.4667,"name":"8"},{"time":0.5333,"name":"9"},{"time":0.6,"name":null}]}},"bones":{"root":{"rotate":[{"time":0,"angle":0,"curve":"stepped"},{"time":0.6,"angle":0}],"translate":[{"time":0,"x":0,"y":0,"curve":"stepped"},{"time":0.6,"x":0,"y":0}],"scale":[{"time":0,"x":1,"y":1,"curve":"stepped"},{"time":0.6,"x":1,"y":1}],"shear":[{"time":0,"x":0,"y":0,"curve":"stepped"},{"time":0.6,"x":0,"y":0}]},"Bao":{"rotate":[{"time":0,"angle":0,"curve":"stepped"},{"time":0.6,"angle":0}],"translate":[{"time":0,"x":-4.12,"y":15.66,"curve":"stepped"},{"time":0.6,"x":-4.12,"y":15.66}],"scale":[{"time":0,"x":1,"y":1},{"time":0.6,"x":1.2,"y":1.2}],"shear":[{"time":0,"x":0,"y":0,"curve":"stepped"},{"time":0.6,"x":0,"y":0}]}}}}}