[{"__type__":"cc.Prefab","_name":"StageInfo","data":{"__id__":1}},{"__type__":"cc.Node","_name":"StageInfo","_children":[{"__id__":2},{"__id__":3}],"_level":1,"_components":[{"__type__":"cc.Button","node":{"__id__":1},"_N$target":{"__id__":1}}],"_prefab":{"__type__":"cc.PrefabInfo","root":{"__id__":1},"asset":{"__uuid__":"c2VpytIjdEn7ReWXU8opHN"},"fileId":"e0C7IZK+JPP70qkuhpTTGQ"},"_contentSize":{"__type__":"cc.Size","width":750,"height":1334},"_scale":{"__type__":"cc.Vec3","x":1,"y":1,"z":1}},{"__type__":"cc.Node","_name":"bg","_parent":{"__id__":1},"_level":2,"_components":[{"__type__":"cc.Sprite","node":{"__id__":2},"_spriteFrame":{"__uuid__":"c6aEsZi7ZLuYOy5nnW0Ibk"},"_type":1,"_sizeMode":0}],"_prefab":{"__type__":"cc.PrefabInfo","root":{"__id__":1},"asset":{"__uuid__":"c2VpytIjdEn7ReWXU8opHN"},"fileId":"b5EAzyTrpCUr0oxv6/1Jdz"},"_opacity":100,"_color":{"__type__":"cc.Color"},"_contentSize":{"__type__":"cc.Size","width":750,"height":1334},"_scale":{"__type__":"cc.Vec3","x":1,"y":1,"z":1}},{"__type__":"cc.Node","_name":"box","_parent":{"__id__":1},"_children":[{"__id__":4},{"__id__":5},{"__id__":8},{"__id__":15},{"__id__":17},{"__id__":20},{"__id__":32},{"__id__":34}],"_level":3,"_prefab":{"__type__":"cc.PrefabInfo","root":{"__id__":1},"asset":{"__uuid__":"c2VpytIjdEn7ReWXU8opHN"},"fileId":"90NBebEllB+4mdqjDD73Iz"},"_contentSize":{"__type__":"cc.Size","width":640,"height":720},"_scale":{"__type__":"cc.Vec3","x":1,"y":1,"z":1}},{"__type__":"cc.Node","_name":"bg1","_parent":{"__id__":3},"_level":4,"_components":[{"__type__":"cc.Sprite","node":{"__id__":4},"_spriteFrame":{"__uuid__":"dfYWpFoPxIfJaDY6gYnCT2"},"_type":1,"_sizeMode":0}],"_prefab":{"__type__":"cc.PrefabInfo","root":{"__id__":1},"asset":{"__uuid__":"c2VpytIjdEn7ReWXU8opHN"},"fileId":"76qyqmkvBOqo9TI5RkTVMJ"},"_contentSize":{"__type__":"cc.Size","width":627,"height":700},"_scale":{"__type__":"cc.Vec3","x":1,"y":1,"z":1},"_rotationX":-3,"_rotationY":-3,"_quat":{"__type__":"cc.Quat","z":0.026176948307873153,"w":0.9996573249755573}},{"__type__":"cc.Node","_name":"bg2","_parent":{"__id__":3},"_children":[{"__id__":6},{"__id__":7}],"_level":4,"_components":[{"__type__":"cc.Sprite","node":{"__id__":5},"_spriteFrame":{"__uuid__":"faaNIqbD1Ar6/pqAdxak38"},"_type":1,"_sizeMode":0}],"_prefab":{"__type__":"cc.PrefabInfo","root":{"__id__":1},"asset":{"__uuid__":"c2VpytIjdEn7ReWXU8opHN"},"fileId":"beGPH+o1xNDr4nt5YMwbPE"},"_contentSize":{"__type__":"cc.Size","width":627,"height":711},"_position":{"__type__":"cc.Vec3","y":-5},"_scale":{"__type__":"cc.Vec3","x":1,"y":1,"z":1}},{"__type__":"cc.Node","_name":"Bg_Decorate_4","_parent":{"__id__":5},"_level":5,"_components":[{"__type__":"cc.Sprite","node":{"__id__":6},"_spriteFrame":{"__uuid__":"01Px1stkJPoLuRx/NYLdHY"}}],"_prefab":{"__type__":"cc.PrefabInfo","root":{"__id__":1},"asset":{"__uuid__":"c2VpytIjdEn7ReWXU8opHN"},"fileId":"ae8m03p7ZMzpSo09qlARLr"},"_contentSize":{"__type__":"cc.Size","width":22,"height":33},"_position":{"__type__":"cc.Vec3","x":-303.5,"y":215},"_scale":{"__type__":"cc.Vec3","x":1,"y":1,"z":1}},{"__type__":"cc.Node","_name":"Bg_Decorate_3","_parent":{"__id__":5},"_level":5,"_components":[{"__type__":"cc.Sprite","node":{"__id__":7},"_spriteFrame":{"__uuid__":"98xDcSD71ER7K7FrzreuEq"}}],"_prefab":{"__type__":"cc.PrefabInfo","root":{"__id__":1},"asset":{"__uuid__":"c2VpytIjdEn7ReWXU8opHN"},"fileId":"9aIbBRBO5OB60Jef/FXj8b"},"_contentSize":{"__type__":"cc.Size","width":36,"height":37},"_position":{"__type__":"cc.Vec3","x":296.5,"y":-190},"_scale":{"__type__":"cc.Vec3","x":1,"y":1,"z":1}},{"__type__":"cc.Node","_name":"rate","_parent":{"__id__":3},"_children":[{"__id__":9},{"__id__":11},{"__id__":13}],"_level":4,"_prefab":{"__type__":"cc.PrefabInfo","root":{"__id__":1},"asset":{"__uuid__":"c2VpytIjdEn7ReWXU8opHN"},"fileId":"709Cw4gT9DVL1C0szixt+a"},"_position":{"__type__":"cc.Vec3","x":2.2737367544323206e-13,"y":350},"_scale":{"__type__":"cc.Vec3","x":1,"y":1,"z":1}},{"__type__":"cc.Node","_name":"star1","_parent":{"__id__":8},"_children":[{"__id__":10}],"_level":4,"_components":[{"__type__":"cc.Sprite","node":{"__id__":9},"_spriteFrame":{"__uuid__":"70vfA+8DlJRLc/Nb26Nt26"}}],"_prefab":{"__type__":"cc.PrefabInfo","root":{"__id__":1},"asset":{"__uuid__":"c2VpytIjdEn7ReWXU8opHN"},"fileId":"e2LC47xx5OWJeMQbSfzqCT"},"_contentSize":{"__type__":"cc.Size","width":150,"height":151},"_position":{"__type__":"cc.Vec3","x":-150,"y":-10},"_scale":{"__type__":"cc.Vec3","x":0.9,"y":0.9,"z":1}},{"__type__":"cc.Node","_name":"reach","_parent":{"__id__":9},"_active":false,"_level":5,"_components":[{"__type__":"cc.Sprite","node":{"__id__":10},"_spriteFrame":{"__uuid__":"caOHtKc+tOIaKi0NUtDcBl"}}],"_prefab":{"__type__":"cc.PrefabInfo","root":{"__id__":1},"asset":{"__uuid__":"c2VpytIjdEn7ReWXU8opHN"},"fileId":"dd+EZ7PM9MJZAvevNTD1v+"},"_contentSize":{"__type__":"cc.Size","width":150,"height":162},"_scale":{"__type__":"cc.Vec3","x":1,"y":1,"z":1}},{"__type__":"cc.Node","_name":"star2","_parent":{"__id__":8},"_children":[{"__id__":12}],"_level":4,"_components":[{"__type__":"cc.Sprite","node":{"__id__":11},"_spriteFrame":{"__uuid__":"70vfA+8DlJRLc/Nb26Nt26"}}],"_prefab":{"__type__":"cc.PrefabInfo","root":{"__id__":1},"asset":{"__uuid__":"c2VpytIjdEn7ReWXU8opHN"},"fileId":"ab17HAMxlES6PpG9f5wV+L"},"_contentSize":{"__type__":"cc.Size","width":150,"height":151},"_scale":{"__type__":"cc.Vec3","x":1,"y":1,"z":1}},{"__type__":"cc.Node","_name":"reach","_parent":{"__id__":11},"_active":false,"_level":5,"_components":[{"__type__":"cc.Sprite","node":{"__id__":12},"_spriteFrame":{"__uuid__":"caOHtKc+tOIaKi0NUtDcBl"}}],"_prefab":{"__type__":"cc.PrefabInfo","root":{"__id__":1},"asset":{"__uuid__":"c2VpytIjdEn7ReWXU8opHN"},"fileId":"98l/cGjNxIba8tB7qPZ6se"},"_contentSize":{"__type__":"cc.Size","width":150,"height":162},"_scale":{"__type__":"cc.Vec3","x":1,"y":1,"z":1}},{"__type__":"cc.Node","_name":"star3","_parent":{"__id__":8},"_children":[{"__id__":14}],"_level":4,"_components":[{"__type__":"cc.Sprite","node":{"__id__":13},"_spriteFrame":{"__uuid__":"70vfA+8DlJRLc/Nb26Nt26"}}],"_prefab":{"__type__":"cc.PrefabInfo","root":{"__id__":1},"asset":{"__uuid__":"c2VpytIjdEn7ReWXU8opHN"},"fileId":"80xNXsG7tC2LkvEHq2jGhK"},"_contentSize":{"__type__":"cc.Size","width":150,"height":151},"_position":{"__type__":"cc.Vec3","x":150,"y":-10},"_scale":{"__type__":"cc.Vec3","x":0.9,"y":0.9,"z":1}},{"__type__":"cc.Node","_name":"reach","_parent":{"__id__":13},"_active":false,"_level":5,"_components":[{"__type__":"cc.Sprite","node":{"__id__":14},"_spriteFrame":{"__uuid__":"caOHtKc+tOIaKi0NUtDcBl"}}],"_prefab":{"__type__":"cc.PrefabInfo","root":{"__id__":1},"asset":{"__uuid__":"c2VpytIjdEn7ReWXU8opHN"},"fileId":"8bbuSsr7JBDYsaqsnJcfF1"},"_contentSize":{"__type__":"cc.Size","width":150,"height":162},"_scale":{"__type__":"cc.Vec3","x":1,"y":1,"z":1}},{"__type__":"cc.Node","_name":"stageNum","_parent":{"__id__":3},"_children":[{"__id__":16}],"_level":4,"_prefab":{"__type__":"cc.PrefabInfo","root":{"__id__":1},"asset":{"__uuid__":"c2VpytIjdEn7ReWXU8opHN"},"fileId":"31EDHgYURAXqKvYInm35da"},"_position":{"__type__":"cc.Vec3","y":240},"_scale":{"__type__":"cc.Vec3","x":1,"y":1,"z":1}},{"__type__":"cc.Node","_name":"lab","_parent":{"__id__":15},"_level":3,"_components":[{"__type__":"cc.Label","node":{"__id__":16},"_srcBlendFactor":1,"_string":"第999关","_N$string":"第999关","_fontSize":36,"_N$file":{"__uuid__":"7ayuTvAx5NSIJwUPtdCD7i"},"_isSystemFontUsed":false,"_N$horizontalAlign":1,"_N$verticalAlign":1}],"_prefab":{"__type__":"cc.PrefabInfo","root":{"__id__":1},"asset":{"__uuid__":"c2VpytIjdEn7ReWXU8opHN"},"fileId":"b7yhu/tX1ISJE0l+AfiAld"},"_color":{"__type__":"cc.Color","r":129,"g":74,"b":11},"_contentSize":{"__type__":"cc.Size","width":155.53,"height":40},"_scale":{"__type__":"cc.Vec3","x":1,"y":1,"z":1}},{"__type__":"cc.Node","_name":"highScore","_parent":{"__id__":3},"_children":[{"__id__":18},{"__id__":19}],"_level":4,"_components":[{"__type__":"cc.Sprite","node":{"__id__":17},"_spriteFrame":{"__uuid__":"7bn7+/6hhLVLXUI9RIakGR"},"_sizeMode":0}],"_prefab":{"__type__":"cc.PrefabInfo","root":{"__id__":1},"asset":{"__uuid__":"c2VpytIjdEn7ReWXU8opHN"},"fileId":"fb6U6rlixI4LU1q1XNxaZ5"},"_contentSize":{"__type__":"cc.Size","width":560,"height":70},"_position":{"__type__":"cc.Vec3","y":145},"_scale":{"__type__":"cc.Vec3","x":1,"y":1,"z":1}},{"__type__":"cc.Node","_name":"lab","_parent":{"__id__":17},"_level":5,"_components":[{"__type__":"cc.Label","node":{"__id__":18},"_srcBlendFactor":1,"_string":"最高得分:","_N$string":"最高得分:","_fontSize":30,"_lineHeight":35,"_N$file":{"__uuid__":"7ayuTvAx5NSIJwUPtdCD7i"},"_isSystemFontUsed":false,"_N$horizontalAlign":1,"_N$verticalAlign":1}],"_prefab":{"__type__":"cc.PrefabInfo","root":{"__id__":1},"asset":{"__uuid__":"c2VpytIjdEn7ReWXU8opHN"},"fileId":"ebf/H91JVITK+IG1EU6PGL"},"_color":{"__type__":"cc.Color","r":87,"g":70,"b":43},"_contentSize":{"__type__":"cc.Size","width":136.17,"height":35},"_position":{"__type__":"cc.Vec3","x":-190},"_scale":{"__type__":"cc.Vec3","x":1,"y":1,"z":1}},{"__type__":"cc.Node","_name":"score","_parent":{"__id__":17},"_level":5,"_components":[{"__type__":"cc.Label","node":{"__id__":19},"_srcBlendFactor":1,"_useOriginalSize":false,"_string":"0","_N$string":"0","_fontSize":44,"_lineHeight":50,"_N$file":{"__uuid__":"7ayuTvAx5NSIJwUPtdCD7i"},"_isSystemFontUsed":false,"_N$horizontalAlign":1,"_N$verticalAlign":1},{"__type__":"cc.LabelOutline","node":{"__id__":19},"_color":{"__type__":"cc.Color","r":116,"g":63,"b":3},"_width":3}],"_prefab":{"__type__":"cc.PrefabInfo","root":{"__id__":1},"asset":{"__uuid__":"c2VpytIjdEn7ReWXU8opHN"},"fileId":"d5TZje7j5MQYlLH/g/xOfQ"},"_contentSize":{"__type__":"cc.Size","width":39.43,"height":50},"_anchorPoint":{"__type__":"cc.Vec2","y":0.5},"_position":{"__type__":"cc.Vec3","x":-100},"_scale":{"__type__":"cc.Vec3","x":1,"y":1,"z":1}},{"__type__":"cc.Node","_name":"goal","_parent":{"__id__":3},"_children":[{"__id__":21},{"__id__":22}],"_level":4,"_components":[{"__type__":"cc.Sprite","node":{"__id__":20},"_spriteFrame":{"__uuid__":"7bn7+/6hhLVLXUI9RIakGR"},"_sizeMode":0}],"_prefab":{"__type__":"cc.PrefabInfo","root":{"__id__":1},"asset":{"__uuid__":"c2VpytIjdEn7ReWXU8opHN"},"fileId":"61L/qz4CpAFLPg+zCWtTvy"},"_contentSize":{"__type__":"cc.Size","width":560,"height":250},"_position":{"__type__":"cc.Vec3","y":-20},"_scale":{"__type__":"cc.Vec3","x":1,"y":1,"z":1}},{"__type__":"cc.Node","_name":"lab","_parent":{"__id__":20},"_level":5,"_components":[{"__type__":"cc.Label","node":{"__id__":21},"_srcBlendFactor":1,"_useOriginalSize":false,"_string":"通关条件","_N$string":"通关条件","_fontSize":30,"_lineHeight":35,"_N$file":{"__uuid__":"7ayuTvAx5NSIJwUPtdCD7i"},"_isSystemFontUsed":false,"_N$horizontalAlign":1,"_N$verticalAlign":1}],"_prefab":{"__type__":"cc.PrefabInfo","root":{"__id__":1},"asset":{"__uuid__":"c2VpytIjdEn7ReWXU8opHN"},"fileId":"7bmVB+dcBFXqqzQEYvVhKh"},"_color":{"__type__":"cc.Color","r":87,"g":70,"b":43},"_contentSize":{"__type__":"cc.Size","width":120,"height":35},"_position":{"__type__":"cc.Vec3","y":95},"_scale":{"__type__":"cc.Vec3","x":1,"y":1,"z":1}},{"__type__":"cc.Node","_name":"goals","_parent":{"__id__":20},"_children":[{"__id__":23},{"__id__":26},{"__id__":29}],"_level":5,"_components":[{"__type__":"cc.Layout","node":{"__id__":22},"_layoutSize":{"__type__":"cc.Size","width":459,"height":150},"_resize":1,"_N$layoutType":1,"_N$spacingX":30}],"_prefab":{"__type__":"cc.PrefabInfo","root":{"__id__":1},"asset":{"__uuid__":"c2VpytIjdEn7ReWXU8opHN"},"fileId":"00zQcLyJRBy7kt6azPHYZR"},"_contentSize":{"__type__":"cc.Size","width":459,"height":150},"_position":{"__type__":"cc.Vec3","y":-25},"_scale":{"__type__":"cc.Vec3","x":1,"y":1,"z":1}},{"__type__":"cc.Node","_name":"goal1","_parent":{"__id__":22},"_children":[{"__id__":24},{"__id__":25}],"_level":6,"_components":[{"__type__":"cc.Sprite","node":{"__id__":23},"_spriteFrame":{"__uuid__":"e5bUWInBhEMaUxFc004u96"}}],"_prefab":{"__type__":"cc.PrefabInfo","root":{"__id__":1},"asset":{"__uuid__":"c2VpytIjdEn7ReWXU8opHN"},"fileId":"160JhlWotOAq8Lj28sxRCm"},"_contentSize":{"__type__":"cc.Size","width":133,"height":138},"_position":{"__type__":"cc.Vec3","x":-163},"_scale":{"__type__":"cc.Vec3","x":1,"y":1,"z":1}},{"__type__":"cc.Node","_name":"spr","_parent":{"__id__":23},"_level":4,"_components":[{"__type__":"cc.Sprite","node":{"__id__":24},"_sizeMode":0}],"_prefab":{"__type__":"cc.PrefabInfo","root":{"__id__":1},"asset":{"__uuid__":"c2VpytIjdEn7ReWXU8opHN"},"fileId":"22M0Oe9ERPB5RDRFUbymha"},"_contentSize":{"__type__":"cc.Size","width":70,"height":70},"_position":{"__type__":"cc.Vec3","y":5},"_scale":{"__type__":"cc.Vec3","x":1,"y":1,"z":1}},{"__type__":"cc.Node","_name":"desc","_parent":{"__id__":23},"_level":4,"_components":[{"__type__":"cc.Label","node":{"__id__":25},"_srcBlendFactor":1,"_fontSize":24,"_lineHeight":30,"_N$file":{"__uuid__":"7ayuTvAx5NSIJwUPtdCD7i"},"_isSystemFontUsed":false,"_N$horizontalAlign":1,"_N$verticalAlign":1},{"__type__":"cc.LabelOutline","node":{"__id__":25},"_color":{"__type__":"cc.Color","r":68,"g":18,"b":11},"_width":2}],"_prefab":{"__type__":"cc.PrefabInfo","root":{"__id__":1},"asset":{"__uuid__":"c2VpytIjdEn7ReWXU8opHN"},"fileId":"994twkvMNFj4Idy8mF43lA"},"_contentSize":{"__type__":"cc.Size","width":4,"height":30},"_position":{"__type__":"cc.Vec3","y":-45},"_scale":{"__type__":"cc.Vec3","x":1,"y":1,"z":1}},{"__type__":"cc.Node","_name":"goal2","_parent":{"__id__":22},"_children":[{"__id__":27},{"__id__":28}],"_level":6,"_components":[{"__type__":"cc.Sprite","node":{"__id__":26},"_spriteFrame":{"__uuid__":"e5bUWInBhEMaUxFc004u96"}}],"_prefab":{"__type__":"cc.PrefabInfo","root":{"__id__":1},"asset":{"__uuid__":"c2VpytIjdEn7ReWXU8opHN"},"fileId":"399o6T50VAAK85WMayBYPv"},"_contentSize":{"__type__":"cc.Size","width":133,"height":138},"_scale":{"__type__":"cc.Vec3","x":1,"y":1,"z":1}},{"__type__":"cc.Node","_name":"spr","_parent":{"__id__":26},"_level":4,"_components":[{"__type__":"cc.Sprite","node":{"__id__":27},"_sizeMode":0}],"_prefab":{"__type__":"cc.PrefabInfo","root":{"__id__":1},"asset":{"__uuid__":"c2VpytIjdEn7ReWXU8opHN"},"fileId":"07Ye3/saxC8ozQPpxZU76o"},"_contentSize":{"__type__":"cc.Size","width":70,"height":70},"_position":{"__type__":"cc.Vec3","y":5},"_scale":{"__type__":"cc.Vec3","x":1,"y":1,"z":1}},{"__type__":"cc.Node","_name":"desc","_parent":{"__id__":26},"_level":4,"_components":[{"__type__":"cc.Label","node":{"__id__":28},"_srcBlendFactor":1,"_fontSize":24,"_lineHeight":30,"_N$file":{"__uuid__":"7ayuTvAx5NSIJwUPtdCD7i"},"_isSystemFontUsed":false,"_N$horizontalAlign":1,"_N$verticalAlign":1},{"__type__":"cc.LabelOutline","node":{"__id__":28},"_color":{"__type__":"cc.Color","r":68,"g":18,"b":11},"_width":2}],"_prefab":{"__type__":"cc.PrefabInfo","root":{"__id__":1},"asset":{"__uuid__":"c2VpytIjdEn7ReWXU8opHN"},"fileId":"dbVHvnOXhPnYomWHdGlwA+"},"_contentSize":{"__type__":"cc.Size","width":4,"height":30},"_position":{"__type__":"cc.Vec3","y":-45},"_scale":{"__type__":"cc.Vec3","x":1,"y":1,"z":1}},{"__type__":"cc.Node","_name":"goal3","_parent":{"__id__":22},"_children":[{"__id__":30},{"__id__":31}],"_level":6,"_components":[{"__type__":"cc.Sprite","node":{"__id__":29},"_spriteFrame":{"__uuid__":"e5bUWInBhEMaUxFc004u96"}}],"_prefab":{"__type__":"cc.PrefabInfo","root":{"__id__":1},"asset":{"__uuid__":"c2VpytIjdEn7ReWXU8opHN"},"fileId":"74QP4e5HZAb41PMIQtx1Iy"},"_contentSize":{"__type__":"cc.Size","width":133,"height":138},"_position":{"__type__":"cc.Vec3","x":163},"_scale":{"__type__":"cc.Vec3","x":1,"y":1,"z":1}},{"__type__":"cc.Node","_name":"spr","_parent":{"__id__":29},"_level":4,"_components":[{"__type__":"cc.Sprite","node":{"__id__":30},"_sizeMode":0}],"_prefab":{"__type__":"cc.PrefabInfo","root":{"__id__":1},"asset":{"__uuid__":"c2VpytIjdEn7ReWXU8opHN"},"fileId":"244Dtj2d1K2ZF8Yygq8/Vo"},"_contentSize":{"__type__":"cc.Size","width":70,"height":70},"_position":{"__type__":"cc.Vec3","y":5},"_scale":{"__type__":"cc.Vec3","x":1,"y":1,"z":1}},{"__type__":"cc.Node","_name":"desc","_parent":{"__id__":29},"_level":4,"_components":[{"__type__":"cc.Label","node":{"__id__":31},"_srcBlendFactor":1,"_fontSize":24,"_lineHeight":30,"_N$file":{"__uuid__":"7ayuTvAx5NSIJwUPtdCD7i"},"_isSystemFontUsed":false,"_N$horizontalAlign":1,"_N$verticalAlign":1},{"__type__":"cc.LabelOutline","node":{"__id__":31},"_color":{"__type__":"cc.Color","r":68,"g":18,"b":11},"_width":2}],"_prefab":{"__type__":"cc.PrefabInfo","root":{"__id__":1},"asset":{"__uuid__":"c2VpytIjdEn7ReWXU8opHN"},"fileId":"7eidi5Z+ZFT6W6qfgWKWBY"},"_contentSize":{"__type__":"cc.Size","width":4,"height":30},"_position":{"__type__":"cc.Vec3","y":-45},"_scale":{"__type__":"cc.Vec3","x":1,"y":1,"z":1}},{"__type__":"cc.Node","_name":"btnStart","_parent":{"__id__":3},"_children":[{"__id__":33}],"_level":4,"_components":[{"__type__":"cc.Sprite","node":{"__id__":32},"_spriteFrame":{"__uuid__":"bfh5zPFBtItoEk+H3aUbx3"},"_type":1,"_sizeMode":0},{"__type__":"cc.Button","node":{"__id__":32},"zoomScale":1.1,"_N$transition":3,"transition":3,"_N$normalColor":{"__type__":"cc.Color","r":255,"g":255,"b":255},"_N$pressedColor":{"__type__":"cc.Color","r":255,"g":255,"b":255},"pressedColor":{"__type__":"cc.Color","r":255,"g":255,"b":255},"_N$disabledColor":{"__type__":"cc.Color","r":255,"g":255,"b":255},"_N$normalSprite":{"__uuid__":"f0BIwQ8D5Ml7nTNQbh1YlS"},"_N$pressedSprite":{"__uuid__":"e97GVMl6JHh5Ml5qEDdSGa"},"pressedSprite":{"__uuid__":"e97GVMl6JHh5Ml5qEDdSGa"},"_N$hoverSprite":{"__uuid__":"f0BIwQ8D5Ml7nTNQbh1YlS"},"hoverSprite":{"__uuid__":"f0BIwQ8D5Ml7nTNQbh1YlS"},"_N$disabledSprite":{"__uuid__":"29FYIk+N1GYaeWH/q1NxQO"},"_N$target":{"__id__":32}}],"_prefab":{"__type__":"cc.PrefabInfo","root":{"__id__":1},"asset":{"__uuid__":"c2VpytIjdEn7ReWXU8opHN"},"fileId":"21kQIqHxpMnL8yXNcnurbm"},"_contentSize":{"__type__":"cc.Size","width":260,"height":100},"_position":{"__type__":"cc.Vec3","y":-249},"_scale":{"__type__":"cc.Vec3","x":1,"y":1,"z":1}},{"__type__":"cc.Node","_name":"lab","_parent":{"__id__":32},"_components":[{"__type__":"cc.Label","node":{"__id__":33},"_srcBlendFactor":1,"_useOriginalSize":false,"_string":"开  始","_N$string":"开  始","_lineHeight":45,"_enableWrapText":false,"_N$file":{"__uuid__":"7ayuTvAx5NSIJwUPtdCD7i"},"_isSystemFontUsed":false,"_N$horizontalAlign":1,"_N$verticalAlign":1},{"__type__":"cc.LabelOutline","node":{"__id__":33},"_color":{"__type__":"cc.Color","r":30,"g":8,"b":5},"_width":3}],"_prefab":{"__type__":"cc.PrefabInfo","root":{"__id__":1},"asset":{"__uuid__":"c2VpytIjdEn7ReWXU8opHN"},"fileId":"52k2QpYClPy5zzYZWDyu9I"},"_contentSize":{"__type__":"cc.Size","width":126,"height":45},"_scale":{"__type__":"cc.Vec3","x":1,"y":1,"z":1}},{"__type__":"cc.Node","_name":"btnClose","_parent":{"__id__":3},"_children":[{"__id__":35}],"_level":4,"_components":[{"__type__":"cc.Button","node":{"__id__":34},"zoomScale":1.1,"_N$transition":3,"transition":3,"_N$normalColor":{"__type__":"cc.Color","r":255,"g":255,"b":255},"_N$pressedColor":{"__type__":"cc.Color","r":255,"g":255,"b":255},"pressedColor":{"__type__":"cc.Color","r":255,"g":255,"b":255},"_N$disabledColor":{"__type__":"cc.Color","r":255,"g":255,"b":255},"_N$normalSprite":{"__uuid__":"f0BIwQ8D5Ml7nTNQbh1YlS"},"_N$pressedSprite":{"__uuid__":"e97GVMl6JHh5Ml5qEDdSGa"},"pressedSprite":{"__uuid__":"e97GVMl6JHh5Ml5qEDdSGa"},"_N$hoverSprite":{"__uuid__":"f0BIwQ8D5Ml7nTNQbh1YlS"},"hoverSprite":{"__uuid__":"f0BIwQ8D5Ml7nTNQbh1YlS"},"_N$disabledSprite":{"__uuid__":"29FYIk+N1GYaeWH/q1NxQO"},"_N$target":{"__id__":34}}],"_prefab":{"__type__":"cc.PrefabInfo","root":{"__id__":1},"asset":{"__uuid__":"c2VpytIjdEn7ReWXU8opHN"},"fileId":"ffFmsPD09C4raNSpM47fBI"},"_contentSize":{"__type__":"cc.Size","width":60,"height":60},"_position":{"__type__":"cc.Vec3","x":275,"y":310},"_scale":{"__type__":"cc.Vec3","x":1,"y":1,"z":1}},{"__type__":"cc.Node","_name":"spr","_parent":{"__id__":34},"_components":[{"__type__":"cc.Sprite","node":{"__id__":35},"_spriteFrame":{"__uuid__":"19RQ4sCm9DSZuY2virIq2R"},"_sizeMode":0}],"_prefab":{"__type__":"cc.PrefabInfo","root":{"__id__":1},"asset":{"__uuid__":"c2VpytIjdEn7ReWXU8opHN"},"fileId":"f29xBqbglHe4dfugq7UtEL"},"_contentSize":{"__type__":"cc.Size","width":50,"height":50},"_scale":{"__type__":"cc.Vec3","x":1,"y":1,"z":1}}]