[{"__type__":"cc.Prefab","_name":"StageComplete","data":{"__id__":1}},{"__type__":"cc.Node","_name":"StageComplete","_children":[{"__id__":2},{"__id__":3}],"_level":1,"_components":[{"__type__":"cc.Button","node":{"__id__":1},"_N$target":{"__id__":1}}],"_prefab":{"__type__":"cc.PrefabInfo","root":{"__id__":1},"asset":{"__uuid__":"c3rn5l8/tCEYqRYjPeQiyB"},"fileId":"63NG8AWgZP+7/1n9Eev2gf"},"_contentSize":{"__type__":"cc.Size","width":1460,"height":2206},"_scale":{"__type__":"cc.Vec3","x":1,"y":1,"z":1}},{"__type__":"cc.Node","_name":"bg","_parent":{"__id__":1},"_level":3,"_components":[{"__type__":"cc.Sprite","node":{"__id__":2},"_spriteFrame":{"__uuid__":"c6aEsZi7ZLuYOy5nnW0Ibk"},"_sizeMode":0}],"_prefab":{"__type__":"cc.PrefabInfo","root":{"__id__":1},"asset":{"__uuid__":"c3rn5l8/tCEYqRYjPeQiyB"},"fileId":"a40Tw5qA5AqpSaqNwU3H+I"},"_opacity":100,"_color":{"__type__":"cc.Color"},"_contentSize":{"__type__":"cc.Size","width":1460,"height":2206},"_scale":{"__type__":"cc.Vec3","x":1,"y":1,"z":1}},{"__type__":"cc.Node","_name":"box","_parent":{"__id__":1},"_children":[{"__id__":4},{"__id__":5},{"__id__":8},{"__id__":18},{"__id__":19},{"__id__":20},{"__id__":21},{"__id__":22},{"__id__":25},{"__id__":27},{"__id__":29},{"__id__":31},{"__id__":33},{"__id__":34}],"_level":3,"_components":[{"__type__":"cc.Sprite","node":{"__id__":3}}],"_prefab":{"__type__":"cc.PrefabInfo","root":{"__id__":1},"asset":{"__uuid__":"c3rn5l8/tCEYqRYjPeQiyB"},"fileId":"c7OSaBcJlN04NTQ8lEJLTr"},"_contentSize":{"__type__":"cc.Size","width":800,"height":800},"_scale":{"__type__":"cc.Vec3","x":1,"y":1,"z":1}},{"__type__":"cc.Node","_name":"bg1","_parent":{"__id__":3},"_level":4,"_components":[{"__type__":"cc.Sprite","node":{"__id__":4},"_spriteFrame":{"__uuid__":"dfYWpFoPxIfJaDY6gYnCT2"},"_type":1,"_sizeMode":0}],"_prefab":{"__type__":"cc.PrefabInfo","root":{"__id__":1},"asset":{"__uuid__":"c3rn5l8/tCEYqRYjPeQiyB"},"fileId":"13e5U2y2BLirEh1u2l8Rn5"},"_contentSize":{"__type__":"cc.Size","width":627,"height":711},"_scale":{"__type__":"cc.Vec3","x":1,"y":1,"z":1},"_rotationX":-3,"_rotationY":-3,"_quat":{"__type__":"cc.Quat","z":0.026176948307873153,"w":0.9996573249755573}},{"__type__":"cc.Node","_name":"bg2","_parent":{"__id__":3},"_children":[{"__id__":6},{"__id__":7}],"_level":4,"_components":[{"__type__":"cc.Sprite","node":{"__id__":5},"_spriteFrame":{"__uuid__":"faaNIqbD1Ar6/pqAdxak38"},"_type":1,"_sizeMode":0}],"_prefab":{"__type__":"cc.PrefabInfo","root":{"__id__":1},"asset":{"__uuid__":"c3rn5l8/tCEYqRYjPeQiyB"},"fileId":"c85vl5zTxBJbwVJ2PqpRvn"},"_contentSize":{"__type__":"cc.Size","width":627,"height":720},"_position":{"__type__":"cc.Vec3","y":-7},"_scale":{"__type__":"cc.Vec3","x":1,"y":1,"z":1}},{"__type__":"cc.Node","_name":"Bg_Decorate_4","_parent":{"__id__":5},"_level":5,"_components":[{"__type__":"cc.Sprite","node":{"__id__":6},"_spriteFrame":{"__uuid__":"01Px1stkJPoLuRx/NYLdHY"}}],"_prefab":{"__type__":"cc.PrefabInfo","root":{"__id__":1},"asset":{"__uuid__":"c3rn5l8/tCEYqRYjPeQiyB"},"fileId":"c3bgyIAk9BcaEo1D7tw5UL"},"_contentSize":{"__type__":"cc.Size","width":22,"height":33},"_position":{"__type__":"cc.Vec3","x":-303.5,"y":215},"_scale":{"__type__":"cc.Vec3","x":1,"y":1,"z":1}},{"__type__":"cc.Node","_name":"Bg_Decorate_3","_parent":{"__id__":5},"_level":5,"_components":[{"__type__":"cc.Sprite","node":{"__id__":7},"_spriteFrame":{"__uuid__":"98xDcSD71ER7K7FrzreuEq"}}],"_prefab":{"__type__":"cc.PrefabInfo","root":{"__id__":1},"asset":{"__uuid__":"c3rn5l8/tCEYqRYjPeQiyB"},"fileId":"6ePQf4GbpGwqFBIKsuVlDF"},"_contentSize":{"__type__":"cc.Size","width":36,"height":37},"_position":{"__type__":"cc.Vec3","x":296.5,"y":-225},"_scale":{"__type__":"cc.Vec3","x":1,"y":1,"z":1}},{"__type__":"cc.Node","_name":"rate","_parent":{"__id__":3},"_children":[{"__id__":9},{"__id__":12},{"__id__":15}],"_level":4,"_prefab":{"__type__":"cc.PrefabInfo","root":{"__id__":1},"asset":{"__uuid__":"c3rn5l8/tCEYqRYjPeQiyB"},"fileId":"3f3Z/4409ClJ9AobM/iL2+"},"_position":{"__type__":"cc.Vec3","y":370},"_scale":{"__type__":"cc.Vec3","x":1,"y":1,"z":1}},{"__type__":"cc.Node","_name":"star1","_parent":{"__id__":8},"_children":[{"__id__":10},{"__id__":11}],"_level":5,"_components":[{"__type__":"cc.Sprite","node":{"__id__":9},"_spriteFrame":{"__uuid__":"70vfA+8DlJRLc/Nb26Nt26"}}],"_prefab":{"__type__":"cc.PrefabInfo","root":{"__id__":1},"asset":{"__uuid__":"c3rn5l8/tCEYqRYjPeQiyB"},"fileId":"a3kEiH4PlFM7QVF1mGYi93"},"_contentSize":{"__type__":"cc.Size","width":150,"height":151},"_position":{"__type__":"cc.Vec3","x":-150,"y":-10},"_scale":{"__type__":"cc.Vec3","x":0.9,"y":0.9,"z":1}},{"__type__":"cc.Node","_name":"reach","_parent":{"__id__":9},"_active":false,"_level":6,"_components":[{"__type__":"cc.Sprite","node":{"__id__":10},"_spriteFrame":{"__uuid__":"caOHtKc+tOIaKi0NUtDcBl"}}],"_prefab":{"__type__":"cc.PrefabInfo","root":{"__id__":1},"asset":{"__uuid__":"c3rn5l8/tCEYqRYjPeQiyB"},"fileId":"bbtKdP/YZHCaCm7ofpkIvA"},"_contentSize":{"__type__":"cc.Size","width":150,"height":162},"_scale":{"__type__":"cc.Vec3","x":1,"y":1,"z":1}},{"__type__":"cc.Node","_name":"time","_parent":{"__id__":9},"_level":6,"_components":[{"__type__":"cc.Label","node":{"__id__":11},"_srcBlendFactor":1,"_fontSize":30,"_lineHeight":35,"_N$file":{"__uuid__":"7ayuTvAx5NSIJwUPtdCD7i"},"_isSystemFontUsed":false,"_N$horizontalAlign":1,"_N$verticalAlign":1}],"_prefab":{"__type__":"cc.PrefabInfo","root":{"__id__":1},"asset":{"__uuid__":"c3rn5l8/tCEYqRYjPeQiyB"},"fileId":"25u/cw3VxBPrucjM8WtYQG"},"_color":{"__type__":"cc.Color","r":129,"g":74,"b":11},"_contentSize":{"__type__":"cc.Size","height":35},"_position":{"__type__":"cc.Vec3","y":-110},"_scale":{"__type__":"cc.Vec3","x":1,"y":1,"z":1}},{"__type__":"cc.Node","_name":"star2","_parent":{"__id__":8},"_children":[{"__id__":13},{"__id__":14}],"_level":5,"_components":[{"__type__":"cc.Sprite","node":{"__id__":12},"_spriteFrame":{"__uuid__":"70vfA+8DlJRLc/Nb26Nt26"}}],"_prefab":{"__type__":"cc.PrefabInfo","root":{"__id__":1},"asset":{"__uuid__":"c3rn5l8/tCEYqRYjPeQiyB"},"fileId":"faye2s2QhKQIbeUinoYppw"},"_contentSize":{"__type__":"cc.Size","width":150,"height":151},"_scale":{"__type__":"cc.Vec3","x":1,"y":1,"z":1}},{"__type__":"cc.Node","_name":"reach","_parent":{"__id__":12},"_active":false,"_level":6,"_components":[{"__type__":"cc.Sprite","node":{"__id__":13},"_spriteFrame":{"__uuid__":"caOHtKc+tOIaKi0NUtDcBl"}}],"_prefab":{"__type__":"cc.PrefabInfo","root":{"__id__":1},"asset":{"__uuid__":"c3rn5l8/tCEYqRYjPeQiyB"},"fileId":"0eeEGPUp1AIqLIdtvkwjUe"},"_contentSize":{"__type__":"cc.Size","width":150,"height":162},"_scale":{"__type__":"cc.Vec3","x":1,"y":1,"z":1}},{"__type__":"cc.Node","_name":"time","_parent":{"__id__":12},"_level":6,"_components":[{"__type__":"cc.Label","node":{"__id__":14},"_srcBlendFactor":1,"_fontSize":27,"_lineHeight":35,"_N$file":{"__uuid__":"7ayuTvAx5NSIJwUPtdCD7i"},"_isSystemFontUsed":false,"_N$horizontalAlign":1,"_N$verticalAlign":1}],"_prefab":{"__type__":"cc.PrefabInfo","root":{"__id__":1},"asset":{"__uuid__":"c3rn5l8/tCEYqRYjPeQiyB"},"fileId":"7fBQQPzp5CPJZKBUWpDMgI"},"_color":{"__type__":"cc.Color","r":129,"g":74,"b":11},"_contentSize":{"__type__":"cc.Size","height":35},"_position":{"__type__":"cc.Vec3","y":-109},"_scale":{"__type__":"cc.Vec3","x":1,"y":1,"z":1}},{"__type__":"cc.Node","_name":"star3","_parent":{"__id__":8},"_children":[{"__id__":16},{"__id__":17}],"_level":5,"_components":[{"__type__":"cc.Sprite","node":{"__id__":15},"_spriteFrame":{"__uuid__":"70vfA+8DlJRLc/Nb26Nt26"}}],"_prefab":{"__type__":"cc.PrefabInfo","root":{"__id__":1},"asset":{"__uuid__":"c3rn5l8/tCEYqRYjPeQiyB"},"fileId":"21IXy5sT5P6LFsTUoBO5xP"},"_contentSize":{"__type__":"cc.Size","width":150,"height":151},"_position":{"__type__":"cc.Vec3","x":150,"y":-10},"_scale":{"__type__":"cc.Vec3","x":0.9,"y":0.9,"z":1}},{"__type__":"cc.Node","_name":"reach","_parent":{"__id__":15},"_active":false,"_level":6,"_components":[{"__type__":"cc.Sprite","node":{"__id__":16},"_spriteFrame":{"__uuid__":"caOHtKc+tOIaKi0NUtDcBl"}}],"_prefab":{"__type__":"cc.PrefabInfo","root":{"__id__":1},"asset":{"__uuid__":"c3rn5l8/tCEYqRYjPeQiyB"},"fileId":"1b6AplPx5NeoV3MZrSxt9a"},"_contentSize":{"__type__":"cc.Size","width":150,"height":162},"_scale":{"__type__":"cc.Vec3","x":1,"y":1,"z":1}},{"__type__":"cc.Node","_name":"time","_parent":{"__id__":15},"_level":6,"_components":[{"__type__":"cc.Label","node":{"__id__":17},"_srcBlendFactor":1,"_fontSize":30,"_lineHeight":35,"_N$file":{"__uuid__":"7ayuTvAx5NSIJwUPtdCD7i"},"_isSystemFontUsed":false,"_N$horizontalAlign":1,"_N$verticalAlign":1}],"_prefab":{"__type__":"cc.PrefabInfo","root":{"__id__":1},"asset":{"__uuid__":"c3rn5l8/tCEYqRYjPeQiyB"},"fileId":"c5yseRHwtKPZch/MhY2vZ5"},"_color":{"__type__":"cc.Color","r":129,"g":74,"b":11},"_contentSize":{"__type__":"cc.Size","height":35},"_position":{"__type__":"cc.Vec3","y":-110},"_scale":{"__type__":"cc.Vec3","x":1,"y":1,"z":1}},{"__type__":"cc.Node","_name":"image","_parent":{"__id__":3},"_level":4,"_components":[{"__type__":"sp.Skeleton","node":{"__id__":18},"defaultAnimation":"Win","_N$skeletonData":{"__uuid__":"b9vUwaQSlAdosdFuTDqdAP"}}],"_prefab":{"__type__":"cc.PrefabInfo","root":{"__id__":1},"asset":{"__uuid__":"c3rn5l8/tCEYqRYjPeQiyB"},"fileId":"76MsIp0a5K+JPImaG92ILQ"},"_contentSize":{"__type__":"cc.Size","width":1500,"height":992},"_position":{"__type__":"cc.Vec3","x":-155,"y":-75},"_scale":{"__type__":"cc.Vec3","x":1.45,"y":1.5,"z":1}},{"__type__":"cc.Node","_name":"score","_parent":{"__id__":3},"_level":4,"_components":[{"__type__":"cc.Label","node":{"__id__":19},"_srcBlendFactor":1,"_string":"0","_N$string":"0","_fontSize":60,"_lineHeight":65,"_N$file":{"__uuid__":"7ayuTvAx5NSIJwUPtdCD7i"},"_isSystemFontUsed":false,"_N$horizontalAlign":1,"_N$verticalAlign":1},{"__type__":"cc.LabelOutline","node":{"__id__":19},"_color":{"__type__":"cc.Color","r":116,"g":63,"b":3},"_width":3}],"_prefab":{"__type__":"cc.PrefabInfo","root":{"__id__":1},"asset":{"__uuid__":"c3rn5l8/tCEYqRYjPeQiyB"},"fileId":"97SWZStRFHrpNbTrNIXeFC"},"_contentSize":{"__type__":"cc.Size","width":51.59,"height":65},"_position":{"__type__":"cc.Vec3","x":105,"y":150},"_scale":{"__type__":"cc.Vec3","x":1,"y":1,"z":1}},{"__type__":"cc.Node","_name":"leftTime","_parent":{"__id__":3},"_level":4,"_components":[{"__type__":"cc.Label","node":{"__id__":20},"_srcBlendFactor":1,"_string":"剩余时间:0秒","_N$string":"剩余时间:0秒","_fontSize":30,"_lineHeight":35,"_N$file":{"__uuid__":"7ayuTvAx5NSIJwUPtdCD7i"},"_isSystemFontUsed":false,"_N$horizontalAlign":1,"_N$verticalAlign":1}],"_prefab":{"__type__":"cc.PrefabInfo","root":{"__id__":1},"asset":{"__uuid__":"c3rn5l8/tCEYqRYjPeQiyB"},"fileId":"a5idt1/ihEKY72QWgv31Ns"},"_color":{"__type__":"cc.Color","r":87,"g":70,"b":43},"_contentSize":{"__type__":"cc.Size","width":188.96,"height":35},"_anchorPoint":{"__type__":"cc.Vec2","y":0.5},"_position":{"__type__":"cc.Vec3","x":15,"y":40},"_scale":{"__type__":"cc.Vec3","x":1,"y":1,"z":1}},{"__type__":"cc.Node","_name":"bg3","_parent":{"__id__":3},"_level":4,"_components":[{"__type__":"cc.Sprite","node":{"__id__":21},"_spriteFrame":{"__uuid__":"7bn7+/6hhLVLXUI9RIakGR"},"_sizeMode":0}],"_prefab":{"__type__":"cc.PrefabInfo","root":{"__id__":1},"asset":{"__uuid__":"c3rn5l8/tCEYqRYjPeQiyB"},"fileId":"cdmIOHcV5Hc6KlY9fRk5Pa"},"_contentSize":{"__type__":"cc.Size","width":549,"height":104},"_position":{"__type__":"cc.Vec3","y":-165},"_scale":{"__type__":"cc.Vec3","x":1,"y":1,"z":1}},{"__type__":"cc.Node","_name":"award","_parent":{"__id__":3},"_children":[{"__id__":23},{"__id__":24}],"_level":4,"_prefab":{"__type__":"cc.PrefabInfo","root":{"__id__":1},"asset":{"__uuid__":"c3rn5l8/tCEYqRYjPeQiyB"},"fileId":"dcLy1S4a9CPaHvTCIqo+8w"},"_position":{"__type__":"cc.Vec3","x":-213,"y":-165},"_scale":{"__type__":"cc.Vec3","x":1,"y":1,"z":1}},{"__type__":"cc.Node","_name":"icon","_parent":{"__id__":22},"_level":5,"_components":[{"__type__":"cc.Sprite","node":{"__id__":23},"_spriteFrame":{"__uuid__":"a5VA/dOa5Lzp4qv+laGmmo"}}],"_prefab":{"__type__":"cc.PrefabInfo","root":{"__id__":1},"asset":{"__uuid__":"c3rn5l8/tCEYqRYjPeQiyB"},"fileId":"82ys4NAThDg6dZi4ZfDy8Q"},"_contentSize":{"__type__":"cc.Size","width":53,"height":49},"_scale":{"__type__":"cc.Vec3","x":1,"y":1,"z":1}},{"__type__":"cc.Node","_name":"num","_parent":{"__id__":22},"_level":5,"_components":[{"__type__":"cc.Label","node":{"__id__":24},"_srcBlendFactor":1,"_string":"x1000","_N$string":"x1000","_fontSize":36,"_N$file":{"__uuid__":"7ayuTvAx5NSIJwUPtdCD7i"},"_isSystemFontUsed":false,"_N$horizontalAlign":1,"_N$verticalAlign":1}],"_prefab":{"__type__":"cc.PrefabInfo","root":{"__id__":1},"asset":{"__uuid__":"c3rn5l8/tCEYqRYjPeQiyB"},"fileId":"6em1r6p2xKGINxZvsV7lMP"},"_color":{"__type__":"cc.Color","r":87,"g":70,"b":43},"_contentSize":{"__type__":"cc.Size","width":125.58,"height":40},"_anchorPoint":{"__type__":"cc.Vec2","y":0.5},"_position":{"__type__":"cc.Vec3","x":30,"y":-10},"_scale":{"__type__":"cc.Vec3","x":1,"y":1,"z":1}},{"__type__":"cc.Node","_name":"btnDouble","_parent":{"__id__":3},"_children":[{"__id__":26}],"_level":4,"_components":[{"__type__":"cc.Sprite","node":{"__id__":25},"_spriteFrame":{"__uuid__":"b2r1P66zxJ7J+ouqVaQngb"}},{"__type__":"cc.Button","node":{"__id__":25},"zoomScale":1.1,"_N$transition":3,"transition":3,"_N$target":{"__id__":25}}],"_prefab":{"__type__":"cc.PrefabInfo","root":{"__id__":1},"asset":{"__uuid__":"c3rn5l8/tCEYqRYjPeQiyB"},"fileId":"a5NRLW9rpBba7gBNBz5drj"},"_contentSize":{"__type__":"cc.Size","width":82,"height":82},"_position":{"__type__":"cc.Vec3","x":200,"y":-165},"_scale":{"__type__":"cc.Vec3","x":1,"y":1,"z":1}},{"__type__":"cc.Node","_name":"lab","_parent":{"__id__":25},"_level":5,"_components":[{"__type__":"cc.Label","node":{"__id__":26},"_srcBlendFactor":1,"_string":"x2","_N$string":"x2","_fontSize":23,"_lineHeight":30,"_N$file":{"__uuid__":"7ayuTvAx5NSIJwUPtdCD7i"},"_isSystemFontUsed":false,"_N$horizontalAlign":1,"_N$verticalAlign":1}],"_prefab":{"__type__":"cc.PrefabInfo","root":{"__id__":1},"asset":{"__uuid__":"c3rn5l8/tCEYqRYjPeQiyB"},"fileId":"09qjBy22tEdpljkJk6LfGK"},"_contentSize":{"__type__":"cc.Size","width":33.83,"height":30},"_position":{"__type__":"cc.Vec3","y":-25},"_scale":{"__type__":"cc.Vec3","x":1,"y":1,"z":1}},{"__type__":"cc.Node","_name":"btnShare","_parent":{"__id__":3},"_children":[{"__id__":28}],"_level":4,"_components":[{"__type__":"cc.Sprite","node":{"__id__":27},"_spriteFrame":{"__uuid__":"b7/xT48V1Af5ltuJYLaIgC"},"_type":1},{"__type__":"cc.Button","node":{"__id__":27},"zoomScale":1.1,"_N$transition":3,"transition":3,"_N$normalColor":{"__type__":"cc.Color","r":255,"g":255,"b":255},"_N$pressedColor":{"__type__":"cc.Color","r":255,"g":255,"b":255},"pressedColor":{"__type__":"cc.Color","r":255,"g":255,"b":255},"_N$disabledColor":{"__type__":"cc.Color","r":255,"g":255,"b":255},"_N$normalSprite":{"__uuid__":"b7/xT48V1Af5ltuJYLaIgC"},"_N$pressedSprite":{"__uuid__":"e97GVMl6JHh5Ml5qEDdSGa"},"pressedSprite":{"__uuid__":"e97GVMl6JHh5Ml5qEDdSGa"},"_N$hoverSprite":{"__uuid__":"f0BIwQ8D5Ml7nTNQbh1YlS"},"hoverSprite":{"__uuid__":"f0BIwQ8D5Ml7nTNQbh1YlS"},"_N$disabledSprite":{"__uuid__":"29FYIk+N1GYaeWH/q1NxQO"},"_N$target":{"__id__":27}}],"_prefab":{"__type__":"cc.PrefabInfo","root":{"__id__":1},"asset":{"__uuid__":"c3rn5l8/tCEYqRYjPeQiyB"},"fileId":"a4SFnC1QBKGocgGj1mUVQ9"},"_contentSize":{"__type__":"cc.Size","width":82,"height":82},"_position":{"__type__":"cc.Vec3","x":80,"y":-165},"_scale":{"__type__":"cc.Vec3","x":1,"y":1,"z":1}},{"__type__":"cc.Node","_name":"lab","_parent":{"__id__":27},"_level":5,"_components":[{"__type__":"cc.Label","node":{"__id__":28},"_srcBlendFactor":1,"_string":"x2","_N$string":"x2","_fontSize":23,"_lineHeight":30,"_N$file":{"__uuid__":"7ayuTvAx5NSIJwUPtdCD7i"},"_isSystemFontUsed":false,"_N$horizontalAlign":1,"_N$verticalAlign":1}],"_prefab":{"__type__":"cc.PrefabInfo","root":{"__id__":1},"asset":{"__uuid__":"c3rn5l8/tCEYqRYjPeQiyB"},"fileId":"21vRbubndDu5RYc/DeGWPV"},"_contentSize":{"__type__":"cc.Size","width":33.83,"height":30},"_position":{"__type__":"cc.Vec3","y":-25},"_scale":{"__type__":"cc.Vec3","x":1,"y":1,"z":1}},{"__type__":"cc.Node","_name":"btnReplay","_parent":{"__id__":3},"_children":[{"__id__":30}],"_level":4,"_components":[{"__type__":"cc.Sprite","node":{"__id__":29},"_spriteFrame":{"__uuid__":"bfh5zPFBtItoEk+H3aUbx3"},"_type":1},{"__type__":"cc.Button","node":{"__id__":29},"zoomScale":1.1,"_N$transition":3,"transition":3,"_N$normalColor":{"__type__":"cc.Color","r":255,"g":255,"b":255},"_N$pressedColor":{"__type__":"cc.Color","r":255,"g":255,"b":255},"pressedColor":{"__type__":"cc.Color","r":255,"g":255,"b":255},"_N$disabledColor":{"__type__":"cc.Color","r":255,"g":255,"b":255},"_N$normalSprite":{"__uuid__":"bfh5zPFBtItoEk+H3aUbx3"},"_N$pressedSprite":{"__uuid__":"e97GVMl6JHh5Ml5qEDdSGa"},"pressedSprite":{"__uuid__":"e97GVMl6JHh5Ml5qEDdSGa"},"_N$hoverSprite":{"__uuid__":"f0BIwQ8D5Ml7nTNQbh1YlS"},"hoverSprite":{"__uuid__":"f0BIwQ8D5Ml7nTNQbh1YlS"},"_N$disabledSprite":{"__uuid__":"29FYIk+N1GYaeWH/q1NxQO"},"_N$target":{"__id__":29}}],"_prefab":{"__type__":"cc.PrefabInfo","root":{"__id__":1},"asset":{"__uuid__":"c3rn5l8/tCEYqRYjPeQiyB"},"fileId":"50bpKVdMxLFql6hsLqj/H8"},"_contentSize":{"__type__":"cc.Size","width":252,"height":94},"_position":{"__type__":"cc.Vec3","x":-145,"y":-285},"_scale":{"__type__":"cc.Vec3","x":1,"y":1,"z":1}},{"__type__":"cc.Node","_name":"lab","_parent":{"__id__":29},"_components":[{"__type__":"cc.Label","node":{"__id__":30},"_srcBlendFactor":1,"_useOriginalSize":false,"_string":"重  玩","_N$string":"重  玩","_fontSize":32,"_enableWrapText":false,"_N$file":{"__uuid__":"7ayuTvAx5NSIJwUPtdCD7i"},"_isSystemFontUsed":false,"_N$horizontalAlign":1,"_N$verticalAlign":1},{"__type__":"cc.LabelOutline","node":{"__id__":30},"_color":{"__type__":"cc.Color","r":30,"g":8,"b":5},"_width":3}],"_prefab":{"__type__":"cc.PrefabInfo","root":{"__id__":1},"asset":{"__uuid__":"c3rn5l8/tCEYqRYjPeQiyB"},"fileId":"5dQLwrzKpKB6BXyETJGaJB"},"_contentSize":{"__type__":"cc.Size","width":102,"height":40},"_scale":{"__type__":"cc.Vec3","x":1,"y":1,"z":1}},{"__type__":"cc.Node","_name":"btnNext","_parent":{"__id__":3},"_children":[{"__id__":32}],"_level":4,"_components":[{"__type__":"cc.Sprite","node":{"__id__":31},"_spriteFrame":{"__uuid__":"bfh5zPFBtItoEk+H3aUbx3"},"_type":1},{"__type__":"cc.Button","node":{"__id__":31},"zoomScale":1.1,"_N$transition":3,"transition":3,"_N$normalColor":{"__type__":"cc.Color","r":255,"g":255,"b":255},"_N$pressedColor":{"__type__":"cc.Color","r":255,"g":255,"b":255},"pressedColor":{"__type__":"cc.Color","r":255,"g":255,"b":255},"_N$disabledColor":{"__type__":"cc.Color","r":255,"g":255,"b":255},"_N$normalSprite":{"__uuid__":"bfh5zPFBtItoEk+H3aUbx3"},"_N$pressedSprite":{"__uuid__":"e97GVMl6JHh5Ml5qEDdSGa"},"pressedSprite":{"__uuid__":"e97GVMl6JHh5Ml5qEDdSGa"},"_N$hoverSprite":{"__uuid__":"f0BIwQ8D5Ml7nTNQbh1YlS"},"hoverSprite":{"__uuid__":"f0BIwQ8D5Ml7nTNQbh1YlS"},"_N$disabledSprite":{"__uuid__":"29FYIk+N1GYaeWH/q1NxQO"},"_N$target":{"__id__":31}}],"_prefab":{"__type__":"cc.PrefabInfo","root":{"__id__":1},"asset":{"__uuid__":"c3rn5l8/tCEYqRYjPeQiyB"},"fileId":"74FCVl5KhFG5lpbk2TFqGf"},"_contentSize":{"__type__":"cc.Size","width":252,"height":94},"_position":{"__type__":"cc.Vec3","x":145,"y":-285},"_scale":{"__type__":"cc.Vec3","x":1,"y":1,"z":1}},{"__type__":"cc.Node","_name":"lab","_parent":{"__id__":31},"_components":[{"__type__":"cc.Label","node":{"__id__":32},"_srcBlendFactor":1,"_useOriginalSize":false,"_string":"下 一 关","_N$string":"下 一 关","_fontSize":32,"_enableWrapText":false,"_N$file":{"__uuid__":"7ayuTvAx5NSIJwUPtdCD7i"},"_isSystemFontUsed":false,"_N$horizontalAlign":1,"_N$verticalAlign":1},{"__type__":"cc.LabelOutline","node":{"__id__":32},"_color":{"__type__":"cc.Color","r":30,"g":8,"b":5},"_width":3}],"_prefab":{"__type__":"cc.PrefabInfo","root":{"__id__":1},"asset":{"__uuid__":"c3rn5l8/tCEYqRYjPeQiyB"},"fileId":"7aoLHWnX5LNbv8ChlApDnK"},"_contentSize":{"__type__":"cc.Size","width":134,"height":40},"_scale":{"__type__":"cc.Vec3","x":1,"y":1,"z":1}},{"__type__":"cc.Node","_name":"btnReturn","_parent":{"__id__":3},"_level":4,"_components":[{"__type__":"cc.Sprite","node":{"__id__":33},"_spriteFrame":{"__uuid__":"19RQ4sCm9DSZuY2virIq2R"},"_sizeMode":0},{"__type__":"cc.Button","node":{"__id__":33},"zoomScale":1.1,"_N$transition":3,"transition":3}],"_prefab":{"__type__":"cc.PrefabInfo","root":{"__id__":1},"asset":{"__uuid__":"c3rn5l8/tCEYqRYjPeQiyB"},"fileId":"674vS/+shL0q+6iWAKhCOJ"},"_contentSize":{"__type__":"cc.Size","width":60,"height":60},"_position":{"__type__":"cc.Vec3","x":270,"y":310},"_scale":{"__type__":"cc.Vec3","x":1,"y":1,"z":1}},{"__type__":"cc.Node","_name":"Settle","_parent":{"__id__":3},"_children":[{"__id__":35},{"__id__":37},{"__id__":39},{"__id__":41},{"__id__":43},{"__id__":45},{"__id__":47},{"__id__":49}],"_level":4,"_components":[{"__type__":"cc.Layout","node":{"__id__":34},"_layoutSize":{"__type__":"cc.Size","width":503.12000000000006,"height":270},"_resize":1,"_N$layoutType":3,"_N$startAxis":1,"_N$spacingX":140}],"_prefab":{"__type__":"cc.PrefabInfo","root":{"__id__":1},"asset":{"__uuid__":"c3rn5l8/tCEYqRYjPeQiyB"},"fileId":"99adBJWJpD/ZnlZGKOGOP3"},"_contentSize":{"__type__":"cc.Size","width":503.12000000000006,"height":270},"_anchorPoint":{"__type__":"cc.Vec2","x":0.41,"y":1},"_position":{"__type__":"cc.Vec3","x":-64,"y":-375},"_scale":{"__type__":"cc.Vec3","x":1,"y":1,"z":1}},{"__type__":"cc.Node","_name":"white","_parent":{"__id__":34},"_children":[{"__id__":36}],"_level":5,"_components":[{"__type__":"cc.Label","node":{"__id__":35},"_srcBlendFactor":1,"_string":"白色水晶:","_N$string":"白色水晶:","_lineHeight":45,"_N$file":{"__uuid__":"7ayuTvAx5NSIJwUPtdCD7i"},"_isSystemFontUsed":false,"_N$horizontalAlign":1,"_N$verticalAlign":1}],"_prefab":{"__type__":"cc.PrefabInfo","root":{"__id__":1},"asset":{"__uuid__":"c3rn5l8/tCEYqRYjPeQiyB"},"fileId":"21V98hrhRGOowfmIVggMYI"},"_contentSize":{"__type__":"cc.Size","width":181.56,"height":45},"_position":{"__type__":"cc.Vec3","x":-115.4992,"y":-22.5},"_scale":{"__type__":"cc.Vec3","x":1,"y":1,"z":1}},{"__type__":"cc.Node","_name":"count","_parent":{"__id__":35},"_level":6,"_components":[{"__type__":"cc.Label","node":{"__id__":36},"_srcBlendFactor":1,"_string":"0","_N$string":"0","_lineHeight":45,"_N$file":{"__uuid__":"7ayuTvAx5NSIJwUPtdCD7i"},"_isSystemFontUsed":false,"_N$horizontalAlign":1,"_N$verticalAlign":1}],"_prefab":{"__type__":"cc.PrefabInfo","root":{"__id__":1},"asset":{"__uuid__":"c3rn5l8/tCEYqRYjPeQiyB"},"fileId":"72b5f96A9Drb6d6ep3tkEM"},"_contentSize":{"__type__":"cc.Size","width":30.39,"height":45},"_anchorPoint":{"__type__":"cc.Vec2","y":0.5},"_position":{"__type__":"cc.Vec3","x":100},"_scale":{"__type__":"cc.Vec3","x":1,"y":1,"z":1}},{"__type__":"cc.Node","_name":"green","_parent":{"__id__":34},"_children":[{"__id__":38}],"_level":5,"_components":[{"__type__":"cc.Label","node":{"__id__":37},"_srcBlendFactor":1,"_string":"绿色水晶:","_N$string":"绿色水晶:","_lineHeight":45,"_N$file":{"__uuid__":"7ayuTvAx5NSIJwUPtdCD7i"},"_isSystemFontUsed":false,"_N$horizontalAlign":1,"_N$verticalAlign":1}],"_prefab":{"__type__":"cc.PrefabInfo","root":{"__id__":1},"asset":{"__uuid__":"c3rn5l8/tCEYqRYjPeQiyB"},"fileId":"e4di4a+PNLAJRkgOfaCB3c"},"_contentSize":{"__type__":"cc.Size","width":181.56,"height":45},"_position":{"__type__":"cc.Vec3","x":-115.4992,"y":-67.5},"_scale":{"__type__":"cc.Vec3","x":1,"y":1,"z":1}},{"__type__":"cc.Node","_name":"count","_parent":{"__id__":37},"_level":6,"_components":[{"__type__":"cc.Label","node":{"__id__":38},"_srcBlendFactor":1,"_string":"0","_N$string":"0","_lineHeight":45,"_N$file":{"__uuid__":"7ayuTvAx5NSIJwUPtdCD7i"},"_isSystemFontUsed":false,"_N$horizontalAlign":1,"_N$verticalAlign":1}],"_prefab":{"__type__":"cc.PrefabInfo","root":{"__id__":1},"asset":{"__uuid__":"c3rn5l8/tCEYqRYjPeQiyB"},"fileId":"e1cf4Uz2NDPZ1sYH/AeZn/"},"_contentSize":{"__type__":"cc.Size","width":30.39,"height":45},"_anchorPoint":{"__type__":"cc.Vec2","y":0.5},"_position":{"__type__":"cc.Vec3","x":100},"_scale":{"__type__":"cc.Vec3","x":1,"y":1,"z":1}},{"__type__":"cc.Node","_name":"blue","_parent":{"__id__":34},"_children":[{"__id__":40}],"_level":5,"_components":[{"__type__":"cc.Label","node":{"__id__":39},"_srcBlendFactor":1,"_string":"蓝色水晶:","_N$string":"蓝色水晶:","_lineHeight":45,"_N$file":{"__uuid__":"7ayuTvAx5NSIJwUPtdCD7i"},"_isSystemFontUsed":false,"_N$horizontalAlign":1,"_N$verticalAlign":1}],"_prefab":{"__type__":"cc.PrefabInfo","root":{"__id__":1},"asset":{"__uuid__":"c3rn5l8/tCEYqRYjPeQiyB"},"fileId":"97YuT+mURBKJlsSK1G/6Y2"},"_contentSize":{"__type__":"cc.Size","width":181.56,"height":45},"_position":{"__type__":"cc.Vec3","x":-115.4992,"y":-112.5},"_scale":{"__type__":"cc.Vec3","x":1,"y":1,"z":1}},{"__type__":"cc.Node","_name":"count","_parent":{"__id__":39},"_level":6,"_components":[{"__type__":"cc.Label","node":{"__id__":40},"_srcBlendFactor":1,"_string":"0","_N$string":"0","_lineHeight":45,"_N$file":{"__uuid__":"7ayuTvAx5NSIJwUPtdCD7i"},"_isSystemFontUsed":false,"_N$horizontalAlign":1,"_N$verticalAlign":1}],"_prefab":{"__type__":"cc.PrefabInfo","root":{"__id__":1},"asset":{"__uuid__":"c3rn5l8/tCEYqRYjPeQiyB"},"fileId":"96D8lO3+pDNpjT0NARN+mB"},"_contentSize":{"__type__":"cc.Size","width":30.39,"height":45},"_anchorPoint":{"__type__":"cc.Vec2","y":0.5},"_position":{"__type__":"cc.Vec3","x":100},"_scale":{"__type__":"cc.Vec3","x":1,"y":1,"z":1}},{"__type__":"cc.Node","_name":"purple","_parent":{"__id__":34},"_children":[{"__id__":42}],"_level":5,"_components":[{"__type__":"cc.Label","node":{"__id__":41},"_srcBlendFactor":1,"_string":"紫色水晶:","_N$string":"紫色水晶:","_lineHeight":45,"_N$file":{"__uuid__":"7ayuTvAx5NSIJwUPtdCD7i"},"_isSystemFontUsed":false,"_N$horizontalAlign":1,"_N$verticalAlign":1}],"_prefab":{"__type__":"cc.PrefabInfo","root":{"__id__":1},"asset":{"__uuid__":"c3rn5l8/tCEYqRYjPeQiyB"},"fileId":"60EXU7WyxB06FE4DX+h12F"},"_contentSize":{"__type__":"cc.Size","width":181.56,"height":45},"_position":{"__type__":"cc.Vec3","x":-115.4992,"y":-157.5},"_scale":{"__type__":"cc.Vec3","x":1,"y":1,"z":1}},{"__type__":"cc.Node","_name":"count","_parent":{"__id__":41},"_level":6,"_components":[{"__type__":"cc.Label","node":{"__id__":42},"_srcBlendFactor":1,"_string":"0","_N$string":"0","_lineHeight":45,"_N$file":{"__uuid__":"7ayuTvAx5NSIJwUPtdCD7i"},"_isSystemFontUsed":false,"_N$horizontalAlign":1,"_N$verticalAlign":1}],"_prefab":{"__type__":"cc.PrefabInfo","root":{"__id__":1},"asset":{"__uuid__":"c3rn5l8/tCEYqRYjPeQiyB"},"fileId":"33xHiFOINE4JzSJ7zHe6za"},"_contentSize":{"__type__":"cc.Size","width":30.39,"height":45},"_anchorPoint":{"__type__":"cc.Vec2","y":0.5},"_position":{"__type__":"cc.Vec3","x":100},"_scale":{"__type__":"cc.Vec3","x":1,"y":1,"z":1}},{"__type__":"cc.Node","_name":"orange","_parent":{"__id__":34},"_children":[{"__id__":44}],"_level":5,"_components":[{"__type__":"cc.Label","node":{"__id__":43},"_srcBlendFactor":1,"_string":"橙色水晶:","_N$string":"橙色水晶:","_lineHeight":45,"_N$file":{"__uuid__":"7ayuTvAx5NSIJwUPtdCD7i"},"_isSystemFontUsed":false,"_N$horizontalAlign":1,"_N$verticalAlign":1}],"_prefab":{"__type__":"cc.PrefabInfo","root":{"__id__":1},"asset":{"__uuid__":"c3rn5l8/tCEYqRYjPeQiyB"},"fileId":"82WBcQ9NVLWKN65Dxqyjjo"},"_contentSize":{"__type__":"cc.Size","width":181.56,"height":45},"_position":{"__type__":"cc.Vec3","x":-115.4992,"y":-202.5},"_scale":{"__type__":"cc.Vec3","x":1,"y":1,"z":1}},{"__type__":"cc.Node","_name":"count","_parent":{"__id__":43},"_level":6,"_components":[{"__type__":"cc.Label","node":{"__id__":44},"_srcBlendFactor":1,"_string":"0","_N$string":"0","_lineHeight":45,"_N$file":{"__uuid__":"7ayuTvAx5NSIJwUPtdCD7i"},"_isSystemFontUsed":false,"_N$horizontalAlign":1,"_N$verticalAlign":1}],"_prefab":{"__type__":"cc.PrefabInfo","root":{"__id__":1},"asset":{"__uuid__":"c3rn5l8/tCEYqRYjPeQiyB"},"fileId":"ee4rIrhRpCTJE94gp6XPyA"},"_contentSize":{"__type__":"cc.Size","width":30.39,"height":45},"_anchorPoint":{"__type__":"cc.Vec2","y":0.5},"_position":{"__type__":"cc.Vec3","x":100},"_scale":{"__type__":"cc.Vec3","x":1,"y":1,"z":1}},{"__type__":"cc.Node","_name":"red","_parent":{"__id__":34},"_children":[{"__id__":46}],"_level":5,"_components":[{"__type__":"cc.Label","node":{"__id__":45},"_srcBlendFactor":1,"_string":"红色水晶:","_N$string":"红色水晶:","_lineHeight":45,"_N$file":{"__uuid__":"7ayuTvAx5NSIJwUPtdCD7i"},"_isSystemFontUsed":false,"_N$horizontalAlign":1,"_N$verticalAlign":1}],"_prefab":{"__type__":"cc.PrefabInfo","root":{"__id__":1},"asset":{"__uuid__":"c3rn5l8/tCEYqRYjPeQiyB"},"fileId":"2a72VfvA9JBpFSlUJUirgw"},"_contentSize":{"__type__":"cc.Size","width":181.56,"height":45},"_position":{"__type__":"cc.Vec3","x":-115.4992,"y":-247.5},"_scale":{"__type__":"cc.Vec3","x":1,"y":1,"z":1}},{"__type__":"cc.Node","_name":"count","_parent":{"__id__":45},"_level":6,"_components":[{"__type__":"cc.Label","node":{"__id__":46},"_srcBlendFactor":1,"_string":"0","_N$string":"0","_lineHeight":45,"_N$file":{"__uuid__":"7ayuTvAx5NSIJwUPtdCD7i"},"_isSystemFontUsed":false,"_N$horizontalAlign":1,"_N$verticalAlign":1}],"_prefab":{"__type__":"cc.PrefabInfo","root":{"__id__":1},"asset":{"__uuid__":"c3rn5l8/tCEYqRYjPeQiyB"},"fileId":"a7i+0LezJAnK029QqviB52"},"_contentSize":{"__type__":"cc.Size","width":30.39,"height":45},"_anchorPoint":{"__type__":"cc.Vec2","y":0.5},"_position":{"__type__":"cc.Vec3","x":100},"_scale":{"__type__":"cc.Vec3","x":1,"y":1,"z":1}},{"__type__":"cc.Node","_name":"venom","_parent":{"__id__":34},"_children":[{"__id__":48}],"_level":5,"_components":[{"__type__":"cc.Label","node":{"__id__":47},"_srcBlendFactor":1,"_string":"毒素水晶:","_N$string":"毒素水晶:","_lineHeight":45,"_N$file":{"__uuid__":"7ayuTvAx5NSIJwUPtdCD7i"},"_isSystemFontUsed":false,"_N$horizontalAlign":1,"_N$verticalAlign":1}],"_prefab":{"__type__":"cc.PrefabInfo","root":{"__id__":1},"asset":{"__uuid__":"c3rn5l8/tCEYqRYjPeQiyB"},"fileId":"ffbfaGVDNASpD26nlLljwd"},"_contentSize":{"__type__":"cc.Size","width":181.56,"height":45},"_position":{"__type__":"cc.Vec3","x":206.06080000000003,"y":-22.5},"_scale":{"__type__":"cc.Vec3","x":1,"y":1,"z":1}},{"__type__":"cc.Node","_name":"count","_parent":{"__id__":47},"_level":6,"_components":[{"__type__":"cc.Label","node":{"__id__":48},"_srcBlendFactor":1,"_string":"0","_N$string":"0","_lineHeight":45,"_N$file":{"__uuid__":"7ayuTvAx5NSIJwUPtdCD7i"},"_isSystemFontUsed":false,"_N$horizontalAlign":1,"_N$verticalAlign":1}],"_prefab":{"__type__":"cc.PrefabInfo","root":{"__id__":1},"asset":{"__uuid__":"c3rn5l8/tCEYqRYjPeQiyB"},"fileId":"d3kUO1FaFHi5dQuGAF1mLi"},"_contentSize":{"__type__":"cc.Size","width":30.39,"height":45},"_anchorPoint":{"__type__":"cc.Vec2","y":0.5},"_position":{"__type__":"cc.Vec3","x":100},"_scale":{"__type__":"cc.Vec3","x":1,"y":1,"z":1}},{"__type__":"cc.Node","_name":"ice","_parent":{"__id__":34},"_children":[{"__id__":50}],"_level":5,"_components":[{"__type__":"cc.Label","node":{"__id__":49},"_srcBlendFactor":1,"_string":"冰冻水晶:","_N$string":"冰冻水晶:","_lineHeight":45,"_N$file":{"__uuid__":"7ayuTvAx5NSIJwUPtdCD7i"},"_isSystemFontUsed":false,"_N$horizontalAlign":1,"_N$verticalAlign":1}],"_prefab":{"__type__":"cc.PrefabInfo","root":{"__id__":1},"asset":{"__uuid__":"c3rn5l8/tCEYqRYjPeQiyB"},"fileId":"f7ju27u8VKb4pJdzE0nVHT"},"_contentSize":{"__type__":"cc.Size","width":181.56,"height":45},"_position":{"__type__":"cc.Vec3","x":206.06080000000003,"y":-67.5},"_scale":{"__type__":"cc.Vec3","x":1,"y":1,"z":1}},{"__type__":"cc.Node","_name":"count","_parent":{"__id__":49},"_level":6,"_components":[{"__type__":"cc.Label","node":{"__id__":50},"_srcBlendFactor":1,"_string":"0","_N$string":"0","_lineHeight":45,"_N$file":{"__uuid__":"7ayuTvAx5NSIJwUPtdCD7i"},"_isSystemFontUsed":false,"_N$horizontalAlign":1,"_N$verticalAlign":1}],"_prefab":{"__type__":"cc.PrefabInfo","root":{"__id__":1},"asset":{"__uuid__":"c3rn5l8/tCEYqRYjPeQiyB"},"fileId":"49B6tWLbtMEao0MszrblFT"},"_contentSize":{"__type__":"cc.Size","width":30.39,"height":45},"_anchorPoint":{"__type__":"cc.Vec2","y":0.5},"_position":{"__type__":"cc.Vec3","x":100},"_scale":{"__type__":"cc.Vec3","x":1,"y":1,"z":1}}]