[{"__type__":"cc.Prefab","_name":"Diamond","data":{"__id__":1}},{"__type__":"cc.Node","_name":"Diamond","_children":[{"__id__":2},{"__id__":3},{"__id__":4}],"_level":1,"_components":[{"__type__":"38fadmA+n1IN6bT09+2SZfE","node":{"__id__":1}}],"_prefab":{"__type__":"cc.PrefabInfo","root":{"__id__":1},"asset":{"__uuid__":"9bHG1vAPVBXaxaQjUU5L/L"},"fileId":"6dLbkQ3GpMxJk8hIvIswo5"},"_contentSize":{"__type__":"cc.Size","width":64,"height":64},"_anchorPoint":{"__type__":"cc.Vec2"},"_scale":{"__type__":"cc.Vec3","x":1,"y":1,"z":1}},{"__type__":"cc.Node","_name":"Animaion","_parent":{"__id__":1},"_level":2,"_components":[{"__type__":"sp.Skeleton","node":{"__id__":2},"defaultAnimation":1,"_N$skeletonData":{"__uuid__":"85l1PKl1NGnZNy/DQRyt/U"}}],"_prefab":{"__type__":"cc.PrefabInfo","root":{"__id__":1},"asset":{"__uuid__":"9bHG1vAPVBXaxaQjUU5L/L"},"fileId":"66uSfZ7rBNV6IgGFJ9iApH"},"_contentSize":{"__type__":"cc.Size","width":962,"height":1730},"_anchorPoint":{"__type__":"cc.Vec2"},"_position":{"__type__":"cc.Vec3","x":32,"y":16},"_scale":{"__type__":"cc.Vec3","x":0.7,"y":0.7,"z":1}},{"__type__":"cc.Node","_name":"Slime","_parent":{"__id__":1},"_active":false,"_level":2,"_components":[{"__type__":"sp.Skeleton","node":{"__id__":3},"defaultAnimation":"Chixu","_N$skeletonData":{"__uuid__":"f6hg2RkVJOb4WX4f07NaLl"}},{"__type__":"bfba9BRyU5PU68ytArLi0Bq","node":{"__id__":3}}],"_prefab":{"__type__":"cc.PrefabInfo","root":{"__id__":1},"asset":{"__uuid__":"9bHG1vAPVBXaxaQjUU5L/L"},"fileId":"2ev0BJV8hJS7Vf64BATnrt"},"_contentSize":{"__type__":"cc.Size","width":639,"height":1136},"_anchorPoint":{"__type__":"cc.Vec2"},"_position":{"__type__":"cc.Vec3","x":32,"y":24.1},"_scale":{"__type__":"cc.Vec3","x":1,"y":1,"z":1}},{"__type__":"cc.Node","_name":"Ice","_parent":{"__id__":1},"_active":false,"_level":2,"_components":[{"__type__":"sp.Skeleton","node":{"__id__":4},"defaultAnimation":"Chixu","_N$skeletonData":{"__uuid__":"07bzuDHhNFuqeex6B3JGFf"}},{"__type__":"7d3d13RHEhDv7q4TS2XVdBX","node":{"__id__":4}}],"_prefab":{"__type__":"cc.PrefabInfo","root":{"__id__":1},"asset":{"__uuid__":"9bHG1vAPVBXaxaQjUU5L/L"},"fileId":"9aqmS0KYRGrLaT0UAXgl7I"},"_contentSize":{"__type__":"cc.Size","width":50.89,"height":63.98},"_anchorPoint":{"__type__":"cc.Vec2"},"_position":{"__type__":"cc.Vec3","x":34.4,"y":22.1},"_scale":{"__type__":"cc.Vec3","x":1,"y":1,"z":1}}]