[{"__type__":"cc.Prefab","_name":"Popup","data":{"__id__":1}},{"__type__":"cc.Node","_name":"Popup","_children":[{"__id__":2},{"__id__":3}],"_level":1,"_components":[{"__type__":"cc.Button","node":{"__id__":1},"_N$target":{"__id__":1}}],"_prefab":{"__type__":"cc.PrefabInfo","root":{"__id__":1},"asset":{"__uuid__":"9b6AvG5JRB6JYN26UUaJ0q"},"fileId":"62UK2kGIdPOqdUuwy+MUqB"},"_contentSize":{"__type__":"cc.Size","width":1460,"height":2206},"_scale":{"__type__":"cc.Vec3","x":1,"y":1,"z":1}},{"__type__":"cc.Node","_name":"bg","_parent":{"__id__":1},"_level":3,"_components":[{"__type__":"cc.Sprite","node":{"__id__":2},"_spriteFrame":{"__uuid__":"c6aEsZi7ZLuYOy5nnW0Ibk"},"_sizeMode":0}],"_prefab":{"__type__":"cc.PrefabInfo","root":{"__id__":1},"asset":{"__uuid__":"9b6AvG5JRB6JYN26UUaJ0q"},"fileId":"23yoWCC15KJKtpmnstXjJa"},"_opacity":100,"_color":{"__type__":"cc.Color"},"_contentSize":{"__type__":"cc.Size","width":1460,"height":2206},"_scale":{"__type__":"cc.Vec3","x":1,"y":1,"z":1}},{"__type__":"cc.Node","_name":"box","_parent":{"__id__":1},"_children":[{"__id__":4},{"__id__":5},{"__id__":8},{"__id__":9},{"__id__":10},{"__id__":11},{"__id__":13}],"_level":3,"_prefab":{"__type__":"cc.PrefabInfo","root":{"__id__":1},"asset":{"__uuid__":"9b6AvG5JRB6JYN26UUaJ0q"},"fileId":"8fPQdDUdhIFaXsrWwyqMiQ"},"_contentSize":{"__type__":"cc.Size","width":700,"height":400},"_scale":{"__type__":"cc.Vec3","x":1,"y":1,"z":1}},{"__type__":"cc.Node","_name":"bg1","_parent":{"__id__":3},"_level":4,"_components":[{"__type__":"cc.Sprite","node":{"__id__":4},"_spriteFrame":{"__uuid__":"dfYWpFoPxIfJaDY6gYnCT2"},"_type":1,"_sizeMode":0}],"_prefab":{"__type__":"cc.PrefabInfo","root":{"__id__":1},"asset":{"__uuid__":"9b6AvG5JRB6JYN26UUaJ0q"},"fileId":"0bmx2LnXxOoKfNztnYxKjc"},"_contentSize":{"__type__":"cc.Size","width":700,"height":600},"_scale":{"__type__":"cc.Vec3","x":1,"y":1,"z":1},"_rotationX":-3,"_rotationY":-3,"_quat":{"__type__":"cc.Quat","z":0.026176948307873153,"w":0.9996573249755573}},{"__type__":"cc.Node","_name":"bg2","_parent":{"__id__":3},"_children":[{"__id__":6},{"__id__":7}],"_level":4,"_components":[{"__type__":"cc.Sprite","node":{"__id__":5},"_spriteFrame":{"__uuid__":"faaNIqbD1Ar6/pqAdxak38"},"_type":1,"_sizeMode":0}],"_prefab":{"__type__":"cc.PrefabInfo","root":{"__id__":1},"asset":{"__uuid__":"9b6AvG5JRB6JYN26UUaJ0q"},"fileId":"1cdp7UFyxNNIExDT0gfeR4"},"_contentSize":{"__type__":"cc.Size","width":700,"height":610},"_position":{"__type__":"cc.Vec3","y":-11},"_scale":{"__type__":"cc.Vec3","x":1,"y":1,"z":1}},{"__type__":"cc.Node","_name":"Bg_Decorate_4","_parent":{"__id__":5},"_level":5,"_components":[{"__type__":"cc.Sprite","node":{"__id__":6},"_spriteFrame":{"__uuid__":"01Px1stkJPoLuRx/NYLdHY"}}],"_prefab":{"__type__":"cc.PrefabInfo","root":{"__id__":1},"asset":{"__uuid__":"9b6AvG5JRB6JYN26UUaJ0q"},"fileId":"fa7LjjDABDtKyGaZ5xyypU"},"_contentSize":{"__type__":"cc.Size","width":22,"height":33},"_position":{"__type__":"cc.Vec3","x":-340,"y":189},"_scale":{"__type__":"cc.Vec3","x":1,"y":1,"z":1}},{"__type__":"cc.Node","_name":"Bg_Decorate_3","_parent":{"__id__":5},"_level":5,"_components":[{"__type__":"cc.Sprite","node":{"__id__":7},"_spriteFrame":{"__uuid__":"98xDcSD71ER7K7FrzreuEq"}}],"_prefab":{"__type__":"cc.PrefabInfo","root":{"__id__":1},"asset":{"__uuid__":"9b6AvG5JRB6JYN26UUaJ0q"},"fileId":"f9cD//S/hLII/aF7GtX1KH"},"_contentSize":{"__type__":"cc.Size","width":36,"height":37},"_position":{"__type__":"cc.Vec3","x":333,"y":-180},"_scale":{"__type__":"cc.Vec3","x":1,"y":1,"z":1}},{"__type__":"cc.Node","_name":"bg3","_parent":{"__id__":3},"_level":4,"_components":[{"__type__":"cc.Sprite","node":{"__id__":8},"_spriteFrame":{"__uuid__":"7bn7+/6hhLVLXUI9RIakGR"},"_sizeMode":0}],"_prefab":{"__type__":"cc.PrefabInfo","root":{"__id__":1},"asset":{"__uuid__":"9b6AvG5JRB6JYN26UUaJ0q"},"fileId":"57vls43RtHcY0j3efkIYNL"},"_contentSize":{"__type__":"cc.Size","width":600,"height":300},"_position":{"__type__":"cc.Vec3","y":50},"_scale":{"__type__":"cc.Vec3","x":1,"y":1,"z":1}},{"__type__":"cc.Node","_name":"title","_parent":{"__id__":3},"_level":4,"_components":[{"__type__":"cc.Label","node":{"__id__":9},"_srcBlendFactor":1,"_string":"提示","_N$string":"提示","_fontSize":80,"_lineHeight":85,"_N$file":{"__uuid__":"7ayuTvAx5NSIJwUPtdCD7i"},"_isSystemFontUsed":false,"_N$horizontalAlign":1,"_N$verticalAlign":1},{"__type__":"cc.LabelOutline","node":{"__id__":9},"_color":{"__type__":"cc.Color"},"_width":3}],"_prefab":{"__type__":"cc.PrefabInfo","root":{"__id__":1},"asset":{"__uuid__":"9b6AvG5JRB6JYN26UUaJ0q"},"fileId":"49zjm9/YVGxoSlHez/aRQb"},"_color":{"__type__":"cc.Color","r":255,"g":226,"b":29},"_contentSize":{"__type__":"cc.Size","width":166,"height":85},"_position":{"__type__":"cc.Vec3","y":295},"_scale":{"__type__":"cc.Vec3","x":1,"y":1,"z":1}},{"__type__":"cc.Node","_name":"content","_parent":{"__id__":3},"_level":4,"_components":[{"__type__":"cc.Label","node":{"__id__":10},"_srcBlendFactor":1,"_string":"确定放弃当前进度并退出关卡？","_N$string":"确定放弃当前进度并退出关卡？","_N$file":{"__uuid__":"7ayuTvAx5NSIJwUPtdCD7i"},"_isSystemFontUsed":false,"_N$horizontalAlign":1,"_N$verticalAlign":1,"_N$overflow":3}],"_prefab":{"__type__":"cc.PrefabInfo","root":{"__id__":1},"asset":{"__uuid__":"9b6AvG5JRB6JYN26UUaJ0q"},"fileId":"f24pWVhWdN8IMaaKmjoWvL"},"_color":{"__type__":"cc.Color","r":87,"g":70,"b":43},"_contentSize":{"__type__":"cc.Size","width":560,"height":40},"_position":{"__type__":"cc.Vec3","y":50},"_scale":{"__type__":"cc.Vec3","x":1,"y":1,"z":1}},{"__type__":"cc.Node","_name":"btnConfirm","_parent":{"__id__":3},"_children":[{"__id__":12}],"_level":4,"_components":[{"__type__":"cc.Sprite","node":{"__id__":11},"_spriteFrame":{"__uuid__":"bfh5zPFBtItoEk+H3aUbx3"},"_type":1},{"__type__":"cc.Button","node":{"__id__":11},"zoomScale":1.1,"_N$transition":3,"transition":3,"_N$normalColor":{"__type__":"cc.Color","r":255,"g":255,"b":255},"_N$pressedColor":{"__type__":"cc.Color","r":255,"g":255,"b":255},"pressedColor":{"__type__":"cc.Color","r":255,"g":255,"b":255},"_N$disabledColor":{"__type__":"cc.Color","r":255,"g":255,"b":255},"_N$normalSprite":{"__uuid__":"bfh5zPFBtItoEk+H3aUbx3"},"_N$pressedSprite":{"__uuid__":"e97GVMl6JHh5Ml5qEDdSGa"},"pressedSprite":{"__uuid__":"e97GVMl6JHh5Ml5qEDdSGa"},"_N$hoverSprite":{"__uuid__":"f0BIwQ8D5Ml7nTNQbh1YlS"},"hoverSprite":{"__uuid__":"f0BIwQ8D5Ml7nTNQbh1YlS"},"_N$disabledSprite":{"__uuid__":"29FYIk+N1GYaeWH/q1NxQO"},"_N$target":{"__id__":11}}],"_prefab":{"__type__":"cc.PrefabInfo","root":{"__id__":1},"asset":{"__uuid__":"9b6AvG5JRB6JYN26UUaJ0q"},"fileId":"e7E0XqJAlPD7Ym3KnOcBpV"},"_contentSize":{"__type__":"cc.Size","width":252,"height":94},"_position":{"__type__":"cc.Vec3","x":-150,"y":-180},"_scale":{"__type__":"cc.Vec3","x":1,"y":1,"z":1}},{"__type__":"cc.Node","_name":"lab","_parent":{"__id__":11},"_components":[{"__type__":"cc.Label","node":{"__id__":12},"_srcBlendFactor":1,"_useOriginalSize":false,"_string":"确  认","_N$string":"确  认","_fontSize":35,"_enableWrapText":false,"_N$file":{"__uuid__":"7ayuTvAx5NSIJwUPtdCD7i"},"_isSystemFontUsed":false,"_N$horizontalAlign":1,"_N$verticalAlign":1},{"__type__":"cc.LabelOutline","node":{"__id__":12},"_color":{"__type__":"cc.Color","r":30,"g":8,"b":5},"_width":3}],"_prefab":{"__type__":"cc.PrefabInfo","root":{"__id__":1},"asset":{"__uuid__":"9b6AvG5JRB6JYN26UUaJ0q"},"fileId":"79JZRcHRVAFZ2/OpPTyhjK"},"_contentSize":{"__type__":"cc.Size","width":111,"height":40},"_scale":{"__type__":"cc.Vec3","x":1,"y":1,"z":1}},{"__type__":"cc.Node","_name":"btnCancel","_parent":{"__id__":3},"_children":[{"__id__":14}],"_level":4,"_components":[{"__type__":"cc.Sprite","node":{"__id__":13},"_spriteFrame":{"__uuid__":"bfh5zPFBtItoEk+H3aUbx3"},"_type":1},{"__type__":"cc.Button","node":{"__id__":13},"zoomScale":1.1,"_N$transition":3,"transition":3,"_N$normalColor":{"__type__":"cc.Color","r":255,"g":255,"b":255},"_N$pressedColor":{"__type__":"cc.Color","r":255,"g":255,"b":255},"pressedColor":{"__type__":"cc.Color","r":255,"g":255,"b":255},"_N$disabledColor":{"__type__":"cc.Color","r":255,"g":255,"b":255},"_N$normalSprite":{"__uuid__":"bfh5zPFBtItoEk+H3aUbx3"},"_N$pressedSprite":{"__uuid__":"e97GVMl6JHh5Ml5qEDdSGa"},"pressedSprite":{"__uuid__":"e97GVMl6JHh5Ml5qEDdSGa"},"_N$hoverSprite":{"__uuid__":"f0BIwQ8D5Ml7nTNQbh1YlS"},"hoverSprite":{"__uuid__":"f0BIwQ8D5Ml7nTNQbh1YlS"},"_N$disabledSprite":{"__uuid__":"29FYIk+N1GYaeWH/q1NxQO"},"_N$target":{"__id__":13}}],"_prefab":{"__type__":"cc.PrefabInfo","root":{"__id__":1},"asset":{"__uuid__":"9b6AvG5JRB6JYN26UUaJ0q"},"fileId":"07+kcjuRpJd5/pw4Louocq"},"_contentSize":{"__type__":"cc.Size","width":252,"height":94},"_position":{"__type__":"cc.Vec3","x":150,"y":-180},"_scale":{"__type__":"cc.Vec3","x":1,"y":1,"z":1}},{"__type__":"cc.Node","_name":"lab","_parent":{"__id__":13},"_components":[{"__type__":"cc.Label","node":{"__id__":14},"_srcBlendFactor":1,"_useOriginalSize":false,"_string":"取  消","_N$string":"取  消","_fontSize":35,"_enableWrapText":false,"_N$file":{"__uuid__":"7ayuTvAx5NSIJwUPtdCD7i"},"_isSystemFontUsed":false,"_N$horizontalAlign":1,"_N$verticalAlign":1},{"__type__":"cc.LabelOutline","node":{"__id__":14},"_color":{"__type__":"cc.Color","r":30,"g":8,"b":5},"_width":3}],"_prefab":{"__type__":"cc.PrefabInfo","root":{"__id__":1},"asset":{"__uuid__":"9b6AvG5JRB6JYN26UUaJ0q"},"fileId":"b7bQW/k8tAFZCDsB+vJgKL"},"_contentSize":{"__type__":"cc.Size","width":111,"height":40},"_scale":{"__type__":"cc.Vec3","x":1,"y":1,"z":1}}]