[{"__type__":"cc.Prefab","_name":"TriggerProg","data":{"__id__":1}},{"__type__":"cc.Node","_name":"TriggerProg","_children":[{"__id__":2}],"_level":1,"_components":[{"__type__":"cc.Sprite","node":{"__id__":1},"_spriteFrame":{"__uuid__":"61tVr6u29PWobJ4ZSZPY1K"},"_sizeMode":0,"_fillType":2,"_fillCenter":{"__type__":"cc.Vec2","x":0.5,"y":0.5}},{"__type__":"cc.ProgressBar","node":{"__id__":1},"_N$totalLength":0.9,"_N$barSprite":{"__id__":3},"_N$mode":2,"_N$progress":0}],"_prefab":{"__type__":"cc.PrefabInfo","root":{"__id__":1},"asset":{"__uuid__":"2c7hNfeD9GIrfYc8K9QnPs"},"fileId":"9esmdWB7tAsJzN9ZFKeuyO"},"_contentSize":{"__type__":"cc.Size","width":70,"height":60},"_scale":{"__type__":"cc.Vec3","x":-1,"y":1,"z":1}},{"__type__":"cc.Node","_name":"bar","_parent":{"__id__":1},"_level":3,"_components":[{"__id__":3}],"_prefab":{"__type__":"cc.PrefabInfo","root":{"__id__":1},"asset":{"__uuid__":"2c7hNfeD9GIrfYc8K9QnPs"},"fileId":"d8wzG9QxNIpJc9Wzq+2QbB"},"_contentSize":{"__type__":"cc.Size","width":70,"height":60},"_scale":{"__type__":"cc.Vec3","x":1,"y":1,"z":1}},{"__type__":"cc.Sprite","node":{"__id__":2},"_spriteFrame":{"__uuid__":"2eQz2Hri9KVrWm1qOF7Jwh"},"_type":3,"_sizeMode":0,"_fillType":2,"_fillCenter":{"__type__":"cc.Vec2","x":0.5,"y":0.5},"_fillStart":0.8}]