{"__type__":"sp.SkeletonData","_name":"Player_Shouhu","_native":"raw-skeleton.json","_skeletonJson":{"skeleton":{"hash":"K5SJL11R9CUnxwSv7JAC5bPxVIo","spine":"3.6.53","width":639,"height":1136,"images":"./images/"},"bones":[{"name":"root"},{"name":"Chibang","parent":"root","x":3.11,"y":35.31},{"name":"Zi","parent":"root","x":2.31,"y":86.9}],"slots":[{"name":"Bg","bone":"root"},{"name":"Chibang","bone":"Chibang","attachment":"3"},{"name":"Zi","bone":"Zi","attachment":"Xin"}],"skins":{"default":{"Chibang":{"0":{"x":1.39,"y":0.69,"width":102,"height":87},"1":{"x":1.39,"y":0.69,"width":102,"height":87},"2":{"x":1.39,"y":0.69,"width":102,"height":87},"3":{"x":1.39,"y":0.69,"width":102,"height":87}},"Zi":{"Shibai":{"x":6.16,"y":-1.49,"scaleX":0.393,"scaleY":0.393,"width":340,"height":37},"Xin":{"x":-2.15,"y":1.19,"scaleX":0.34,"scaleY":0.34,"width":161,"height":69}}}},"animations":{"Shibai":{"slots":{"Chibang":{"attachment":[{"time":0,"name":null},{"time":0.5667,"name":null}]},"Zi":{"color":[{"time":0,"color":"ffffff00"},{"time":0.1,"color":"ffffffff","curve":"stepped"},{"time":0.2333,"color":"ffffffff"},{"time":0.5667,"color":"ffffff00"}],"attachment":[{"time":0,"name":"Shibai"},{"time":0.5667,"name":null}]}},"bones":{"Zi":{"rotate":[{"time":0,"angle":0,"curve":"stepped"},{"time":0.5667,"angle":0}],"translate":[{"time":0,"x":0,"y":0},{"time":0.5667,"x":0,"y":5.9}],"scale":[{"time":0,"x":1,"y":1,"curve":"stepped"},{"time":0.5667,"x":1,"y":1}],"shear":[{"time":0,"x":0,"y":0,"curve":"stepped"},{"time":0.5667,"x":0,"y":0}]},"Chibang":{"rotate":[{"time":0,"angle":0,"curve":"stepped"},{"time":0.5667,"angle":0}],"translate":[{"time":0,"x":0,"y":0,"curve":"stepped"},{"time":0.5667,"x":0,"y":0}],"scale":[{"time":0,"x":1,"y":1,"curve":"stepped"},{"time":0.5667,"x":1,"y":1}],"shear":[{"time":0,"x":0,"y":0,"curve":"stepped"},{"time":0.5667,"x":0,"y":0}]}}},"Shouhu":{"slots":{"Chibang":{"color":[{"time":0,"color":"ffffff00"},{"time":0.1333,"color":"ffffffff","curve":"stepped"},{"time":0.3333,"color":"ffffffff"},{"time":1,"color":"ffffff00"}],"attachment":[{"time":0,"name":null},{"time":0.0667,"name":"2"},{"time":0.1333,"name":"3"},{"time":0.2,"name":"0"},{"time":1,"name":null}]},"Zi":{"color":[{"time":0,"color":"ffffff00","curve":"stepped"},{"time":0.2667,"color":"ffffff00"},{"time":0.3667,"color":"ffffffff","curve":"stepped"},{"time":0.5,"color":"ffffffff"},{"time":0.8333,"color":"ffffff00"}],"attachment":[{"time":0,"name":null},{"time":0.2667,"name":"Xin"},{"time":1,"name":null}]}},"bones":{"Zi":{"rotate":[{"time":0,"angle":0,"curve":"stepped"},{"time":1,"angle":0}],"translate":[{"time":0,"x":0,"y":0,"curve":"stepped"},{"time":0.2667,"x":0,"y":0},{"time":0.8333,"x":0,"y":5.9,"curve":"stepped"},{"time":1,"x":0,"y":5.9}],"scale":[{"time":0,"x":1,"y":1,"curve":"stepped"},{"time":1,"x":1,"y":1}],"shear":[{"time":0,"x":0,"y":0,"curve":"stepped"},{"time":1,"x":0,"y":0}]},"Chibang":{"rotate":[{"time":0,"angle":0,"curve":"stepped"},{"time":1,"angle":0}],"translate":[{"time":0,"x":0,"y":0,"curve":[0,0.49,0.75,1]},{"time":0.2,"x":0,"y":2.08,"curve":[0.25,0,1,0.33]},{"time":1,"x":0,"y":8.67}],"scale":[{"time":0,"x":1,"y":1},{"time":1,"x":1.201,"y":1.201}],"shear":[{"time":0,"x":0,"y":0,"curve":"stepped"},{"time":1,"x":0,"y":0}]}}}}},"_atlasText":"\nPlayer_Shouhu.png\nsize: 1024,128\nformat: RGBA8888\nfilter: Linear,Linear\nrepeat: none\n0\n  rotate: false\n  xy: 344, 23\n  size: 102, 87\n  orig: 102, 87\n  offset: 0, 0\n  index: -1\n1\n  rotate: false\n  xy: 448, 23\n  size: 102, 87\n  orig: 102, 87\n  offset: 0, 0\n  index: -1\n2\n  rotate: false\n  xy: 552, 23\n  size: 102, 87\n  orig: 102, 87\n  offset: 0, 0\n  index: -1\n3\n  rotate: false\n  xy: 656, 23\n  size: 102, 87\n  orig: 102, 87\n  offset: 0, 0\n  index: -1\nShibai\n  rotate: false\n  xy: 2, 73\n  size: 340, 37\n  orig: 340, 37\n  offset: 0, 0\n  index: -1\nXin\n  rotate: false\n  xy: 2, 2\n  size: 161, 69\n  orig: 161, 69\n  offset: 0, 0\n  index: -1\n","textures":[{"__uuid__":"7b5/a+EUtOQ5FzwbOSzGzP"}],"textureNames":["Player_Shouhu.png"]}