{"skeleton":{"hash":"avqa5EBvXeRnMGsLh/rsH7Z5Iuo","spine":"3.6.53","width":50.89,"height":63.98,"images":"./images/"},"bones":[{"name":"root"},{"name":"Bing","parent":"root","length":58.03,"rotation":91.97,"x":-2.92,"y":8.56,"scaleX":0.727,"scaleY":0.727}],"slots":[{"name":"Bg","bone":"root"},{"name":"Bing","bone":"Bing","attachment":"Bing"}],"skins":{"default":{"Bing":{"Bing":{"x":28.88,"y":-4,"rotation":-91.97,"width":70,"height":88}}}},"animations":{"Chixu":{"slots":{"Bing":{"color":[{"time":0,"color":"ffffffff"}]}},"bones":{"root":{"rotate":[{"time":0,"angle":0}],"translate":[{"time":0,"x":0,"y":0}],"scale":[{"time":0,"x":1,"y":1}],"shear":[{"time":0,"x":0,"y":0}]},"Bing":{"rotate":[{"time":0,"angle":0}],"translate":[{"time":0,"x":0,"y":0}],"scale":[{"time":0,"x":1,"y":1}],"shear":[{"time":0,"x":0,"y":0}]}}},"Chuxian":{"slots":{"Bing":{"color":[{"time":0,"color":"ffffff00","curve":[0.25,0,1,0.19]},{"time":1,"color":"ffffffff"}]}},"bones":{"root":{"rotate":[{"time":0,"angle":0,"curve":"stepped"},{"time":1,"angle":0}],"translate":[{"time":0,"x":0,"y":0,"curve":"stepped"},{"time":1,"x":0,"y":0}],"scale":[{"time":0,"x":1,"y":1,"curve":"stepped"},{"time":1,"x":1,"y":1}],"shear":[{"time":0,"x":0,"y":0,"curve":"stepped"},{"time":1,"x":0,"y":0}]},"Bing":{"rotate":[{"time":0,"angle":0,"curve":"stepped"},{"time":1,"angle":0}],"translate":[{"time":0,"x":0,"y":0,"curve":"stepped"},{"time":1,"x":0,"y":0}],"scale":[{"time":0,"x":1,"y":1,"curve":"stepped"},{"time":1,"x":1,"y":1}],"shear":[{"time":0,"x":0,"y":0,"curve":"stepped"},{"time":1,"x":0,"y":0}]}}}}}