{"__type__":"sp.SkeletonData","_name":"Player_shan","_native":"raw-skeleton.json","_skeletonJson":{"skeleton":{"hash":"xDKKYi1S+reVM1MJTz9NnZ7DwmE","spine":"3.6.53","width":962,"height":1730,"images":"./images/"},"bones":[{"name":"root"},{"name":"Bing","parent":"root","x":7.67,"y":54.1},{"name":"Guang","parent":"root","length":69.33,"rotation":90,"x":6.32,"y":-10.29},{"name":"Shan","parent":"root","rotation":0.04,"x":1,"y":33.03}],"slots":[{"name":"Bg","bone":"root","color":"7a7a7aff"},{"name":"Guang","bone":"Guang","attachment":"1"},{"name":"Shan","bone":"Shan","attachment":"_frame_9"},{"name":"Bing","bone":"Bing","attachment":"Bing6"}],"skins":{"default":{"Bing":{"Bing1":{"x":-1.58,"y":3.69,"width":61,"height":61},"Bing2":{"x":0.92,"y":9.69,"width":78,"height":75},"Bing3":{"x":1.42,"y":6.69,"width":93,"height":81},"Bing4":{"x":-3.58,"y":7.19,"width":115,"height":92},"Bing5":{"x":-1.08,"y":6.19,"width":118,"height":112},"Bing6":{"x":0.92,"y":6.69,"width":124,"height":125},"Bing7":{"x":0.42,"y":5.69,"width":141,"height":143},"Bing8":{"x":0.42,"y":8.69,"width":151,"height":145},"Bing9":{"x":0.42,"y":10.69,"width":165,"height":147},"Bing10":{"x":1.92,"y":1.19,"width":172,"height":134},"Bing11":{"x":0.42,"y":14.19,"width":191,"height":120},"Bing12":{"x":0.42,"y":5.19,"width":165,"height":118},"Bing13":{"x":0.92,"y":10.19,"width":184,"height":120}},"Guang":{"1":{"x":14.23,"y":3.17,"rotation":-90,"width":63,"height":45},"2":{"x":23.23,"y":3.17,"rotation":-90,"width":69,"height":69},"3":{"x":31.73,"y":3.67,"rotation":-90,"width":70,"height":80},"4":{"x":56.73,"y":-3.33,"rotation":-90,"width":116,"height":128},"5":{"x":45.23,"y":-8.33,"rotation":-90,"width":118,"height":123},"6":{"x":65.23,"y":-1.83,"rotation":-90,"width":103,"height":129},"7":{"x":65.23,"y":1.67,"rotation":-90,"width":122,"height":99},"8":{"x":65.23,"y":-1.25,"rotation":-90,"width":107,"height":115},"9":{"x":70.23,"y":-1.92,"rotation":-90,"width":94,"height":111},"10":{"x":64.73,"y":-1.83,"rotation":-90,"width":109,"height":126},"11":{"x":72.23,"y":-7.33,"rotation":-90,"width":120,"height":101}},"Shan":{"_frame_0":{"x":29.89,"y":32.21,"width":377,"height":422},"_frame_1":{"x":29.89,"y":32.21,"width":377,"height":422},"_frame_2":{"x":29.89,"y":32.21,"width":377,"height":422},"_frame_3":{"x":29.89,"y":32.21,"width":377,"height":422},"_frame_4":{"x":29.89,"y":32.21,"width":377,"height":422},"_frame_5":{"x":29.89,"y":32.21,"width":377,"height":422},"_frame_6":{"x":29.89,"y":32.21,"width":377,"height":422},"_frame_7":{"x":29.89,"y":32.21,"width":377,"height":422},"_frame_8":{"x":29.89,"y":32.21,"width":377,"height":422},"_frame_9":{"x":29.89,"y":32.21,"width":377,"height":422},"_frame_10":{"x":29.89,"y":32.21,"width":377,"height":422}}}},"events":{"Bing":{}},"animations":{"Shan":{"slots":{"Bing":{"color":[{"time":0,"color":"ffffffff","curve":"stepped"},{"time":1.1667,"color":"ffffffff"},{"time":1.3,"color":"ffffff00"}],"attachment":[{"time":0,"name":null},{"time":0.7667,"name":"Bing1"},{"time":0.8,"name":"Bing2"},{"time":0.8333,"name":"Bing3"},{"time":0.8667,"name":"Bing4"},{"time":0.9,"name":"Bing5"},{"time":0.9333,"name":"Bing6"},{"time":0.9667,"name":"Bing7"},{"time":1,"name":"Bing8"},{"time":1.0333,"name":"Bing9"},{"time":1.0667,"name":"Bing10"},{"time":1.1,"name":"Bing11"},{"time":1.1333,"name":"Bing12"},{"time":1.1667,"name":"Bing13"},{"time":1.3,"name":null}]},"Guang":{"attachment":[{"time":0,"name":null},{"time":0.4333,"name":"1"},{"time":0.4667,"name":"2"},{"time":0.5,"name":"3"},{"time":0.5333,"name":"4"},{"time":0.5667,"name":"5"},{"time":0.6,"name":"6"},{"time":0.6333,"name":"7"},{"time":0.6667,"name":"8"},{"time":0.7,"name":"9"},{"time":0.7333,"name":"10"},{"time":0.7667,"name":"11"},{"time":0.8,"name":null},{"time":1.3,"name":null}]},"Shan":{"attachment":[{"time":0,"name":null},{"time":0.0333,"name":"_frame_0"},{"time":0.0667,"name":"_frame_1"},{"time":0.1,"name":"_frame_2"},{"time":0.1333,"name":"_frame_3"},{"time":0.1667,"name":"_frame_4"},{"time":0.2,"name":"_frame_5"},{"time":0.2333,"name":"_frame_6"},{"time":0.2667,"name":"_frame_7"},{"time":0.3,"name":"_frame_8"},{"time":0.3333,"name":"_frame_9"},{"time":0.3667,"name":"_frame_10"},{"time":0.4,"name":null},{"time":1.3,"name":null}]}},"bones":{"Shan":{"rotate":[{"time":0,"angle":0,"curve":"stepped"},{"time":1.3,"angle":0}],"translate":[{"time":0,"x":1.88,"y":0,"curve":"stepped"},{"time":1.3,"x":1.88,"y":0}],"scale":[{"time":0,"x":1,"y":1,"curve":"stepped"},{"time":1.3,"x":1,"y":1}],"shear":[{"time":0,"x":0,"y":0,"curve":"stepped"},{"time":1.3,"x":0,"y":0}]},"Guang":{"rotate":[{"time":0,"angle":0,"curve":"stepped"},{"time":1.3,"angle":0}],"translate":[{"time":0,"x":-1.88,"y":9.88,"curve":"stepped"},{"time":1.3,"x":-1.88,"y":9.88}],"scale":[{"time":0,"x":1.3,"y":1.3,"curve":"stepped"},{"time":1.3,"x":1.3,"y":1.3}],"shear":[{"time":0,"x":0,"y":0,"curve":"stepped"},{"time":1.3,"x":0,"y":0}]},"Bing":{"rotate":[{"time":0,"angle":0,"curve":"stepped"},{"time":1.3,"angle":0}],"translate":[{"time":0,"x":-0.57,"y":24.58,"curve":"stepped"},{"time":1.3,"x":-0.57,"y":24.58}],"scale":[{"time":0,"x":1,"y":1,"curve":"stepped"},{"time":1.1667,"x":1,"y":1},{"time":1.3,"x":1.2,"y":1.2}],"shear":[{"time":0,"x":0,"y":0,"curve":"stepped"},{"time":1.3,"x":0,"y":0}]},"root":{"rotate":[{"time":0,"angle":0,"curve":"stepped"},{"time":1.3,"angle":0}],"translate":[{"time":0,"x":0,"y":0,"curve":"stepped"},{"time":1.3,"x":0,"y":0}],"scale":[{"time":0,"x":1,"y":1,"curve":"stepped"},{"time":1.3,"x":1,"y":1}],"shear":[{"time":0,"x":0,"y":0,"curve":"stepped"},{"time":1.3,"x":0,"y":0}]}},"events":[{"time":0.7667,"name":"Bing"}]}}},"_atlasText":"\nPlayer_shan.png\nsize: 1024,1024\nformat: RGBA8888\nfilter: Linear,Linear\nrepeat: none\n4\n  rotate: false\n  xy: 764, 29\n  size: 114, 126\n  orig: 116, 128\n  offset: 1, 1\n  index: -1\nBing10\n  rotate: false\n  xy: 290, 35\n  size: 170, 132\n  orig: 172, 134\n  offset: 1, 1\n  index: -1\nBing11\n  rotate: true\n  xy: 876, 237\n  size: 189, 118\n  orig: 191, 120\n  offset: 1, 1\n  index: -1\nBing12\n  rotate: true\n  xy: 462, 4\n  size: 163, 116\n  orig: 165, 118\n  offset: 1, 1\n  index: -1\nBing13\n  rotate: false\n  xy: 580, 37\n  size: 182, 118\n  orig: 184, 120\n  offset: 1, 1\n  index: -1\nBing4\n  rotate: false\n  xy: 880, 2\n  size: 113, 90\n  orig: 115, 92\n  offset: 1, 1\n  index: -1\nBing7\n  rotate: false\n  xy: 880, 94\n  size: 139, 141\n  orig: 141, 143\n  offset: 1, 1\n  index: -1\nBing9\n  rotate: true\n  xy: 143, 32\n  size: 163, 145\n  orig: 165, 147\n  offset: 1, 1\n  index: -1\n_frame_0\n  rotate: true\n  xy: 677, 428\n  size: 309, 316\n  orig: 377, 422\n  offset: 11, 12\n  index: -1\n_frame_1\n  rotate: false\n  xy: 298, 169\n  size: 299, 280\n  orig: 377, 422\n  offset: 16, 36\n  index: -1\n_frame_10\n  rotate: false\n  xy: 2, 20\n  size: 139, 175\n  orig: 377, 422\n  offset: 90, 119\n  index: -1\n_frame_4\n  rotate: true\n  xy: 312, 451\n  size: 262, 363\n  orig: 377, 422\n  offset: 29, 10\n  index: -1\n_frame_5\n  rotate: false\n  xy: 2, 197\n  size: 294, 401\n  orig: 377, 422\n  offset: 29, 21\n  index: -1\n_frame_6\n  rotate: false\n  xy: 2, 600\n  size: 308, 422\n  orig: 377, 422\n  offset: 53, 0\n  index: -1\n_frame_7\n  rotate: false\n  xy: 312, 715\n  size: 355, 307\n  orig: 377, 422\n  offset: 22, 32\n  index: -1\n_frame_8\n  rotate: false\n  xy: 669, 739\n  size: 353, 283\n  orig: 377, 422\n  offset: 0, 40\n  index: -1\n_frame_9\n  rotate: false\n  xy: 599, 157\n  size: 275, 269\n  orig: 377, 422\n  offset: 41, 58\n  index: -1\n\nPlayer_shan2.png\nsize: 1024,512\nformat: RGBA8888\nfilter: Linear,Linear\nrepeat: none\n1\n  rotate: false\n  xy: 2, 2\n  size: 61, 43\n  orig: 63, 45\n  offset: 1, 1\n  index: -1\n10\n  rotate: true\n  xy: 662, 399\n  size: 107, 124\n  orig: 109, 126\n  offset: 1, 1\n  index: -1\n11\n  rotate: true\n  xy: 323, 140\n  size: 118, 99\n  orig: 120, 101\n  offset: 1, 1\n  index: -1\n2\n  rotate: false\n  xy: 468, 236\n  size: 67, 67\n  orig: 69, 69\n  offset: 1, 1\n  index: -1\n3\n  rotate: false\n  xy: 398, 283\n  size: 68, 78\n  orig: 70, 80\n  offset: 1, 1\n  index: -1\n5\n  rotate: false\n  xy: 544, 385\n  size: 116, 121\n  orig: 118, 123\n  offset: 1, 1\n  index: -1\n6\n  rotate: true\n  xy: 269, 260\n  size: 101, 127\n  orig: 103, 129\n  offset: 1, 1\n  index: -1\n7\n  rotate: true\n  xy: 224, 136\n  size: 120, 97\n  orig: 122, 99\n  offset: 1, 1\n  index: -1\n8\n  rotate: true\n  xy: 906, 401\n  size: 105, 113\n  orig: 107, 115\n  offset: 1, 1\n  index: -1\n9\n  rotate: true\n  xy: 224, 42\n  size: 92, 109\n  orig: 94, 111\n  offset: 1, 1\n  index: -1\nBing1\n  rotate: false\n  xy: 424, 175\n  size: 59, 59\n  orig: 61, 61\n  offset: 1, 1\n  index: -1\nBing2\n  rotate: true\n  xy: 468, 305\n  size: 76, 73\n  orig: 78, 75\n  offset: 1, 1\n  index: -1\nBing3\n  rotate: true\n  xy: 335, 47\n  size: 91, 79\n  orig: 93, 81\n  offset: 1, 1\n  index: -1\nBing5\n  rotate: false\n  xy: 788, 396\n  size: 116, 110\n  orig: 118, 112\n  offset: 1, 1\n  index: -1\nBing6\n  rotate: false\n  xy: 420, 383\n  size: 122, 123\n  orig: 124, 125\n  offset: 1, 1\n  index: -1\nBing8\n  rotate: false\n  xy: 269, 363\n  size: 149, 143\n  orig: 151, 145\n  offset: 1, 1\n  index: -1\n_frame_2\n  rotate: false\n  xy: 2, 258\n  size: 265, 248\n  orig: 377, 422\n  offset: 35, 49\n  index: -1\n_frame_3\n  rotate: false\n  xy: 2, 47\n  size: 220, 209\n  orig: 377, 422\n  offset: 55, 71\n  index: -1\n","textures":[{"__uuid__":"02ub5axotC4JweOEkiG+lk"},{"__uuid__":"eauaJ9FOVIDrXspeiy6VE+"}],"textureNames":["Player_shan.png","Player_shan2.png"]}