{"skeleton":{"hash":"m/Q5l1jBejNaiJx+AwW3wsxUCJU","spine":"3.6.53","width":639,"height":1136,"images":"./images/"},"bones":[{"name":"root"},{"name":"Du","parent":"root","rotation":90,"x":-68.76,"y":138.51,"scaleX":1.678,"scaleY":1.678,"color":"d700ffff"},{"name":"Guang","parent":"root","x":73.32,"y":-59.18}],"slots":[{"name":"Bg","bone":"root"},{"name":"Du","bone":"Du","attachment":"Du06"},{"name":"Guang","bone":"Guang","attachment":"tongyong_zhiliao_00020"}],"skins":{"default":{"Du":{"Du01":{"width":119,"height":120},"Du02":{"width":119,"height":119},"Du03":{"width":119,"height":119},"Du04":{"rotation":-90,"width":119,"height":119},"Du05":{"rotation":-90,"width":119,"height":119},"Du06":{"x":2.6,"rotation":-90,"width":119,"height":124},"Du07":{"rotation":-90,"width":119,"height":120},"Du08":{"rotation":-90,"width":119,"height":119},"Du09":{"rotation":-90,"width":119,"height":120},"Du10":{"rotation":-90,"width":119,"height":119},"Du11":{"rotation":-90,"width":119,"height":120},"Du12":{"rotation":-90,"width":119,"height":120},"Du13":{"rotation":-90,"width":119,"height":120},"Du14":{"rotation":-90,"width":119,"height":118},"Du15":{"rotation":-90,"width":119,"height":118},"Du16":{"rotation":-90,"width":120,"height":118}},"Guang":{"tongyong_zhiliao_00004":{"x":-2.37,"y":53,"width":150,"height":152},"tongyong_zhiliao_00006":{"x":-2.37,"y":53,"width":150,"height":152},"tongyong_zhiliao_00007":{"x":-2.37,"y":53,"width":150,"height":152},"tongyong_zhiliao_00008":{"x":-2.37,"y":53,"width":150,"height":152},"tongyong_zhiliao_00010":{"x":-2.37,"y":53,"width":150,"height":152},"tongyong_zhiliao_00012":{"x":-2.37,"y":53,"width":150,"height":152},"tongyong_zhiliao_00013":{"x":-2.37,"y":53,"width":150,"height":152},"tongyong_zhiliao_00015":{"x":-2.37,"y":53,"width":150,"height":152},"tongyong_zhiliao_00017":{"x":-2.37,"y":53,"width":150,"height":152},"tongyong_zhiliao_00020":{"x":-2.37,"y":53,"width":150,"height":152}}}},"animations":{"Chixu":{"slots":{"Du":{"color":[{"time":0,"color":"bababaff","curve":"stepped"},{"time":1.0667,"color":"bababaff"}],"attachment":[{"time":0,"name":"Du01"},{"time":0.0667,"name":"Du02"},{"time":0.1333,"name":"Du03"},{"time":0.2,"name":"Du04"},{"time":0.2667,"name":"Du05"},{"time":0.3333,"name":"Du06"},{"time":0.4,"name":"Du07"},{"time":0.4667,"name":"Du08"},{"time":0.5333,"name":"Du09"},{"time":0.6,"name":"Du10"},{"time":0.6667,"name":"Du11"},{"time":0.7333,"name":"Du12"},{"time":0.8,"name":"Du13"},{"time":0.8667,"name":"Du14"},{"time":0.9333,"name":"Du15"},{"time":1,"name":"Du16"},{"time":1.0667,"name":"Du01"}]},"Guang":{"attachment":[{"time":0,"name":null},{"time":1.0667,"name":null}]}},"bones":{"Du":{"rotate":[{"time":0,"angle":0,"curve":"stepped"},{"time":1.0667,"angle":0}],"translate":[{"time":0,"x":68.7,"y":-105.13,"curve":"stepped"},{"time":1.0667,"x":68.7,"y":-105.13}],"scale":[{"time":0,"x":0.373,"y":0.369,"curve":"stepped"},{"time":1.0667,"x":0.373,"y":0.369}],"shear":[{"time":0,"x":0,"y":0,"curve":"stepped"},{"time":1.0667,"x":0,"y":0}]},"root":{"rotate":[{"time":0,"angle":0,"curve":"stepped"},{"time":1.0667,"angle":0}],"translate":[{"time":0,"x":0,"y":0,"curve":"stepped"},{"time":1.0667,"x":0,"y":0}],"scale":[{"time":0,"x":1,"y":1,"curve":"stepped"},{"time":1.0667,"x":1,"y":1}],"shear":[{"time":0,"x":0,"y":0,"curve":"stepped"},{"time":1.0667,"x":0,"y":0}]},"Guang":{"rotate":[{"time":0,"angle":0,"curve":"stepped"},{"time":1.0667,"angle":0}],"translate":[{"time":0,"x":-71.98,"y":66.44,"curve":"stepped"},{"time":1.0667,"x":-71.98,"y":66.44}],"scale":[{"time":0,"x":1,"y":1,"curve":"stepped"},{"time":1.0667,"x":1,"y":1}],"shear":[{"time":0,"x":0,"y":0,"curve":"stepped"},{"time":1.0667,"x":0,"y":0}]}}},"Xiaochu":{"slots":{"Du":{"color":[{"time":0,"color":"bababaff","curve":"stepped"},{"time":0.2667,"color":"bababaff"},{"time":0.7333,"color":"bababa00"},{"time":1.0667,"color":"bababaff"}],"attachment":[{"time":0,"name":"Du01"},{"time":0.0667,"name":"Du02"},{"time":0.1333,"name":"Du03"},{"time":0.2,"name":"Du04"},{"time":0.2667,"name":"Du05"},{"time":0.3333,"name":"Du06"},{"time":0.4,"name":"Du07"},{"time":0.4667,"name":"Du08"},{"time":0.5333,"name":"Du09"},{"time":0.6,"name":"Du10"},{"time":0.6667,"name":"Du11"},{"time":0.7333,"name":"Du12"},{"time":0.8,"name":"Du13"},{"time":0.8667,"name":"Du14"},{"time":0.9333,"name":"Du15"},{"time":1,"name":"Du16"},{"time":1.0667,"name":"Du01"}]},"Guang":{"attachment":[{"time":0,"name":null},{"time":0.0667,"name":"tongyong_zhiliao_00004"},{"time":0.1333,"name":"tongyong_zhiliao_00006"},{"time":0.2,"name":"tongyong_zhiliao_00007"},{"time":0.2667,"name":"tongyong_zhiliao_00008"},{"time":0.3333,"name":"tongyong_zhiliao_00010"},{"time":0.4,"name":"tongyong_zhiliao_00012"},{"time":0.4667,"name":"tongyong_zhiliao_00013"},{"time":0.5333,"name":"tongyong_zhiliao_00015"},{"time":0.6,"name":"tongyong_zhiliao_00017"},{"time":0.6667,"name":"tongyong_zhiliao_00020"},{"time":0.7333,"name":null},{"time":1.0667,"name":null}]}},"bones":{"Du":{"rotate":[{"time":0,"angle":0,"curve":"stepped"},{"time":1.0667,"angle":0}],"translate":[{"time":0,"x":68.7,"y":-105.13,"curve":"stepped"},{"time":1.0667,"x":68.7,"y":-105.13}],"scale":[{"time":0,"x":0.373,"y":0.369,"curve":"stepped"},{"time":1.0667,"x":0.373,"y":0.369}],"shear":[{"time":0,"x":0,"y":0,"curve":"stepped"},{"time":1.0667,"x":0,"y":0}]},"root":{"rotate":[{"time":0,"angle":0,"curve":"stepped"},{"time":1.0667,"angle":0}],"translate":[{"time":0,"x":0,"y":0,"curve":"stepped"},{"time":1.0667,"x":0,"y":0}],"scale":[{"time":0,"x":1,"y":1,"curve":"stepped"},{"time":1.0667,"x":1,"y":1}],"shear":[{"time":0,"x":0,"y":0,"curve":"stepped"},{"time":1.0667,"x":0,"y":0}]},"Guang":{"rotate":[{"time":0,"angle":0,"curve":"stepped"},{"time":1.0667,"angle":0}],"translate":[{"time":0,"x":-71.98,"y":55.6,"curve":"stepped"},{"time":1.0667,"x":-71.98,"y":55.6}],"scale":[{"time":0,"x":0.769,"y":0.769,"curve":"stepped"},{"time":1.0667,"x":0.769,"y":0.769}],"shear":[{"time":0,"x":0,"y":0,"curve":"stepped"},{"time":1.0667,"x":0,"y":0}]}}}}}