{"__type__":"sp.SkeletonData","_name":"Du","_native":"raw-skeleton.json","_skeletonJson":{"skeleton":{"hash":"K3z52OJVMhnxe67C99yzmwTZrF4","spine":"3.6.53","width":639,"height":1136,"images":"./images/"},"bones":[{"name":"root"},{"name":"Du","parent":"root","rotation":90,"x":-68.76,"y":131.09,"scaleX":1.434,"scaleY":1.434,"color":"d700ffff"}],"slots":[{"name":"Bg","bone":"root"},{"name":"Du","bone":"Du","attachment":"Du06"}],"skins":{"default":{"Du":{"Du01":{"width":119,"height":120},"Du02":{"width":119,"height":119},"Du03":{"width":119,"height":119},"Du04":{"rotation":-90,"width":119,"height":119},"Du05":{"rotation":-90,"width":119,"height":119},"Du06":{"x":2.6,"rotation":-90,"width":119,"height":124},"Du07":{"rotation":-90,"width":119,"height":120},"Du08":{"rotation":-90,"width":119,"height":119},"Du09":{"rotation":-90,"width":119,"height":120},"Du10":{"rotation":-90,"width":119,"height":119},"Du11":{"rotation":-90,"width":119,"height":120},"Du12":{"rotation":-90,"width":119,"height":120},"Du13":{"rotation":-90,"width":119,"height":120},"Du14":{"rotation":-90,"width":119,"height":118},"Du15":{"rotation":-90,"width":119,"height":118},"Du16":{"rotation":-90,"width":120,"height":118}}}},"animations":{"Chixu":{"slots":{"Bg":{"attachment":[{"time":0,"name":null},{"time":1.0667,"name":null}]},"Du":{"color":[{"time":0,"color":"bababaff","curve":"stepped"},{"time":1.0667,"color":"bababaff"}],"attachment":[{"time":0,"name":"Du01"},{"time":0.0667,"name":"Du02"},{"time":0.1333,"name":"Du03"},{"time":0.2,"name":"Du04"},{"time":0.2667,"name":"Du05"},{"time":0.3333,"name":"Du06"},{"time":0.4,"name":"Du07"},{"time":0.4667,"name":"Du08"},{"time":0.5333,"name":"Du09"},{"time":0.6,"name":"Du10"},{"time":0.6667,"name":"Du11"},{"time":0.7333,"name":"Du12"},{"time":0.8,"name":"Du13"},{"time":0.8667,"name":"Du14"},{"time":0.9333,"name":"Du15"},{"time":1,"name":"Du16"},{"time":1.0667,"name":"Du01"}]}},"bones":{"Du":{"rotate":[{"time":0,"angle":0,"curve":"stepped"},{"time":1.0667,"angle":0}],"translate":[{"time":0,"x":68.7,"y":-105.13,"curve":"stepped"},{"time":1.0667,"x":68.7,"y":-105.13}],"scale":[{"time":0,"x":0.373,"y":0.369,"curve":"stepped"},{"time":1.0667,"x":0.373,"y":0.369}],"shear":[{"time":0,"x":0,"y":0,"curve":"stepped"},{"time":1.0667,"x":0,"y":0}]},"root":{"rotate":[{"time":0,"angle":0,"curve":"stepped"},{"time":1.0667,"angle":0}],"translate":[{"time":0,"x":0,"y":0,"curve":"stepped"},{"time":1.0667,"x":0,"y":0}],"scale":[{"time":0,"x":1,"y":1,"curve":"stepped"},{"time":1.0667,"x":1,"y":1}],"shear":[{"time":0,"x":0,"y":0,"curve":"stepped"},{"time":1.0667,"x":0,"y":0}]}}},"Chuxian":{"slots":{"Bg":{"attachment":[{"time":0,"name":null},{"time":0.4,"name":null}]},"Du":{"color":[{"time":0,"color":"bababa00"},{"time":0.4,"color":"bababaff"}],"attachment":[{"time":0,"name":"Du11"},{"time":0.0667,"name":"Du12"},{"time":0.1333,"name":"Du13"},{"time":0.2,"name":"Du14"},{"time":0.2667,"name":"Du15"},{"time":0.3333,"name":"Du16"},{"time":0.4,"name":"Du01"}]}},"bones":{"Du":{"rotate":[{"time":0,"angle":0,"curve":"stepped"},{"time":0.4,"angle":0}],"translate":[{"time":0,"x":68.7,"y":-105.13,"curve":"stepped"},{"time":0.4,"x":68.7,"y":-105.13}],"scale":[{"time":0,"x":0.248,"y":0.245},{"time":0.4,"x":0.373,"y":0.369}],"shear":[{"time":0,"x":0,"y":0,"curve":"stepped"},{"time":0.4,"x":0,"y":0}]},"root":{"rotate":[{"time":0,"angle":0,"curve":"stepped"},{"time":0.4,"angle":0}],"translate":[{"time":0,"x":0,"y":0,"curve":"stepped"},{"time":0.4,"x":0,"y":0}],"scale":[{"time":0,"x":1,"y":1,"curve":"stepped"},{"time":0.4,"x":1,"y":1}],"shear":[{"time":0,"x":0,"y":0,"curve":"stepped"},{"time":0.4,"x":0,"y":0}]}}}}},"_atlasText":"\nDu.png\nsize: 1024,256\nformat: RGBA8888\nfilter: Linear,Linear\nrepeat: none\nDu01\n  rotate: false\n  xy: 2, 2\n  size: 119, 120\n  orig: 119, 120\n  offset: 0, 0\n  index: -1\nDu02\n  rotate: false\n  xy: 365, 7\n  size: 119, 119\n  orig: 119, 119\n  offset: 0, 0\n  index: -1\nDu03\n  rotate: false\n  xy: 486, 129\n  size: 119, 119\n  orig: 119, 119\n  offset: 0, 0\n  index: -1\nDu04\n  rotate: false\n  xy: 486, 8\n  size: 119, 119\n  orig: 119, 119\n  offset: 0, 0\n  index: -1\nDu05\n  rotate: false\n  xy: 607, 129\n  size: 119, 119\n  orig: 119, 119\n  offset: 0, 0\n  index: -1\nDu06\n  rotate: false\n  xy: 2, 124\n  size: 119, 124\n  orig: 119, 124\n  offset: 0, 0\n  index: -1\nDu07\n  rotate: false\n  xy: 123, 128\n  size: 119, 120\n  orig: 119, 120\n  offset: 0, 0\n  index: -1\nDu08\n  rotate: false\n  xy: 607, 8\n  size: 119, 119\n  orig: 119, 119\n  offset: 0, 0\n  index: -1\nDu09\n  rotate: false\n  xy: 123, 6\n  size: 119, 120\n  orig: 119, 120\n  offset: 0, 0\n  index: -1\nDu10\n  rotate: false\n  xy: 728, 129\n  size: 119, 119\n  orig: 119, 119\n  offset: 0, 0\n  index: -1\nDu11\n  rotate: false\n  xy: 244, 128\n  size: 119, 120\n  orig: 119, 120\n  offset: 0, 0\n  index: -1\nDu12\n  rotate: false\n  xy: 244, 6\n  size: 119, 120\n  orig: 119, 120\n  offset: 0, 0\n  index: -1\nDu13\n  rotate: false\n  xy: 365, 128\n  size: 119, 120\n  orig: 119, 120\n  offset: 0, 0\n  index: -1\nDu14\n  rotate: false\n  xy: 728, 9\n  size: 119, 118\n  orig: 119, 118\n  offset: 0, 0\n  index: -1\nDu15\n  rotate: false\n  xy: 849, 10\n  size: 119, 118\n  orig: 119, 118\n  offset: 0, 0\n  index: -1\nDu16\n  rotate: false\n  xy: 849, 130\n  size: 120, 118\n  orig: 120, 118\n  offset: 0, 0\n  index: -1\n","textures":[{"__uuid__":"4dLRa/U49K+ZNRVCjHyWX7"}],"textureNames":["Du.png"]}