{"skeleton":{"hash":"AdPp4sBg1HUcUSx5vI1JFMLysuE","spine":"3.6.53","width":962,"height":1730,"images":"./images/"},"bones":[{"name":"root"},{"name":"Bing","parent":"root","length":50.91,"rotation":90,"x":1.81,"y":-3,"scaleX":1.2,"scaleY":1.2},{"name":"Huo","parent":"root","length":45.29,"rotation":90,"x":1.21,"y":-11.06,"scaleX":1.18,"scaleY":1.18,"color":"00ff42ff"},{"name":"Huougang","parent":"root","length":40.03,"rotation":90,"x":-0.58,"y":-2.32,"scaleX":1.33,"scaleY":1.33}],"slots":[{"name":"Bg","bone":"root"},{"name":"Di","bone":"Bing","attachment":"Di"},{"name":"Bing","bone":"Bing","attachment":"Bing3"},{"name":"Huo","bone":"Huo","color":"ffffffaf","attachment":"Huo3"},{"name":"Huo2","bone":"Huo","color":"ffffff5c","attachment":"Huo3","blend":"additive"},{"name":"Huougang","bone":"Huougang","color":"ffffffc4","attachment":"Huougang15"},{"name":"Huougang2","bone":"Huougang","color":"ffffffaf","attachment":"Huougang15","blend":"additive"}],"skins":{"default":{"Bing":{"Bing3":{"x":24.43,"y":1.24,"rotation":-90,"width":68,"height":71},"Bing4":{"x":27.93,"y":-0.26,"rotation":-90,"width":77,"height":88},"Bing5":{"x":18.93,"y":1.24,"rotation":-90,"width":112,"height":120},"Bing6":{"x":21.93,"y":2.74,"rotation":-90,"width":129,"height":118},"Bing7":{"x":10.43,"y":0.24,"rotation":-90,"width":114,"height":95},"Bing8":{"x":15.43,"y":0.74,"rotation":-90,"width":101,"height":93}},"Di":{"Di":{"x":2.89,"y":4.78,"scaleX":1.047,"scaleY":1.047,"rotation":-90,"width":110,"height":63}},"Huo":{"Huo1":{"x":18.07,"y":-0.69,"rotation":-90,"width":79,"height":50},"Huo2":{"x":39.07,"y":2.81,"rotation":-90,"width":104,"height":92},"Huo3":{"x":43.07,"y":1.31,"rotation":-90,"width":119,"height":122},"Huo4":{"x":42.07,"y":6.31,"rotation":-90,"width":113,"height":124},"Huo5":{"x":37.57,"y":8.81,"rotation":-90,"width":132,"height":121},"Huo6":{"x":38.07,"y":2.31,"rotation":-90,"width":123,"height":128},"Huo7":{"x":44.57,"y":6.81,"rotation":-90,"width":66,"height":95}},"Huo2":{"Huo1":{"x":18.07,"y":-0.69,"rotation":-90,"width":79,"height":50},"Huo2":{"x":39.07,"y":2.81,"rotation":-90,"width":104,"height":92},"Huo3":{"x":43.07,"y":1.31,"rotation":-90,"width":119,"height":122},"Huo4":{"x":42.07,"y":6.31,"rotation":-90,"width":113,"height":124},"Huo5":{"x":37.57,"y":8.81,"rotation":-90,"width":132,"height":121},"Huo6":{"x":38.07,"y":2.31,"rotation":-90,"width":123,"height":128},"Huo7":{"x":44.57,"y":6.81,"rotation":-90,"width":66,"height":95}},"Huougang":{"Huougang1":{"x":15.36,"y":-5.83,"rotation":-90,"width":86,"height":87},"Huougang2":{"x":15.86,"y":-4.83,"rotation":-90,"width":90,"height":92},"Huougang3":{"x":16.36,"y":-4.83,"rotation":-90,"width":92,"height":93},"Huougang4":{"x":18.86,"y":-5.33,"rotation":-90,"width":101,"height":104},"Huougang5":{"x":19.36,"y":-4.83,"rotation":-90,"width":102,"height":105},"Huougang6":{"x":18.86,"y":-5.33,"rotation":-90,"width":103,"height":104},"Huougang7":{"x":18.36,"y":-4.83,"rotation":-90,"width":100,"height":103},"Huougang8":{"x":19.86,"y":-3.83,"rotation":-90,"width":98,"height":100},"Huougang9":{"x":19.86,"y":-2.33,"rotation":-90,"width":103,"height":100},"Huougang10":{"x":20.36,"y":-2.33,"rotation":-90,"width":103,"height":99},"Huougang11":{"x":19.86,"y":-2.83,"rotation":-90,"width":102,"height":98},"Huougang12":{"x":19.86,"y":-1.83,"rotation":-90,"width":102,"height":94},"Huougang13":{"x":18.86,"y":-2.33,"rotation":-90,"width":103,"height":86},"Huougang14":{"x":17.36,"y":-1.83,"rotation":-90,"width":102,"height":83},"Huougang15":{"x":14.86,"y":-0.83,"rotation":-90,"width":104,"height":80},"Huougang16":{"x":11.36,"y":-1.83,"rotation":-90,"width":102,"height":71},"Huougang17":{"x":8.36,"y":-1.33,"rotation":-90,"width":101,"height":67},"Huougang18":{"x":6.36,"y":-2.83,"rotation":-90,"width":98,"height":57},"Huougang19":{"x":7.36,"y":-3.83,"rotation":-90,"width":92,"height":49},"Huougang20":{"x":6.36,"y":-2.83,"rotation":-90,"width":82,"height":41},"Huougang21":{"x":4.36,"y":-2.83,"rotation":-90,"width":66,"height":27},"Huougang22":{"x":0.86,"y":-2.33,"rotation":-90,"width":45,"height":18}},"Huougang2":{"Huougang1":{"x":15.36,"y":-5.83,"rotation":-90,"width":86,"height":87},"Huougang2":{"x":15.86,"y":-4.83,"rotation":-90,"width":90,"height":92},"Huougang3":{"x":16.36,"y":-4.83,"rotation":-90,"width":92,"height":93},"Huougang4":{"x":18.86,"y":-5.33,"rotation":-90,"width":101,"height":104},"Huougang5":{"x":19.36,"y":-4.83,"rotation":-90,"width":102,"height":105},"Huougang6":{"x":18.86,"y":-5.33,"rotation":-90,"width":103,"height":104},"Huougang7":{"x":18.36,"y":-4.83,"rotation":-90,"width":100,"height":103},"Huougang8":{"x":19.86,"y":-3.83,"rotation":-90,"width":98,"height":100},"Huougang9":{"x":19.86,"y":-2.33,"rotation":-90,"width":103,"height":100},"Huougang10":{"x":20.36,"y":-2.33,"rotation":-90,"width":103,"height":99},"Huougang11":{"x":19.86,"y":-2.83,"rotation":-90,"width":102,"height":98},"Huougang12":{"x":19.86,"y":-1.83,"rotation":-90,"width":102,"height":94},"Huougang13":{"x":18.86,"y":-2.33,"rotation":-90,"width":103,"height":86},"Huougang14":{"x":17.36,"y":-1.83,"rotation":-90,"width":102,"height":83},"Huougang15":{"x":14.86,"y":-0.83,"rotation":-90,"width":104,"height":80},"Huougang16":{"x":11.36,"y":-1.83,"rotation":-90,"width":102,"height":71},"Huougang17":{"x":8.36,"y":-1.33,"rotation":-90,"width":101,"height":67},"Huougang18":{"x":6.36,"y":-2.83,"rotation":-90,"width":98,"height":57},"Huougang19":{"x":7.36,"y":-3.83,"rotation":-90,"width":92,"height":49},"Huougang20":{"x":6.36,"y":-2.83,"rotation":-90,"width":82,"height":41},"Huougang21":{"x":4.36,"y":-2.83,"rotation":-90,"width":66,"height":27},"Huougang22":{"x":0.86,"y":-2.33,"rotation":-90,"width":45,"height":18}}}},"animations":{"Chixu":{"slots":{"Bing":{"color":[{"time":0,"color":"ffffffff"}],"attachment":[{"time":0,"name":"Bing3"}]},"Di":{"color":[{"time":0,"color":"ffffffff"}]},"Huo":{"attachment":[{"time":0,"name":null}]},"Huo2":{"attachment":[{"time":0,"name":null}]},"Huougang":{"attachment":[{"time":0,"name":null}]},"Huougang2":{"attachment":[{"time":0,"name":null}]}},"bones":{"Bing":{"rotate":[{"time":0,"angle":0}],"translate":[{"time":0,"x":0,"y":0}],"scale":[{"time":0,"x":1,"y":1}],"shear":[{"time":0,"x":0,"y":0}]},"root":{"rotate":[{"time":0,"angle":0}],"translate":[{"time":0,"x":0,"y":0}],"scale":[{"time":0,"x":1,"y":1}],"shear":[{"time":0,"x":0,"y":0}]},"Huo":{"rotate":[{"time":0,"angle":0}],"translate":[{"time":0,"x":0,"y":-1.7}],"scale":[{"time":0,"x":1,"y":1}],"shear":[{"time":0,"x":0,"y":0}]},"Huougang":{"rotate":[{"time":0,"angle":0}],"translate":[{"time":0,"x":0,"y":0}],"scale":[{"time":0,"x":1,"y":1}],"shear":[{"time":0,"x":0,"y":0}]}}},"Jineng":{"slots":{"Bing":{"color":[{"time":0.5667,"color":"ffffffff"},{"time":0.8333,"color":"ffffffda"},{"time":1.0333,"color":"ffffff00"}],"attachment":[{"time":0,"name":"Bing3"}]},"Di":{"color":[{"time":0.5667,"color":"ffffffff"},{"time":0.8333,"color":"ffffffda"},{"time":1.0333,"color":"ffffff00"}]},"Huo":{"attachment":[{"time":0,"name":null},{"time":0.5667,"name":"Huo1"},{"time":0.6333,"name":"Huo2"},{"time":0.7,"name":"Huo3"},{"time":0.7667,"name":"Huo4"},{"time":0.8333,"name":"Huo5"},{"time":0.9,"name":"Huo6"},{"time":0.9667,"name":"Huo7"},{"time":1.0333,"name":null}]},"Huo2":{"attachment":[{"time":0,"name":null},{"time":0.5667,"name":"Huo1"},{"time":0.6333,"name":"Huo2"},{"time":0.7,"name":"Huo3"},{"time":0.7667,"name":"Huo4"},{"time":0.8333,"name":"Huo5"},{"time":0.9,"name":"Huo6"},{"time":0.9667,"name":"Huo7"},{"time":1.0333,"name":null}]},"Huougang":{"attachment":[{"time":0,"name":"Huougang1"},{"time":0.0333,"name":"Huougang2"},{"time":0.0667,"name":"Huougang3"},{"time":0.1,"name":"Huougang4"},{"time":0.1333,"name":"Huougang5"},{"time":0.1667,"name":"Huougang6"},{"time":0.2,"name":"Huougang7"},{"time":0.2333,"name":"Huougang8"},{"time":0.2667,"name":"Huougang9"},{"time":0.3,"name":"Huougang10"},{"time":0.3333,"name":"Huougang11"},{"time":0.3667,"name":"Huougang12"},{"time":0.4,"name":"Huougang13"},{"time":0.4333,"name":"Huougang14"},{"time":0.4667,"name":"Huougang15"},{"time":0.5,"name":"Huougang16"},{"time":0.5333,"name":"Huougang17"},{"time":0.5667,"name":"Huougang18"},{"time":0.6,"name":"Huougang19"},{"time":0.6333,"name":"Huougang20"},{"time":0.6667,"name":"Huougang21"},{"time":0.7,"name":"Huougang22"},{"time":0.7333,"name":null}]},"Huougang2":{"attachment":[{"time":0,"name":"Huougang1"},{"time":0.0333,"name":"Huougang2"},{"time":0.0667,"name":"Huougang3"},{"time":0.1,"name":"Huougang4"},{"time":0.1333,"name":"Huougang5"},{"time":0.1667,"name":"Huougang6"},{"time":0.2,"name":"Huougang7"},{"time":0.2333,"name":"Huougang8"},{"time":0.2667,"name":"Huougang9"},{"time":0.3,"name":"Huougang10"},{"time":0.3333,"name":"Huougang11"},{"time":0.3667,"name":"Huougang12"},{"time":0.4,"name":"Huougang13"},{"time":0.4333,"name":"Huougang14"},{"time":0.4667,"name":"Huougang15"},{"time":0.5,"name":"Huougang16"},{"time":0.5333,"name":"Huougang17"},{"time":0.5667,"name":"Huougang18"},{"time":0.6,"name":"Huougang19"},{"time":0.6333,"name":"Huougang20"},{"time":0.6667,"name":"Huougang21"},{"time":0.7,"name":"Huougang22"},{"time":0.7333,"name":null}]}},"bones":{"Bing":{"rotate":[{"time":0,"angle":0,"curve":"stepped"},{"time":1.0333,"angle":0}],"translate":[{"time":0,"x":0,"y":0,"curve":"stepped"},{"time":1.0333,"x":0,"y":0}],"scale":[{"time":0,"x":1,"y":1,"curve":"stepped"},{"time":1.0333,"x":1,"y":1}],"shear":[{"time":0,"x":0,"y":0,"curve":"stepped"},{"time":1.0333,"x":0,"y":0}]},"root":{"rotate":[{"time":0,"angle":0,"curve":"stepped"},{"time":1.0333,"angle":0}],"translate":[{"time":0,"x":0,"y":0,"curve":"stepped"},{"time":1.0333,"x":0,"y":0}],"scale":[{"time":0,"x":1,"y":1,"curve":"stepped"},{"time":1.0333,"x":1,"y":1}],"shear":[{"time":0,"x":0,"y":0,"curve":"stepped"},{"time":1.0333,"x":0,"y":0}]},"Huo":{"rotate":[{"time":0,"angle":0,"curve":"stepped"},{"time":1.0333,"angle":0}],"translate":[{"time":0,"x":0,"y":-1.7,"curve":"stepped"},{"time":1.0333,"x":0,"y":-1.7}],"scale":[{"time":0,"x":1,"y":1,"curve":"stepped"},{"time":0.5667,"x":1,"y":1},{"time":1.0333,"x":1.2,"y":1.2}],"shear":[{"time":0,"x":0,"y":0,"curve":"stepped"},{"time":1.0333,"x":0,"y":0}]},"Huougang":{"rotate":[{"time":0,"angle":0,"curve":"stepped"},{"time":1.0333,"angle":0}],"translate":[{"time":0,"x":0,"y":4.17,"curve":"stepped"},{"time":1.0333,"x":0,"y":4.17}],"scale":[{"time":0,"x":1,"y":1,"curve":"stepped"},{"time":1.0333,"x":1,"y":1}],"shear":[{"time":0,"x":0,"y":0,"curve":"stepped"},{"time":1.0333,"x":0,"y":0}]}}},"Xiaochu":{"slots":{"Bing":{"color":[{"time":0,"color":"ffffffff","curve":"stepped"},{"time":0.3333,"color":"ffffffff"}],"attachment":[{"time":0,"name":"Bing4"},{"time":0.0667,"name":"Bing5"},{"time":0.1333,"name":"Bing6"},{"time":0.2,"name":"Bing7"},{"time":0.2667,"name":"Bing8"},{"time":0.3333,"name":null}]},"Di":{"color":[{"time":0,"color":"ffffffff"},{"time":0.3333,"color":"ffffff00"}]},"Huo":{"attachment":[{"time":0,"name":null},{"time":0.3333,"name":null}]},"Huo2":{"attachment":[{"time":0,"name":null},{"time":0.3333,"name":null}]},"Huougang":{"attachment":[{"time":0,"name":null},{"time":0.3333,"name":null}]},"Huougang2":{"attachment":[{"time":0,"name":null},{"time":0.3333,"name":null}]}},"bones":{"Bing":{"rotate":[{"time":0,"angle":0,"curve":"stepped"},{"time":0.3333,"angle":0}],"translate":[{"time":0,"x":0,"y":0,"curve":"stepped"},{"time":0.3333,"x":0,"y":0}],"scale":[{"time":0,"x":1,"y":1,"curve":"stepped"},{"time":0.3333,"x":1,"y":1}],"shear":[{"time":0,"x":0,"y":0,"curve":"stepped"},{"time":0.3333,"x":0,"y":0}]},"root":{"rotate":[{"time":0,"angle":0,"curve":"stepped"},{"time":0.3333,"angle":0}],"translate":[{"time":0,"x":0,"y":0,"curve":"stepped"},{"time":0.3333,"x":0,"y":0}],"scale":[{"time":0,"x":1,"y":1,"curve":"stepped"},{"time":0.3333,"x":1,"y":1}],"shear":[{"time":0,"x":0,"y":0,"curve":"stepped"},{"time":0.3333,"x":0,"y":0}]},"Huo":{"rotate":[{"time":0,"angle":0,"curve":"stepped"},{"time":0.3333,"angle":0}],"translate":[{"time":0,"x":0,"y":-1.7,"curve":"stepped"},{"time":0.3333,"x":0,"y":-1.7}],"scale":[{"time":0,"x":1,"y":1,"curve":"stepped"},{"time":0.3333,"x":1,"y":1}],"shear":[{"time":0,"x":0,"y":0,"curve":"stepped"},{"time":0.3333,"x":0,"y":0}]},"Huougang":{"rotate":[{"time":0,"angle":0,"curve":"stepped"},{"time":0.3333,"angle":0}],"translate":[{"time":0,"x":0,"y":0,"curve":"stepped"},{"time":0.3333,"x":0,"y":0}],"scale":[{"time":0,"x":1,"y":1,"curve":"stepped"},{"time":0.3333,"x":1,"y":1}],"shear":[{"time":0,"x":0,"y":0,"curve":"stepped"},{"time":0.3333,"x":0,"y":0}]}}}}}