{"__type__":"sp.SkeletonData","_name":"Born","_native":"raw-skeleton.json","_skeletonJson":{"skeleton":{"hash":"tf58fjdEWZYqTZU24tC4nWjyBsw","spine":"3.6.53","width":95,"height":144,"images":"./images/"},"bones":[{"name":"root"},{"name":"Di","parent":"root","x":2.18,"y":3.54,"scaleY":0.754},{"name":"Guang","parent":"root","length":65.92,"rotation":91.49,"x":2.06,"y":3.45}],"slots":[{"name":"Bg","bone":"root"},{"name":"Guang","bone":"Guang","attachment":"14"},{"name":"Di","bone":"Di","attachment":"4"}],"skins":{"default":{"Di":{"1":{"x":-4.2,"y":1.16,"width":85,"height":77},"2":{"x":0.3,"y":0.16,"width":78,"height":79},"3":{"x":0.8,"y":1.16,"width":81,"height":81},"4":{"x":0.8,"y":1.16,"width":83,"height":83},"5":{"x":0.3,"y":0.16,"width":82,"height":83},"6":{"x":0.3,"y":-0.34,"width":80,"height":80},"7":{"x":-0.2,"y":0.16,"width":79,"height":79},"8":{"x":0.8,"y":0.16,"width":75,"height":75},"9":{"x":-1.2,"y":-0.34,"width":69,"height":68},"10":{"x":-0.7,"y":0.66,"width":64,"height":58}},"Guang":{"11":{"x":14.95,"y":-6.09,"rotation":-91.49,"width":68,"height":92},"12":{"x":17.63,"y":0.84,"rotation":-91.49,"width":92,"height":103},"13":{"x":23.64,"y":1.18,"rotation":-91.49,"width":87,"height":121},"14":{"x":36.08,"y":-1.14,"rotation":-91.49,"width":95,"height":144},"15":{"x":42.65,"y":1.19,"rotation":-91.49,"width":88,"height":139},"16":{"x":54.66,"y":1.38,"rotation":-91.49,"width":87,"height":137},"17":{"x":68.66,"y":1.51,"rotation":-91.49,"width":86,"height":149},"18":{"x":76.62,"y":-0.2,"rotation":-91.49,"width":87,"height":147},"19":{"x":80.21,"y":3.21,"rotation":-91.49,"width":54,"height":118}}}},"events":{"Tiao":{}},"animations":{"Born":{"slots":{"Di":{"attachment":[{"time":0,"name":"1"},{"time":0.0667,"name":"2"},{"time":0.1333,"name":"3"},{"time":0.2,"name":"4"},{"time":0.2667,"name":"5"},{"time":0.3333,"name":"6"},{"time":0.4,"name":"7"},{"time":0.4667,"name":"8"},{"time":0.5333,"name":"9"},{"time":0.6,"name":"10"},{"time":0.6667,"name":null},{"time":0.8,"name":null}]},"Guang":{"attachment":[{"time":0,"name":null},{"time":0.2,"name":"11"},{"time":0.2667,"name":"12"},{"time":0.3333,"name":"13"},{"time":0.4,"name":"14"},{"time":0.4667,"name":"15"},{"time":0.5333,"name":"16"},{"time":0.6,"name":"17"},{"time":0.6667,"name":"18"},{"time":0.7333,"name":"19"},{"time":0.8,"name":null}]}},"bones":{"Guang":{"rotate":[{"time":0,"angle":0,"curve":"stepped"},{"time":0.8,"angle":0}],"translate":[{"time":0,"x":0,"y":-6.03,"curve":"stepped"},{"time":0.2,"x":0,"y":-6.03},{"time":0.8,"x":0,"y":-1.49}],"scale":[{"time":0,"x":1,"y":1,"curve":"stepped"},{"time":0.8,"x":1,"y":1}],"shear":[{"time":0,"x":0,"y":0,"curve":"stepped"},{"time":0.8,"x":0,"y":0}]},"Di":{"rotate":[{"time":0,"angle":0,"curve":"stepped"},{"time":0.8,"angle":0}],"translate":[{"time":0,"x":0,"y":0,"curve":"stepped"},{"time":0.8,"x":0,"y":0}],"scale":[{"time":0,"x":1,"y":1,"curve":"stepped"},{"time":0.8,"x":1,"y":1}],"shear":[{"time":0,"x":0,"y":0,"curve":"stepped"},{"time":0.8,"x":0,"y":0}]},"root":{"rotate":[{"time":0,"angle":0,"curve":"stepped"},{"time":0.8,"angle":0}],"translate":[{"time":0,"x":0,"y":0,"curve":"stepped"},{"time":0.8,"x":0,"y":0}],"scale":[{"time":0,"x":1,"y":1,"curve":"stepped"},{"time":0.8,"x":1,"y":1}],"shear":[{"time":0,"x":0,"y":0,"curve":"stepped"},{"time":0.8,"x":0,"y":0}]}},"events":[{"time":0.5333,"name":"Tiao"}]}}},"_atlasText":"\nBorn.png\nsize: 1024,256\nformat: RGBA8888\nfilter: Linear,Linear\nrepeat: none\n1\n  rotate: false\n  xy: 307, 85\n  size: 83, 75\n  orig: 85, 77\n  offset: 1, 1\n  index: -1\n10\n  rotate: false\n  xy: 955, 123\n  size: 62, 56\n  orig: 64, 58\n  offset: 1, 1\n  index: -1\n11\n  rotate: true\n  xy: 215, 94\n  size: 66, 90\n  orig: 68, 92\n  offset: 1, 1\n  index: -1\n12\n  rotate: false\n  xy: 2, 2\n  size: 90, 101\n  orig: 92, 103\n  offset: 1, 1\n  index: -1\n13\n  rotate: true\n  xy: 669, 162\n  size: 85, 119\n  orig: 87, 121\n  offset: 1, 1\n  index: -1\n14\n  rotate: false\n  xy: 2, 105\n  size: 93, 142\n  orig: 95, 144\n  offset: 1, 1\n  index: -1\n15\n  rotate: true\n  xy: 393, 161\n  size: 86, 137\n  orig: 88, 139\n  offset: 1, 1\n  index: -1\n16\n  rotate: true\n  xy: 532, 162\n  size: 85, 135\n  orig: 87, 137\n  offset: 1, 1\n  index: -1\n17\n  rotate: true\n  xy: 97, 163\n  size: 84, 147\n  orig: 86, 149\n  offset: 1, 1\n  index: -1\n18\n  rotate: true\n  xy: 246, 162\n  size: 85, 145\n  orig: 87, 147\n  offset: 1, 1\n  index: -1\n19\n  rotate: true\n  xy: 97, 109\n  size: 52, 116\n  orig: 54, 118\n  offset: 1, 1\n  index: -1\n2\n  rotate: false\n  xy: 632, 83\n  size: 76, 77\n  orig: 78, 79\n  offset: 1, 1\n  index: -1\n3\n  rotate: false\n  xy: 392, 80\n  size: 79, 79\n  orig: 81, 81\n  offset: 1, 1\n  index: -1\n4\n  rotate: false\n  xy: 790, 166\n  size: 81, 81\n  orig: 83, 83\n  offset: 1, 1\n  index: -1\n5\n  rotate: false\n  xy: 873, 166\n  size: 80, 81\n  orig: 82, 83\n  offset: 1, 1\n  index: -1\n6\n  rotate: false\n  xy: 473, 81\n  size: 78, 78\n  orig: 80, 80\n  offset: 1, 1\n  index: -1\n7\n  rotate: false\n  xy: 553, 83\n  size: 77, 77\n  orig: 79, 79\n  offset: 1, 1\n  index: -1\n8\n  rotate: false\n  xy: 710, 87\n  size: 73, 73\n  orig: 75, 75\n  offset: 1, 1\n  index: -1\n9\n  rotate: false\n  xy: 955, 181\n  size: 67, 66\n  orig: 69, 68\n  offset: 1, 1\n  index: -1\n","textures":[{"__uuid__":"830hP9QF5K8qsgdMFuCOEO"}],"textureNames":["Born.png"]}