[{"__type__":"cc.Prefab","_name":"StageGoal","data":{"__id__":1}},{"__type__":"cc.Node","_name":"StageGoal","_children":[{"__id__":2},{"__id__":3}],"_level":1,"_components":[{"__type__":"cc.Button","node":{"__id__":1},"_N$target":{"__id__":1}}],"_prefab":{"__type__":"cc.PrefabInfo","root":{"__id__":1},"asset":{"__uuid__":"260EVxaq5BvJBKDeXv2//y"},"fileId":"ddE+kRnjhNwoMIoRBA888V"},"_contentSize":{"__type__":"cc.Size","width":1460,"height":2206},"_scale":{"__type__":"cc.Vec3","x":1,"y":1,"z":1}},{"__type__":"cc.Node","_name":"bg","_parent":{"__id__":1},"_level":2,"_components":[{"__type__":"cc.Sprite","node":{"__id__":2},"_spriteFrame":{"__uuid__":"c6aEsZi7ZLuYOy5nnW0Ibk"},"_sizeMode":0}],"_prefab":{"__type__":"cc.PrefabInfo","root":{"__id__":1},"asset":{"__uuid__":"260EVxaq5BvJBKDeXv2//y"},"fileId":"acdrLyVWVI9oPX1W72J+Cu"},"_opacity":100,"_color":{"__type__":"cc.Color"},"_contentSize":{"__type__":"cc.Size","width":1460,"height":2206},"_scale":{"__type__":"cc.Vec3","x":1,"y":1,"z":1}},{"__type__":"cc.Node","_name":"box","_parent":{"__id__":1},"_children":[{"__id__":4},{"__id__":5},{"__id__":8},{"__id__":18},{"__id__":19},{"__id__":20},{"__id__":21},{"__id__":31}],"_level":2,"_prefab":{"__type__":"cc.PrefabInfo","root":{"__id__":1},"asset":{"__uuid__":"260EVxaq5BvJBKDeXv2//y"},"fileId":"4ef1c0BopDjJmknLdHAy/M"},"_contentSize":{"__type__":"cc.Size","width":800,"height":800},"_scale":{"__type__":"cc.Vec3","x":1,"y":1,"z":1}},{"__type__":"cc.Node","_name":"bg1","_parent":{"__id__":3},"_level":3,"_components":[{"__type__":"cc.Sprite","node":{"__id__":4},"_spriteFrame":{"__uuid__":"dfYWpFoPxIfJaDY6gYnCT2"},"_type":1,"_sizeMode":0}],"_prefab":{"__type__":"cc.PrefabInfo","root":{"__id__":1},"asset":{"__uuid__":"260EVxaq5BvJBKDeXv2//y"},"fileId":"7aeviG+MhEe7+u7n7729kM"},"_contentSize":{"__type__":"cc.Size","width":627,"height":650},"_scale":{"__type__":"cc.Vec3","x":1,"y":1,"z":1},"_rotationX":-3,"_rotationY":-3,"_quat":{"__type__":"cc.Quat","z":0.026176948307873153,"w":0.9996573249755573}},{"__type__":"cc.Node","_name":"bg2","_parent":{"__id__":3},"_children":[{"__id__":6},{"__id__":7}],"_level":3,"_components":[{"__type__":"cc.Sprite","node":{"__id__":5},"_spriteFrame":{"__uuid__":"faaNIqbD1Ar6/pqAdxak38"},"_type":1,"_sizeMode":0}],"_prefab":{"__type__":"cc.PrefabInfo","root":{"__id__":1},"asset":{"__uuid__":"260EVxaq5BvJBKDeXv2//y"},"fileId":"af3hGSK3BO5ozevpY2rNqb"},"_contentSize":{"__type__":"cc.Size","width":627,"height":660},"_position":{"__type__":"cc.Vec3","y":-8},"_scale":{"__type__":"cc.Vec3","x":1,"y":1,"z":1}},{"__type__":"cc.Node","_name":"Bg_Decorate_4","_parent":{"__id__":5},"_level":4,"_components":[{"__type__":"cc.Sprite","node":{"__id__":6},"_spriteFrame":{"__uuid__":"01Px1stkJPoLuRx/NYLdHY"}}],"_prefab":{"__type__":"cc.PrefabInfo","root":{"__id__":1},"asset":{"__uuid__":"260EVxaq5BvJBKDeXv2//y"},"fileId":"c5dSRbMu5Oup8DcylHRCyd"},"_contentSize":{"__type__":"cc.Size","width":22,"height":33},"_position":{"__type__":"cc.Vec3","x":-303.5,"y":200},"_scale":{"__type__":"cc.Vec3","x":1,"y":1,"z":1}},{"__type__":"cc.Node","_name":"Bg_Decorate_3","_parent":{"__id__":5},"_level":4,"_components":[{"__type__":"cc.Sprite","node":{"__id__":7},"_spriteFrame":{"__uuid__":"98xDcSD71ER7K7FrzreuEq"}}],"_prefab":{"__type__":"cc.PrefabInfo","root":{"__id__":1},"asset":{"__uuid__":"260EVxaq5BvJBKDeXv2//y"},"fileId":"85ER1jDe9Dj4f1T2uC8uj7"},"_contentSize":{"__type__":"cc.Size","width":36,"height":37},"_position":{"__type__":"cc.Vec3","x":296.5,"y":-195},"_scale":{"__type__":"cc.Vec3","x":1,"y":1,"z":1}},{"__type__":"cc.Node","_name":"rate","_parent":{"__id__":3},"_children":[{"__id__":9},{"__id__":12},{"__id__":15}],"_level":3,"_prefab":{"__type__":"cc.PrefabInfo","root":{"__id__":1},"asset":{"__uuid__":"260EVxaq5BvJBKDeXv2//y"},"fileId":"05nrsfhPpKOovyjKcFNNtK"},"_position":{"__type__":"cc.Vec3","y":222},"_scale":{"__type__":"cc.Vec3","x":1,"y":1,"z":1}},{"__type__":"cc.Node","_name":"star1","_parent":{"__id__":8},"_children":[{"__id__":10},{"__id__":11}],"_level":3,"_components":[{"__type__":"cc.Sprite","node":{"__id__":9},"_spriteFrame":{"__uuid__":"70vfA+8DlJRLc/Nb26Nt26"}}],"_prefab":{"__type__":"cc.PrefabInfo","root":{"__id__":1},"asset":{"__uuid__":"260EVxaq5BvJBKDeXv2//y"},"fileId":"b48628Z55A+bqRiMWSowk3"},"_contentSize":{"__type__":"cc.Size","width":150,"height":151},"_position":{"__type__":"cc.Vec3","x":-150,"y":-10},"_scale":{"__type__":"cc.Vec3","x":0.9,"y":0.9,"z":1}},{"__type__":"cc.Node","_name":"reach","_parent":{"__id__":9},"_active":false,"_level":4,"_components":[{"__type__":"cc.Sprite","node":{"__id__":10},"_spriteFrame":{"__uuid__":"caOHtKc+tOIaKi0NUtDcBl"}}],"_prefab":{"__type__":"cc.PrefabInfo","root":{"__id__":1},"asset":{"__uuid__":"260EVxaq5BvJBKDeXv2//y"},"fileId":"12W3+zJcpK55iBYxPM6zp5"},"_contentSize":{"__type__":"cc.Size","width":150,"height":162},"_scale":{"__type__":"cc.Vec3","x":1,"y":1,"z":1}},{"__type__":"cc.Node","_name":"time","_parent":{"__id__":9},"_level":4,"_components":[{"__type__":"cc.Label","node":{"__id__":11},"_srcBlendFactor":1,"_string":"00:20","_N$string":"00:20","_N$file":{"__uuid__":"7ayuTvAx5NSIJwUPtdCD7i"},"_isSystemFontUsed":false,"_N$horizontalAlign":1,"_N$verticalAlign":1}],"_prefab":{"__type__":"cc.PrefabInfo","root":{"__id__":1},"asset":{"__uuid__":"260EVxaq5BvJBKDeXv2//y"},"fileId":"11FgWLexlP7rrno7OtfYD7"},"_color":{"__type__":"cc.Color","r":87,"g":70,"b":43},"_contentSize":{"__type__":"cc.Size","width":143.67,"height":40},"_position":{"__type__":"cc.Vec3","y":-95},"_scale":{"__type__":"cc.Vec3","x":1,"y":1,"z":1}},{"__type__":"cc.Node","_name":"star2","_parent":{"__id__":8},"_children":[{"__id__":13},{"__id__":14}],"_level":3,"_components":[{"__type__":"cc.Sprite","node":{"__id__":12},"_spriteFrame":{"__uuid__":"70vfA+8DlJRLc/Nb26Nt26"}}],"_prefab":{"__type__":"cc.PrefabInfo","root":{"__id__":1},"asset":{"__uuid__":"260EVxaq5BvJBKDeXv2//y"},"fileId":"9dNsSuDtJHuJL2NxxZJdGM"},"_contentSize":{"__type__":"cc.Size","width":150,"height":151},"_scale":{"__type__":"cc.Vec3","x":1,"y":1,"z":1}},{"__type__":"cc.Node","_name":"reach","_parent":{"__id__":12},"_active":false,"_level":4,"_components":[{"__type__":"cc.Sprite","node":{"__id__":13},"_spriteFrame":{"__uuid__":"caOHtKc+tOIaKi0NUtDcBl"}}],"_prefab":{"__type__":"cc.PrefabInfo","root":{"__id__":1},"asset":{"__uuid__":"260EVxaq5BvJBKDeXv2//y"},"fileId":"c5FDMGvRlJnLIqipyqyxwW"},"_contentSize":{"__type__":"cc.Size","width":150,"height":162},"_scale":{"__type__":"cc.Vec3","x":1,"y":1,"z":1}},{"__type__":"cc.Node","_name":"time","_parent":{"__id__":12},"_level":4,"_components":[{"__type__":"cc.Label","node":{"__id__":14},"_srcBlendFactor":1,"_string":"00:20","_N$string":"00:20","_fontSize":36,"_N$file":{"__uuid__":"7ayuTvAx5NSIJwUPtdCD7i"},"_isSystemFontUsed":false,"_N$horizontalAlign":1,"_N$verticalAlign":1}],"_prefab":{"__type__":"cc.PrefabInfo","root":{"__id__":1},"asset":{"__uuid__":"260EVxaq5BvJBKDeXv2//y"},"fileId":"3cELgCqmZOxLb4/wRHylXM"},"_color":{"__type__":"cc.Color","r":87,"g":70,"b":43},"_contentSize":{"__type__":"cc.Size","width":129.3,"height":40},"_position":{"__type__":"cc.Vec3","y":-95},"_scale":{"__type__":"cc.Vec3","x":1,"y":1,"z":1}},{"__type__":"cc.Node","_name":"star3","_parent":{"__id__":8},"_children":[{"__id__":16},{"__id__":17}],"_level":3,"_components":[{"__type__":"cc.Sprite","node":{"__id__":15},"_spriteFrame":{"__uuid__":"70vfA+8DlJRLc/Nb26Nt26"}}],"_prefab":{"__type__":"cc.PrefabInfo","root":{"__id__":1},"asset":{"__uuid__":"260EVxaq5BvJBKDeXv2//y"},"fileId":"86DJvR6lZIwZqe7BfbUNt5"},"_contentSize":{"__type__":"cc.Size","width":150,"height":151},"_position":{"__type__":"cc.Vec3","x":150,"y":-10},"_scale":{"__type__":"cc.Vec3","x":0.9,"y":0.9,"z":1}},{"__type__":"cc.Node","_name":"reach","_parent":{"__id__":15},"_active":false,"_level":4,"_components":[{"__type__":"cc.Sprite","node":{"__id__":16},"_spriteFrame":{"__uuid__":"caOHtKc+tOIaKi0NUtDcBl"}}],"_prefab":{"__type__":"cc.PrefabInfo","root":{"__id__":1},"asset":{"__uuid__":"260EVxaq5BvJBKDeXv2//y"},"fileId":"dczWIX5fdFjqYYkJlkfgkJ"},"_contentSize":{"__type__":"cc.Size","width":150,"height":162},"_scale":{"__type__":"cc.Vec3","x":1,"y":1,"z":1}},{"__type__":"cc.Node","_name":"time","_parent":{"__id__":15},"_level":4,"_components":[{"__type__":"cc.Label","node":{"__id__":17},"_srcBlendFactor":1,"_string":"00:20","_N$string":"00:20","_N$file":{"__uuid__":"7ayuTvAx5NSIJwUPtdCD7i"},"_isSystemFontUsed":false,"_N$horizontalAlign":1,"_N$verticalAlign":1}],"_prefab":{"__type__":"cc.PrefabInfo","root":{"__id__":1},"asset":{"__uuid__":"260EVxaq5BvJBKDeXv2//y"},"fileId":"4cecOyqnhIKIy92FZrwKhY"},"_color":{"__type__":"cc.Color","r":87,"g":70,"b":43},"_contentSize":{"__type__":"cc.Size","width":143.67,"height":40},"_position":{"__type__":"cc.Vec3","y":-95},"_scale":{"__type__":"cc.Vec3","x":1,"y":1,"z":1}},{"__type__":"cc.Node","_name":"stageNum","_parent":{"__id__":3},"_level":3,"_components":[{"__type__":"cc.Label","node":{"__id__":18},"_srcBlendFactor":1,"_string":"第999关","_N$string":"第999关","_fontSize":48,"_lineHeight":55,"_N$file":{"__uuid__":"7ayuTvAx5NSIJwUPtdCD7i"},"_isSystemFontUsed":false,"_N$horizontalAlign":1,"_N$verticalAlign":1}],"_prefab":{"__type__":"cc.PrefabInfo","root":{"__id__":1},"asset":{"__uuid__":"260EVxaq5BvJBKDeXv2//y"},"fileId":"138rcs01pERYbN8J4M2l5e"},"_color":{"__type__":"cc.Color","r":129,"g":74,"b":11},"_contentSize":{"__type__":"cc.Size","width":207.38,"height":55},"_position":{"__type__":"cc.Vec3","y":60},"_scale":{"__type__":"cc.Vec3","x":1,"y":1,"z":1}},{"__type__":"cc.Node","_name":"desc","_parent":{"__id__":3},"_level":3,"_components":[{"__type__":"cc.Label","node":{"__id__":19},"_srcBlendFactor":1,"_string":"在规定时间完成以下目标","_N$string":"在规定时间完成以下目标","_fontSize":34,"_N$file":{"__uuid__":"7ayuTvAx5NSIJwUPtdCD7i"},"_isSystemFontUsed":false,"_N$horizontalAlign":1,"_N$verticalAlign":1}],"_prefab":{"__type__":"cc.PrefabInfo","root":{"__id__":1},"asset":{"__uuid__":"260EVxaq5BvJBKDeXv2//y"},"fileId":"4atorL6ftK6Z3SppEQ/iCW"},"_color":{"__type__":"cc.Color","r":87,"g":70,"b":43},"_contentSize":{"__type__":"cc.Size","width":374,"height":40},"_position":{"__type__":"cc.Vec3","y":-20},"_scale":{"__type__":"cc.Vec3","x":1,"y":1,"z":1}},{"__type__":"cc.Node","_name":"bg3","_parent":{"__id__":3},"_level":3,"_components":[{"__type__":"cc.Sprite","node":{"__id__":20},"_spriteFrame":{"__uuid__":"7bn7+/6hhLVLXUI9RIakGR"},"_sizeMode":0}],"_prefab":{"__type__":"cc.PrefabInfo","root":{"__id__":1},"asset":{"__uuid__":"260EVxaq5BvJBKDeXv2//y"},"fileId":"89F29+981DJ60H0ePvM4sd"},"_contentSize":{"__type__":"cc.Size","width":540,"height":200},"_position":{"__type__":"cc.Vec3","y":-180},"_scale":{"__type__":"cc.Vec3","x":1,"y":1,"z":1}},{"__type__":"cc.Node","_name":"goal","_parent":{"__id__":3},"_children":[{"__id__":22},{"__id__":25},{"__id__":28}],"_level":3,"_components":[{"__type__":"cc.Layout","node":{"__id__":21},"_layoutSize":{"__type__":"cc.Size","width":459,"height":150},"_resize":1,"_N$layoutType":1,"_N$spacingX":30}],"_prefab":{"__type__":"cc.PrefabInfo","root":{"__id__":1},"asset":{"__uuid__":"260EVxaq5BvJBKDeXv2//y"},"fileId":"d6MwZW0q1PDYmCUkVv5gUe"},"_contentSize":{"__type__":"cc.Size","width":459,"height":150},"_position":{"__type__":"cc.Vec3","y":-180},"_scale":{"__type__":"cc.Vec3","x":1,"y":1,"z":1}},{"__type__":"cc.Node","_name":"goal1","_parent":{"__id__":21},"_children":[{"__id__":23},{"__id__":24}],"_level":3,"_components":[{"__type__":"cc.Sprite","node":{"__id__":22},"_spriteFrame":{"__uuid__":"e5bUWInBhEMaUxFc004u96"}}],"_prefab":{"__type__":"cc.PrefabInfo","root":{"__id__":1},"asset":{"__uuid__":"260EVxaq5BvJBKDeXv2//y"},"fileId":"82oTUdzLpOs7keU+rtPFmp"},"_contentSize":{"__type__":"cc.Size","width":133,"height":138},"_position":{"__type__":"cc.Vec3","x":-163},"_scale":{"__type__":"cc.Vec3","x":1,"y":1,"z":1}},{"__type__":"cc.Node","_name":"spr","_parent":{"__id__":22},"_level":4,"_components":[{"__type__":"cc.Sprite","node":{"__id__":23},"_sizeMode":0}],"_prefab":{"__type__":"cc.PrefabInfo","root":{"__id__":1},"asset":{"__uuid__":"260EVxaq5BvJBKDeXv2//y"},"fileId":"76b3A3fMFFX5D8++g6nckh"},"_contentSize":{"__type__":"cc.Size","width":70,"height":70},"_position":{"__type__":"cc.Vec3","y":5},"_scale":{"__type__":"cc.Vec3","x":1,"y":1,"z":1}},{"__type__":"cc.Node","_name":"desc","_parent":{"__id__":22},"_level":4,"_components":[{"__type__":"cc.Label","node":{"__id__":24},"_srcBlendFactor":1,"_fontSize":24,"_lineHeight":30,"_N$file":{"__uuid__":"7ayuTvAx5NSIJwUPtdCD7i"},"_isSystemFontUsed":false,"_N$horizontalAlign":1,"_N$verticalAlign":1},{"__type__":"cc.LabelOutline","node":{"__id__":24},"_color":{"__type__":"cc.Color","r":68,"g":18,"b":11},"_width":2}],"_prefab":{"__type__":"cc.PrefabInfo","root":{"__id__":1},"asset":{"__uuid__":"260EVxaq5BvJBKDeXv2//y"},"fileId":"ce7Z/54RRHyY94gERt+4M6"},"_contentSize":{"__type__":"cc.Size","width":4,"height":30},"_position":{"__type__":"cc.Vec3","y":-45},"_scale":{"__type__":"cc.Vec3","x":1,"y":1,"z":1}},{"__type__":"cc.Node","_name":"goal2","_parent":{"__id__":21},"_children":[{"__id__":26},{"__id__":27}],"_level":4,"_components":[{"__type__":"cc.Sprite","node":{"__id__":25},"_spriteFrame":{"__uuid__":"e5bUWInBhEMaUxFc004u96"}}],"_prefab":{"__type__":"cc.PrefabInfo","root":{"__id__":1},"asset":{"__uuid__":"260EVxaq5BvJBKDeXv2//y"},"fileId":"95Fo/ORilGapr+iXRAKeGX"},"_contentSize":{"__type__":"cc.Size","width":133,"height":138},"_scale":{"__type__":"cc.Vec3","x":1,"y":1,"z":1}},{"__type__":"cc.Node","_name":"spr","_parent":{"__id__":25},"_level":4,"_components":[{"__type__":"cc.Sprite","node":{"__id__":26},"_sizeMode":0}],"_prefab":{"__type__":"cc.PrefabInfo","root":{"__id__":1},"asset":{"__uuid__":"260EVxaq5BvJBKDeXv2//y"},"fileId":"d48Ud/BKdLTqzse7zgylw/"},"_contentSize":{"__type__":"cc.Size","width":70,"height":70},"_position":{"__type__":"cc.Vec3","y":5},"_scale":{"__type__":"cc.Vec3","x":1,"y":1,"z":1}},{"__type__":"cc.Node","_name":"desc","_parent":{"__id__":25},"_level":4,"_components":[{"__type__":"cc.Label","node":{"__id__":27},"_srcBlendFactor":1,"_fontSize":24,"_lineHeight":30,"_N$file":{"__uuid__":"7ayuTvAx5NSIJwUPtdCD7i"},"_isSystemFontUsed":false,"_N$horizontalAlign":1,"_N$verticalAlign":1},{"__type__":"cc.LabelOutline","node":{"__id__":27},"_color":{"__type__":"cc.Color","r":68,"g":18,"b":11},"_width":2}],"_prefab":{"__type__":"cc.PrefabInfo","root":{"__id__":1},"asset":{"__uuid__":"260EVxaq5BvJBKDeXv2//y"},"fileId":"17r3pxPmVJG7jx32tKxWyi"},"_contentSize":{"__type__":"cc.Size","width":4,"height":30},"_position":{"__type__":"cc.Vec3","y":-45},"_scale":{"__type__":"cc.Vec3","x":1,"y":1,"z":1}},{"__type__":"cc.Node","_name":"goal3","_parent":{"__id__":21},"_children":[{"__id__":29},{"__id__":30}],"_level":4,"_components":[{"__type__":"cc.Sprite","node":{"__id__":28},"_spriteFrame":{"__uuid__":"e5bUWInBhEMaUxFc004u96"}}],"_prefab":{"__type__":"cc.PrefabInfo","root":{"__id__":1},"asset":{"__uuid__":"260EVxaq5BvJBKDeXv2//y"},"fileId":"a15PIkR9RL2a38sbPx9SFb"},"_contentSize":{"__type__":"cc.Size","width":133,"height":138},"_position":{"__type__":"cc.Vec3","x":163},"_scale":{"__type__":"cc.Vec3","x":1,"y":1,"z":1}},{"__type__":"cc.Node","_name":"spr","_parent":{"__id__":28},"_level":4,"_components":[{"__type__":"cc.Sprite","node":{"__id__":29},"_sizeMode":0}],"_prefab":{"__type__":"cc.PrefabInfo","root":{"__id__":1},"asset":{"__uuid__":"260EVxaq5BvJBKDeXv2//y"},"fileId":"d2OHNriixEwoLhPTMTGbRT"},"_contentSize":{"__type__":"cc.Size","width":70,"height":70},"_position":{"__type__":"cc.Vec3","y":5},"_scale":{"__type__":"cc.Vec3","x":1,"y":1,"z":1}},{"__type__":"cc.Node","_name":"desc","_parent":{"__id__":28},"_level":4,"_components":[{"__type__":"cc.Label","node":{"__id__":30},"_srcBlendFactor":1,"_fontSize":24,"_lineHeight":30,"_N$file":{"__uuid__":"7ayuTvAx5NSIJwUPtdCD7i"},"_isSystemFontUsed":false,"_N$horizontalAlign":1,"_N$verticalAlign":1},{"__type__":"cc.LabelOutline","node":{"__id__":30},"_color":{"__type__":"cc.Color","r":68,"g":18,"b":11},"_width":2}],"_prefab":{"__type__":"cc.PrefabInfo","root":{"__id__":1},"asset":{"__uuid__":"260EVxaq5BvJBKDeXv2//y"},"fileId":"102N3NKQpL0Y6hTUUiU9hQ"},"_contentSize":{"__type__":"cc.Size","width":4,"height":30},"_position":{"__type__":"cc.Vec3","y":-45},"_scale":{"__type__":"cc.Vec3","x":1,"y":1,"z":1}},{"__type__":"cc.Node","_name":"tips","_parent":{"__id__":3},"_level":3,"_components":[{"__type__":"cc.Label","node":{"__id__":31},"_srcBlendFactor":1,"_string":"点击继续","_N$string":"点击继续","_lineHeight":45,"_N$file":{"__uuid__":"7ayuTvAx5NSIJwUPtdCD7i"},"_isSystemFontUsed":false,"_N$horizontalAlign":1,"_N$verticalAlign":1}],"_prefab":{"__type__":"cc.PrefabInfo","root":{"__id__":1},"asset":{"__uuid__":"260EVxaq5BvJBKDeXv2//y"},"fileId":"61E11cWTRGeYBxI1wDF5C/"},"_contentSize":{"__type__":"cc.Size","width":160,"height":45},"_position":{"__type__":"cc.Vec3","y":-390},"_scale":{"__type__":"cc.Vec3","x":1,"y":1,"z":1}}]