[{"__type__":"cc.Prefab","_name":"playerNode","data":{"__id__":1}},{"__type__":"cc.Node","_name":"playerNode","_children":[{"__id__":2},{"__id__":3},{"__id__":4},{"__id__":5},{"__id__":6},{"__id__":7}],"_level":1,"_components":[{"__type__":"e2cb465FQxDw5YqImEnhkM8","node":{"__id__":1}}],"_prefab":{"__type__":"cc.PrefabInfo","root":{"__id__":1},"asset":{"__uuid__":"f9cr+KETdBHqtN/FSo6576"},"fileId":"0dJoVH/C9KUJon5xsM3Tc5"},"_contentSize":{"__type__":"cc.Size","width":64,"height":64},"_anchorPoint":{"__type__":"cc.Vec2"},"_position":{"__type__":"cc.Vec3","x":96,"y":-225},"_scale":{"__type__":"cc.Vec3","x":1,"y":1,"z":1}},{"__type__":"cc.Node","_name":"HeartAnimation","_parent":{"__id__":1},"_active":false,"_level":2,"_components":[{"__type__":"sp.Skeleton","node":{"__id__":2},"loop":false,"_N$skeletonData":{"__uuid__":"5b81WgPKFBaZSGVIW0YW27"}}],"_prefab":{"__type__":"cc.PrefabInfo","root":{"__id__":1},"asset":{"__uuid__":"f9cr+KETdBHqtN/FSo6576"},"fileId":"44DQbDWRRCpLrLLoUGKC3n"},"_contentSize":{"__type__":"cc.Size","width":639,"height":1136},"_anchorPoint":{"__type__":"cc.Vec2"},"_position":{"__type__":"cc.Vec3","x":32,"y":109.9},"_scale":{"__type__":"cc.Vec3","x":2,"y":2,"z":1}},{"__type__":"cc.Node","_name":"right","_parent":{"__id__":1},"_level":2,"_components":[{"__type__":"sp.Skeleton","node":{"__id__":3},"defaultAnimation":"Stand","_N$skeletonData":{"__uuid__":"b9vUwaQSlAdosdFuTDqdAP"}}],"_prefab":{"__type__":"cc.PrefabInfo","root":{"__id__":1},"asset":{"__uuid__":"f9cr+KETdBHqtN/FSo6576"},"fileId":"3eATVxX2tN5JbmrZF4V9pD"},"_contentSize":{"__type__":"cc.Size","width":1500,"height":992},"_position":{"__type__":"cc.Vec3","x":32,"y":24},"_scale":{"__type__":"cc.Vec3","x":0.5,"y":0.5,"z":1}},{"__type__":"cc.Node","_name":"left","_parent":{"__id__":1},"_active":false,"_level":2,"_components":[{"__type__":"sp.Skeleton","node":{"__id__":4},"defaultAnimation":"Stand","_N$skeletonData":{"__uuid__":"b9vUwaQSlAdosdFuTDqdAP"}}],"_prefab":{"__type__":"cc.PrefabInfo","root":{"__id__":1},"asset":{"__uuid__":"f9cr+KETdBHqtN/FSo6576"},"fileId":"d4Id50AMNNHpNNO1BIFNpH"},"_contentSize":{"__type__":"cc.Size","width":1500,"height":992},"_position":{"__type__":"cc.Vec3","x":32,"y":24},"_scale":{"__type__":"cc.Vec3","x":-0.5,"y":0.5,"z":1}},{"__type__":"cc.Node","_name":"FireAniamtion","_parent":{"__id__":1},"_active":false,"_level":2,"_components":[{"__type__":"sp.Skeleton","node":{"__id__":5},"defaultAnimation":"Chixu","loop":false,"_N$skeletonData":{"__uuid__":"c60tfB2rlNYrl0dpn1AGpg"}}],"_prefab":{"__type__":"cc.PrefabInfo","root":{"__id__":1},"asset":{"__uuid__":"f9cr+KETdBHqtN/FSo6576"},"fileId":"60IScNfChDJaUI0AfzjTu6"},"_contentSize":{"__type__":"cc.Size","width":639,"height":1136},"_anchorPoint":{"__type__":"cc.Vec2"},"_position":{"__type__":"cc.Vec3","x":32,"y":29.4},"_scale":{"__type__":"cc.Vec3","x":1,"y":1,"z":1}},{"__type__":"cc.Node","_name":"WaterAniamtion","_parent":{"__id__":1},"_active":false,"_level":2,"_components":[{"__type__":"sp.Skeleton","node":{"__id__":6},"loop":false,"_N$skeletonData":{"__uuid__":"75DrGi5FBIzI3WSqKi4/e/"}}],"_prefab":{"__type__":"cc.PrefabInfo","root":{"__id__":1},"asset":{"__uuid__":"f9cr+KETdBHqtN/FSo6576"},"fileId":"c4unqzYIBHU51qv/H1/9Al"},"_contentSize":{"__type__":"cc.Size","width":639,"height":1136},"_anchorPoint":{"__type__":"cc.Vec2"},"_position":{"__type__":"cc.Vec3","x":32,"y":32},"_scale":{"__type__":"cc.Vec3","x":1,"y":1,"z":1}},{"__type__":"cc.Node","_name":"IceAnimation","_parent":{"__id__":1},"_children":[{"__id__":8}],"_active":false,"_level":2,"_components":[{"__type__":"sp.Skeleton","node":{"__id__":7},"defaultAnimation":"Shan","loop":false,"_N$skeletonData":{"__uuid__":"ceo2ce/rRJYbNS+Lj+KcOs"}}],"_prefab":{"__type__":"cc.PrefabInfo","root":{"__id__":1},"asset":{"__uuid__":"f9cr+KETdBHqtN/FSo6576"},"fileId":"89IPRDGzdHzZIySXXZlnCb"},"_contentSize":{"__type__":"cc.Size","width":962,"height":1730},"_anchorPoint":{"__type__":"cc.Vec2"},"_position":{"__type__":"cc.Vec3","x":32,"y":32},"_scale":{"__type__":"cc.Vec3","x":1,"y":1,"z":1}},{"__type__":"cc.Node","_name":"arrow","_parent":{"__id__":7},"_active":false,"_level":3,"_components":[{"__type__":"cc.Sprite","node":{"__id__":8},"_spriteFrame":{"__uuid__":"31Wa56QjpCkaU88r3oCD4g"}}],"_prefab":{"__type__":"cc.PrefabInfo","root":{"__id__":1},"asset":{"__uuid__":"f9cr+KETdBHqtN/FSo6576"},"fileId":"8fwX3J9GxEVLyvvya05Ot9"},"_contentSize":{"__type__":"cc.Size","width":21,"height":85},"_anchorPoint":{"__type__":"cc.Vec2"},"_scale":{"__type__":"cc.Vec3","x":1,"y":1,"z":1}}]