[{"__type__":"cc.Prefab","_name":"updatePanel","data":{"__id__":1}},{"__type__":"cc.Node","_name":"updatePanel","_children":[{"__id__":2},{"__id__":3}],"_level":1,"_components":[{"__type__":"19d30eyFLFFmLkecKPHX2ZP","node":{"__id__":1},"progressNode":{"__id__":9},"btnUpdate":{"__id__":12},"gressNode":{"__id__":14},"contentFishN":{"__id__":15},"contentN":{"__id__":18},"content":{"__id__":19},"tipsNode":{"__id__":20},"sizeNode":{"__id__":21},"checkingUpdate":{"__id__":24}}],"_prefab":{"__type__":"cc.PrefabInfo","root":{"__id__":1},"asset":{"__uuid__":"34f0jjGY1Ho7HymPCqVgT7"},"fileId":"bb9iDsFa5J0Yb2yRRrT7nG"},"_contentSize":{"__type__":"cc.Size","width":1334,"height":750},"_scale":{"__type__":"cc.Vec3","x":1,"y":1,"z":1},"_rotationX":90,"_rotationY":90,"_quat":{"__type__":"cc.Quat","z":-0.7071067811865475,"w":0.7071067811865476}},{"__type__":"cc.Node","_name":"hitzone","_parent":{"__id__":1},"_components":[{"__type__":"cc.Sprite","node":{"__id__":2},"_sizeMode":0},{"__type__":"cc.BlockInputEvents","node":{"__id__":2}}],"_prefab":{"__type__":"cc.PrefabInfo","root":{"__id__":1},"asset":{"__uuid__":"34f0jjGY1Ho7HymPCqVgT7"},"fileId":"eaZL7BdgVGjqUFDm96WgFn"},"_opacity":155,"_color":{"__type__":"cc.Color"},"_contentSize":{"__type__":"cc.Size","width":1334,"height":750},"_scale":{"__type__":"cc.Vec3","x":1,"y":1,"z":1}},{"__type__":"cc.Node","_name":"back","_parent":{"__id__":1},"_children":[{"__id__":4},{"__id__":5},{"__id__":6},{"__id__":7},{"__id__":8},{"__type__":"cc.Node","_name":"title","_parent":{"__id__":3},"_prefab":{"__type__":"cc.PrefabInfo","root":{"__id__":1},"asset":{"__uuid__":"34f0jjGY1Ho7HymPCqVgT7"},"fileId":"5caj/LEkFPhbnxmgVI6TjU"},"_contentSize":{"__type__":"cc.Size","width":196,"height":58},"_position":{"__type__":"cc.Vec3","y":277},"_scale":{"__type__":"cc.Vec3","x":1,"y":1,"z":1}},{"__id__":9},{"__id__":12},{"__id__":14},{"__id__":15},{"__id__":18},{"__id__":20},{"__id__":21},{"__id__":24}],"_components":[{"__type__":"cc.Sprite","node":{"__id__":3},"_type":1,"_sizeMode":0}],"_prefab":{"__type__":"cc.PrefabInfo","root":{"__id__":1},"asset":{"__uuid__":"34f0jjGY1Ho7HymPCqVgT7"},"fileId":"07TnDCRE5EXLsIEsuhCiG1"},"_contentSize":{"__type__":"cc.Size","width":937,"height":554},"_position":{"__type__":"cc.Vec3","y":5.684341886080802e-14},"_scale":{"__type__":"cc.Vec3","x":1,"y":1,"z":1}},{"__type__":"cc.Node","_name":"jiaru2","_parent":{"__id__":3},"_components":[{"__type__":"cc.Sprite","node":{"__id__":4},"_type":1,"_sizeMode":0}],"_prefab":{"__type__":"cc.PrefabInfo","root":{"__id__":1},"asset":{"__uuid__":"34f0jjGY1Ho7HymPCqVgT7"},"fileId":"7fL3mZgJxG9LbEXO25eMba"},"_contentSize":{"__type__":"cc.Size","width":1100,"height":39},"_position":{"__type__":"cc.Vec3","y":284.4},"_scale":{"__type__":"cc.Vec3","x":1,"y":1,"z":1}},{"__type__":"cc.Node","_name":"jiaru3","_parent":{"__id__":3},"_components":[{"__type__":"cc.Sprite","node":{"__id__":5},"_type":1,"_sizeMode":0}],"_prefab":{"__type__":"cc.PrefabInfo","root":{"__id__":1},"asset":{"__uuid__":"34f0jjGY1Ho7HymPCqVgT7"},"fileId":"20zVo0dwRD3LQ0JZcmriAX"},"_contentSize":{"__type__":"cc.Size","width":350,"height":52},"_position":{"__type__":"cc.Vec3","y":290.9},"_scale":{"__type__":"cc.Vec3","x":1,"y":1,"z":1}},{"__type__":"cc.Node","_name":"pk_tishi_biaoti","_parent":{"__id__":3},"_components":[{"__type__":"cc.Label","node":{"__id__":6},"_srcBlendFactor":1,"_useOriginalSize":false,"_string":"更新公告","_N$string":"更新公告","_fontSize":35},{"__type__":"cc.LabelOutline","node":{"__id__":6},"_color":{"__type__":"cc.Color","r":117,"g":42,"b":42},"_width":2}],"_prefab":{"__type__":"cc.PrefabInfo","root":{"__id__":1},"asset":{"__uuid__":"34f0jjGY1Ho7HymPCqVgT7"},"fileId":"42gmO40XhA3rFQYSLZULSU"},"_color":{"__type__":"cc.Color","r":255,"g":243,"b":187},"_contentSize":{"__type__":"cc.Size","width":144,"height":40},"_position":{"__type__":"cc.Vec3","y":293.7},"_scale":{"__type__":"cc.Vec3","x":1,"y":1,"z":1}},{"__type__":"cc.Node","_name":"ty_dikuang_ban","_parent":{"__id__":3},"_components":[{"__type__":"cc.Sprite","node":{"__id__":7},"_type":1,"_sizeMode":0}],"_prefab":{"__type__":"cc.PrefabInfo","root":{"__id__":1},"asset":{"__uuid__":"34f0jjGY1Ho7HymPCqVgT7"},"fileId":"a1UhlBdMpBlpPM91AdiENz"},"_contentSize":{"__type__":"cc.Size","width":865,"height":479},"_scale":{"__type__":"cc.Vec3","x":1,"y":1,"z":1}},{"__type__":"cc.Node","_name":"ty_dikuang_shezhi","_parent":{"__id__":3},"_components":[{"__type__":"cc.Sprite","node":{"__id__":8},"_type":1,"_sizeMode":0}],"_prefab":{"__type__":"cc.PrefabInfo","root":{"__id__":1},"asset":{"__uuid__":"34f0jjGY1Ho7HymPCqVgT7"},"fileId":"5eVRcW8vVHc7m5gIaAyfkY"},"_contentSize":{"__type__":"cc.Size","width":800,"height":318},"_position":{"__type__":"cc.Vec3","y":52},"_scale":{"__type__":"cc.Vec3","x":1,"y":1,"z":1}},{"__type__":"cc.Node","_name":"progress","_parent":{"__id__":3},"_children":[{"__id__":10}],"_active":false,"_components":[{"__type__":"cc.Sprite","node":{"__id__":9},"_type":1,"_sizeMode":0},{"__type__":"cc.ProgressBar","node":{"__id__":9},"_N$totalLength":768,"_N$barSprite":{"__id__":11},"_N$progress":0}],"_prefab":{"__type__":"cc.PrefabInfo","root":{"__id__":1},"asset":{"__uuid__":"34f0jjGY1Ho7HymPCqVgT7"},"fileId":"90QY2PVKVNrJTbIhO+ji2D"},"_contentSize":{"__type__":"cc.Size","width":780,"height":38},"_position":{"__type__":"cc.Vec3","y":-191},"_scale":{"__type__":"cc.Vec3","x":1,"y":1,"z":1}},{"__type__":"cc.Node","_name":"bar","_parent":{"__id__":9},"_components":[{"__id__":11}],"_prefab":{"__type__":"cc.PrefabInfo","root":{"__id__":1},"asset":{"__uuid__":"34f0jjGY1Ho7HymPCqVgT7"},"fileId":"d6MNmJGfdCzKtnbbWQl1eW"},"_contentSize":{"__type__":"cc.Size","height":26},"_anchorPoint":{"__type__":"cc.Vec2","y":0.5},"_position":{"__type__":"cc.Vec3","x":-383.7},"_scale":{"__type__":"cc.Vec3","x":1,"y":1,"z":1}},{"__type__":"cc.Sprite","node":{"__id__":10},"_type":2,"_sizeMode":0},{"__type__":"cc.Node","_name":"btnUpdate","_parent":{"__id__":3},"_children":[{"__id__":13}],"_active":false,"_components":[{"__type__":"cc.Sprite","node":{"__id__":12},"_type":1,"_sizeMode":0},{"__type__":"cc.Button","node":{"__id__":12},"_N$transition":3,"transition":3,"_N$normalColor":{"__type__":"cc.Color","r":255,"g":255,"b":255},"_N$pressedColor":{"__type__":"cc.Color","r":255,"g":255,"b":255},"pressedColor":{"__type__":"cc.Color","r":255,"g":255,"b":255},"_N$disabledColor":{"__type__":"cc.Color","r":255,"g":255,"b":255},"_N$pressedSprite":{"__uuid__":"e97GVMl6JHh5Ml5qEDdSGa"},"pressedSprite":{"__uuid__":"e97GVMl6JHh5Ml5qEDdSGa"},"_N$hoverSprite":{"__uuid__":"e97GVMl6JHh5Ml5qEDdSGa"},"hoverSprite":{"__uuid__":"e97GVMl6JHh5Ml5qEDdSGa"},"_N$disabledSprite":{"__uuid__":"29FYIk+N1GYaeWH/q1NxQO"},"_N$target":{"__id__":12}}],"_prefab":{"__type__":"cc.PrefabInfo","root":{"__id__":1},"asset":{"__uuid__":"34f0jjGY1Ho7HymPCqVgT7"},"fileId":"a3cDHRidRKi53FVLSygn20"},"_contentSize":{"__type__":"cc.Size","width":192,"height":72},"_position":{"__type__":"cc.Vec3","x":305,"y":-170},"_scale":{"__type__":"cc.Vec3","x":1,"y":1,"z":1}},{"__type__":"cc.Node","_name":"content","_parent":{"__id__":12},"_components":[{"__type__":"cc.Label","node":{"__id__":13},"_useOriginalSize":false,"_string":"立即更新","_N$string":"立即更新","_fontSize":30,"_lineHeight":30,"_enableWrapText":false,"_isSystemFontUsed":false,"_N$horizontalAlign":1,"_N$verticalAlign":1,"_N$overflow":2},{"__type__":"cc.LabelOutline","node":{"__id__":13},"_color":{"__type__":"cc.Color","r":17,"g":121,"b":42},"_width":2}],"_prefab":{"__type__":"cc.PrefabInfo","root":{"__id__":1},"asset":{"__uuid__":"34f0jjGY1Ho7HymPCqVgT7"},"fileId":"fc46dRoARD0oyPoUTceljK"},"_color":{"__type__":"cc.Color","r":254,"g":254,"b":254},"_contentSize":{"__type__":"cc.Size","width":160,"height":50},"_position":{"__type__":"cc.Vec3","x":-3,"y":4},"_scale":{"__type__":"cc.Vec3","x":1,"y":1,"z":1}},{"__type__":"cc.Node","_name":"gress","_parent":{"__id__":3},"_active":false,"_components":[{"__type__":"cc.Label","node":{"__id__":14},"_useOriginalSize":false,"_string":"0%","_N$string":"0%","_fontSize":24,"_lineHeight":30,"_isSystemFontUsed":false,"_N$horizontalAlign":2,"_N$verticalAlign":1,"_N$overflow":2}],"_prefab":{"__type__":"cc.PrefabInfo","root":{"__id__":1},"asset":{"__uuid__":"34f0jjGY1Ho7HymPCqVgT7"},"fileId":"6fti3bfMBGMaZalqCWCp5+"},"_color":{"__type__":"cc.Color","r":127,"g":37,"b":9},"_contentSize":{"__type__":"cc.Size","width":120,"height":40},"_anchorPoint":{"__type__":"cc.Vec2","x":1,"y":0.5},"_position":{"__type__":"cc.Vec3","x":399.8,"y":-139},"_scale":{"__type__":"cc.Vec3","x":1,"y":1,"z":1}},{"__type__":"cc.Node","_name":"contentFish","_parent":{"__id__":3},"_children":[{"__id__":16},{"__id__":17}],"_active":false,"_components":[{"__type__":"cc.RichText","node":{"__id__":15},"_N$string":"如您正在使用                ，请联系客服                 。非上述情况，请直接升级即可","_N$fontSize":20,"_N$lineHeight":30}],"_prefab":{"__type__":"cc.PrefabInfo","root":{"__id__":1},"asset":{"__uuid__":"34f0jjGY1Ho7HymPCqVgT7"},"fileId":"98RPo8py9D1IKOk7wlvrvY"},"_contentSize":{"__type__":"cc.Size","width":685,"height":30},"_anchorPoint":{"__type__":"cc.Vec2","y":0.5},"_position":{"__type__":"cc.Vec3","x":-389.6,"y":187},"_scale":{"__type__":"cc.Vec3","x":1,"y":1,"z":1}},{"__type__":"cc.Node","_name":"hstwl","_parent":{"__id__":15},"_components":[{"__type__":"cc.RichText","node":{"__id__":16},"_N$string":"<outline color=#ffffff width=2 > <color=ff0000>海上通网络</c></outline >","_N$fontSize":20,"_N$lineHeight":27}],"_prefab":{"__type__":"cc.PrefabInfo","root":{"__id__":1},"asset":{"__uuid__":"34f0jjGY1Ho7HymPCqVgT7"},"fileId":"e2HXSsghdPj78pXdY/LSGb"},"_contentSize":{"__type__":"cc.Size","width":113,"height":27},"_position":{"__type__":"cc.Vec3","x":172,"y":5},"_scale":{"__type__":"cc.Vec3","x":1,"y":1,"z":1}},{"__type__":"cc.Node","_name":"mllsj","_parent":{"__id__":15},"_components":[{"__type__":"cc.RichText","node":{"__id__":17},"_N$string":"<outline color=#ffffff width=2 > <color=ff0000>免流量升级</c></outline >","_N$fontSize":20,"_N$lineHeight":27}],"_prefab":{"__type__":"cc.PrefabInfo","root":{"__id__":1},"asset":{"__uuid__":"34f0jjGY1Ho7HymPCqVgT7"},"fileId":"51xQjORYNCdoA6XFUsyZRr"},"_contentSize":{"__type__":"cc.Size","width":113,"height":27},"_position":{"__type__":"cc.Vec3","x":405,"y":5},"_scale":{"__type__":"cc.Vec3","x":1,"y":1,"z":1}},{"__type__":"cc.Node","_name":"content","_parent":{"__id__":3},"_components":[{"__id__":19}],"_prefab":{"__type__":"cc.PrefabInfo","root":{"__id__":1},"asset":{"__uuid__":"34f0jjGY1Ho7HymPCqVgT7"},"fileId":"c8Gzf7QNhMkon1qmaSgjhN"},"_color":{"__type__":"cc.Color","r":248,"g":236,"b":197},"_contentSize":{"__type__":"cc.Size","width":773,"height":300},"_position":{"__type__":"cc.Vec3","x":-4,"y":52.6},"_scale":{"__type__":"cc.Vec3","x":1,"y":1,"z":1}},{"__type__":"cc.Label","node":{"__id__":18},"_srcBlendFactor":1,"_useOriginalSize":false,"_fontSize":23,"_N$overflow":2},{"__type__":"cc.Node","_name":"tips","_parent":{"__id__":3},"_active":false,"_components":[{"__type__":"cc.Label","node":{"__id__":20},"_useOriginalSize":false,"_string":"校验资源中......","_N$string":"校验资源中......","_fontSize":27,"_lineHeight":30,"_isSystemFontUsed":false,"_N$overflow":2}],"_prefab":{"__type__":"cc.PrefabInfo","root":{"__id__":1},"asset":{"__uuid__":"34f0jjGY1Ho7HymPCqVgT7"},"fileId":"ffkwo/LTdBGbKjGV7PLk/y"},"_color":{"__type__":"cc.Color","r":176,"g":56,"b":19},"_contentSize":{"__type__":"cc.Size","width":700,"height":30},"_position":{"__type__":"cc.Vec3","x":-45,"y":-136},"_scale":{"__type__":"cc.Vec3","x":1,"y":1,"z":1}},{"__type__":"cc.Node","_name":"size","_parent":{"__id__":3},"_children":[{"__id__":22},{"__id__":23}],"_active":false,"_components":[{"__type__":"cc.Label","node":{"__id__":21},"_useOriginalSize":false,"_string":"资源大小：","_N$string":"资源大小：","_fontSize":27,"_lineHeight":30,"_isSystemFontUsed":false,"_N$verticalAlign":1}],"_prefab":{"__type__":"cc.PrefabInfo","root":{"__id__":1},"asset":{"__uuid__":"34f0jjGY1Ho7HymPCqVgT7"},"fileId":"1bcERydQlMrIj74djIZl1u"},"_color":{"__type__":"cc.Color","r":176,"g":56,"b":19},"_contentSize":{"__type__":"cc.Size","width":135,"height":30},"_anchorPoint":{"__type__":"cc.Vec2","y":0.5},"_position":{"__type__":"cc.Vec3","x":-395,"y":-138},"_scale":{"__type__":"cc.Vec3","x":1,"y":1,"z":1}},{"__type__":"cc.Node","_name":"content","_parent":{"__id__":21},"_components":[{"__type__":"cc.Label","node":{"__id__":22},"_useOriginalSize":false,"_string":"0","_N$string":"0","_fontSize":27,"_lineHeight":30,"_isSystemFontUsed":false,"_N$horizontalAlign":1,"_N$verticalAlign":1}],"_prefab":{"__type__":"cc.PrefabInfo","root":{"__id__":1},"asset":{"__uuid__":"34f0jjGY1Ho7HymPCqVgT7"},"fileId":"1333BT/2dGUZg7dJKK+tLv"},"_color":{"__type__":"cc.Color","r":127,"g":37,"b":9},"_contentSize":{"__type__":"cc.Size","width":14.45,"height":30},"_anchorPoint":{"__type__":"cc.Vec2","y":0.5},"_position":{"__type__":"cc.Vec3","x":123},"_scale":{"__type__":"cc.Vec3","x":1,"y":1,"z":1}},{"__type__":"cc.Node","_name":"end","_parent":{"__id__":21},"_components":[{"__type__":"cc.Label","node":{"__id__":23},"_useOriginalSize":false,"_string":"MB,建议WIFI环境下更新","_N$string":"MB,建议WIFI环境下更新","_fontSize":27,"_lineHeight":30,"_isSystemFontUsed":false,"_N$verticalAlign":1}],"_prefab":{"__type__":"cc.PrefabInfo","root":{"__id__":1},"asset":{"__uuid__":"34f0jjGY1Ho7HymPCqVgT7"},"fileId":"9f0PQ8BORCR4earx0WwJuJ"},"_color":{"__type__":"cc.Color","r":176,"g":56,"b":19},"_contentSize":{"__type__":"cc.Size","width":277.07,"height":30},"_anchorPoint":{"__type__":"cc.Vec2","y":0.5},"_position":{"__type__":"cc.Vec3","x":150.6},"_scale":{"__type__":"cc.Vec3","x":1,"y":1,"z":1}},{"__type__":"cc.Node","_name":"checkingUpdate","_parent":{"__id__":3},"_components":[{"__type__":"cc.Label","node":{"__id__":24},"_srcBlendFactor":1,"_useOriginalSize":false,"_string":"正在检测更新......","_N$string":"正在检测更新......","_fontSize":30,"_N$horizontalAlign":1,"_N$verticalAlign":1,"_N$overflow":2},{"__type__":"cc.Animation","node":{"__id__":24},"playOnLoad":true}],"_prefab":{"__type__":"cc.PrefabInfo","root":{"__id__":1},"asset":{"__uuid__":"34f0jjGY1Ho7HymPCqVgT7"},"fileId":"eacv9PavZJz4avAxJ+5dP+"},"_color":{"__type__":"cc.Color","r":213,"g":213,"b":213},"_contentSize":{"__type__":"cc.Size","width":260,"height":57},"_position":{"__type__":"cc.Vec3","y":-79.3},"_scale":{"__type__":"cc.Vec3","x":1,"y":1,"z":1}}]