{"__type__":"sp.SkeletonData","_name":"Zhadan","_native":"raw-skeleton.json","_skeletonJson":{"skeleton":{"hash":"+dBrZ9JddGHftHjQqUzSFzFpRbk","spine":"3.6.53","width":962,"height":1730,"images":"./images/"},"bones":[{"name":"root"},{"name":"Zhadan","parent":"root","length":42.66,"rotation":91.33,"x":0.68,"y":-16.57},{"name":"Guang","parent":"Zhadan","rotation":-91.33,"x":46.85,"y":-0.54},{"name":"Yingzi","parent":"root","x":0.53,"y":-16.03}],"slots":[{"name":"Bg","bone":"root"},{"name":"Yingzi","bone":"Yingzi","attachment":"Yingzi"},{"name":"Zhadan","bone":"Zhadan","attachment":"Zhadan"},{"name":"Zhadan2","bone":"Zhadan","attachment":"Zhadan1","blend":"additive"},{"name":"Guang","bone":"Guang","attachment":"Guang","blend":"additive"},{"name":"Guang2","bone":"Guang","attachment":"Guang","blend":"additive"}],"skins":{"default":{"Guang":{"Guang":{"x":-0.02,"y":0.5,"width":58,"height":58}},"Guang2":{"Guang":{"x":-0.02,"y":0.5,"width":58,"height":58}},"Yingzi":{"Yingzi":{"x":-0.97,"y":0.26,"width":48,"height":21}},"Zhadan":{"Zhadan":{"x":24.35,"y":-0.56,"rotation":-91.33,"width":42,"height":60}},"Zhadan2":{"Zhadan1":{"x":24.35,"y":-0.56,"rotation":-91.33,"width":42,"height":60}}}},"animations":{"Baozha":{"slots":{"Guang":{"color":[{"time":0,"color":"ffffffff","curve":"stepped"},{"time":1.3333,"color":"ffffffff"}],"attachment":[{"time":0,"name":"Guang"},{"time":0.6667,"name":null},{"time":1.3333,"name":null}]},"Guang2":{"color":[{"time":0,"color":"ffffffff","curve":"stepped"},{"time":0.0333,"color":"ffffffff"},{"time":0.1,"color":"ffffff60"},{"time":0.1667,"color":"ffffffff"},{"time":0.2333,"color":"ffffff60"},{"time":0.3,"color":"ffffffff"},{"time":0.3667,"color":"ffffff60"},{"time":0.4333,"color":"ffffffff"},{"time":0.5,"color":"ffffff60"},{"time":0.5667,"color":"ffffffff"},{"time":0.6333,"color":"ffffff60","curve":"stepped"},{"time":1.3333,"color":"ffffff60"}],"attachment":[{"time":0,"name":"Guang"},{"time":0.6667,"name":null},{"time":1.3333,"name":null}]},"Yingzi":{"color":[{"time":0,"color":"ffffffff","curve":"stepped"},{"time":0.7,"color":"ffffffff"},{"time":0.9,"color":"ffffff00","curve":"stepped"},{"time":1.3333,"color":"ffffff00"}],"attachment":[{"time":0,"name":"Yingzi"},{"time":1.3333,"name":"Yingzi"}]},"Zhadan":{"attachment":[{"time":0,"name":"Zhadan"},{"time":0.7,"name":null},{"time":1.3333,"name":null}]},"Zhadan2":{"color":[{"time":0,"color":"ffffffc1"},{"time":0.0333,"color":"ffffffff"},{"time":0.1,"color":"ffffff83"},{"time":0.1667,"color":"ffffffff"},{"time":0.2333,"color":"ffffff83"},{"time":0.3,"color":"ffffffff"},{"time":0.3667,"color":"ffffff83"},{"time":0.4333,"color":"ffffffff"},{"time":0.5,"color":"ffffff83"},{"time":0.5667,"color":"ffffffff"},{"time":0.6333,"color":"ffffff83"},{"time":0.7,"color":"ffffffff","curve":"stepped"},{"time":1.3333,"color":"ffffffff"}],"attachment":[{"time":0,"name":"Zhadan1"},{"time":0.7,"name":null},{"time":1.3333,"name":null}]}},"bones":{"Zhadan":{"rotate":[{"time":0,"angle":0,"curve":"stepped"},{"time":1.3333,"angle":0}],"translate":[{"time":0,"x":-1.4,"y":19.15,"curve":"stepped"},{"time":1.3333,"x":-1.4,"y":19.15}],"scale":[{"time":0,"x":1,"y":1,"curve":"stepped"},{"time":0.0333,"x":1,"y":1},{"time":0.1,"x":1.05,"y":1.05},{"time":0.1667,"x":1,"y":1},{"time":0.2333,"x":1.05,"y":1.05},{"time":0.3,"x":1,"y":1},{"time":0.3667,"x":1.05,"y":1.05},{"time":0.4333,"x":1,"y":1},{"time":0.5,"x":1.05,"y":1.05},{"time":0.5667,"x":1,"y":1},{"time":0.6333,"x":1.05,"y":1.05},{"time":0.7,"x":1,"y":1,"curve":"stepped"},{"time":1.3333,"x":1,"y":1}],"shear":[{"time":0,"x":0,"y":0,"curve":"stepped"},{"time":1.3333,"x":0,"y":0}]},"Guang":{"rotate":[{"time":0,"angle":0,"curve":"stepped"},{"time":1.3333,"angle":0}],"translate":[{"time":0,"x":-0.08,"y":0.52,"curve":"stepped"},{"time":1.3333,"x":-0.08,"y":0.52}],"scale":[{"time":0,"x":1.218,"y":1.218,"curve":[0.538,0.38,1,0.8]},{"time":0.0333,"x":1.583,"y":1.583,"curve":[0,0.36,0.75,1]},{"time":0.1,"x":1.043,"y":1.043,"curve":[0.211,0,0.632,0.47]},{"time":0.1333,"x":1.218,"y":1.218,"curve":[0.538,0.38,1,0.8]},{"time":0.1667,"x":1.583,"y":1.583,"curve":[0,0.36,0.75,1]},{"time":0.2333,"x":1.043,"y":1.043,"curve":[0.211,0,0.632,0.47]},{"time":0.2667,"x":1.218,"y":1.218,"curve":[0.538,0.38,1,0.8]},{"time":0.3,"x":1.583,"y":1.583,"curve":[0,0.36,0.75,1]},{"time":0.3667,"x":1.043,"y":1.043,"curve":[0.211,0,0.632,0.47]},{"time":0.4,"x":1.218,"y":1.218,"curve":[0.538,0.38,1,0.8]},{"time":0.4333,"x":1.583,"y":1.583,"curve":[0,0.36,0.75,1]},{"time":0.5,"x":1.043,"y":1.043,"curve":[0.211,0,0.632,0.47]},{"time":0.5333,"x":1.218,"y":1.218,"curve":[0.538,0.38,1,0.8]},{"time":0.5667,"x":1.583,"y":1.583,"curve":[0,0.36,0.75,1]},{"time":0.6333,"x":1.043,"y":1.043,"curve":[0.211,0,0.632,0.47]},{"time":0.6667,"x":1.218,"y":1.218,"curve":"stepped"},{"time":1.3333,"x":1.218,"y":1.218}],"shear":[{"time":0,"x":0,"y":0,"curve":"stepped"},{"time":1.3333,"x":0,"y":0}]},"root":{"rotate":[{"time":0,"angle":0,"curve":"stepped"},{"time":1.3333,"angle":0}],"translate":[{"time":0,"x":0,"y":0,"curve":"stepped"},{"time":1.3333,"x":0,"y":0}],"scale":[{"time":0,"x":1,"y":1,"curve":"stepped"},{"time":1.3333,"x":1,"y":1}],"shear":[{"time":0,"x":0,"y":0,"curve":"stepped"},{"time":1.3333,"x":0,"y":0}]},"Yingzi":{"rotate":[{"time":0,"angle":0,"curve":"stepped"},{"time":1.3333,"angle":0}],"translate":[{"time":0,"x":-1.27,"y":18.07,"curve":"stepped"},{"time":1.3333,"x":-1.27,"y":18.07}],"scale":[{"time":0,"x":1,"y":1,"curve":"stepped"},{"time":0.7,"x":1,"y":1},{"time":0.9,"x":1.2,"y":1.2,"curve":"stepped"},{"time":1.3333,"x":1.2,"y":1.2}],"shear":[{"time":0,"x":0,"y":0,"curve":"stepped"},{"time":1.3333,"x":0,"y":0}]}}},"Chixu":{"slots":{"Guang":{"color":[{"time":0,"color":"ffffffff","curve":"stepped"},{"time":0.6667,"color":"ffffffff"}],"attachment":[{"time":0,"name":"Guang"},{"time":0.6667,"name":"Guang"}]},"Guang2":{"color":[{"time":0,"color":"ffffffff","curve":"stepped"},{"time":0.6667,"color":"ffffffff"}],"attachment":[{"time":0,"name":"Guang"},{"time":0.6667,"name":"Guang"}]},"Yingzi":{"color":[{"time":0,"color":"ffffffff","curve":"stepped"},{"time":0.6667,"color":"ffffffff"}],"attachment":[{"time":0,"name":"Yingzi"},{"time":0.6667,"name":"Yingzi"}]},"Zhadan":{"color":[{"time":0,"color":"ffffffff","curve":"stepped"},{"time":0.6667,"color":"ffffffff"}],"attachment":[{"time":0,"name":"Zhadan"},{"time":0.6667,"name":"Zhadan"}]},"Zhadan2":{"color":[{"time":0,"color":"ffffff00"},{"time":0.3333,"color":"ffffff9b"},{"time":0.6667,"color":"ffffff00"}],"attachment":[{"time":0,"name":"Zhadan1"},{"time":0.6667,"name":"Zhadan1"}]}},"bones":{"Guang":{"rotate":[{"time":0,"angle":0,"curve":"stepped"},{"time":0.6667,"angle":0}],"translate":[{"time":0,"x":-0.08,"y":0.52,"curve":"stepped"},{"time":0.6667,"x":-0.08,"y":0.52}],"scale":[{"time":0,"x":0.994,"y":0.994,"curve":[0.538,0.38,1,0.8]},{"time":0.1667,"x":1.359,"y":1.359,"curve":[0,0.36,0.75,1]},{"time":0.5,"x":0.819,"y":0.819,"curve":[0.211,0,0.632,0.47]},{"time":0.6667,"x":0.994,"y":0.994}],"shear":[{"time":0,"x":0,"y":0,"curve":"stepped"},{"time":0.6667,"x":0,"y":0}]},"Zhadan":{"rotate":[{"time":0,"angle":0,"curve":"stepped"},{"time":0.6667,"angle":0}],"translate":[{"time":0,"x":-1.4,"y":19.15,"curve":"stepped"},{"time":0.6667,"x":-1.4,"y":19.15}],"scale":[{"time":0,"x":1,"y":1,"curve":"stepped"},{"time":0.6667,"x":1,"y":1}],"shear":[{"time":0,"x":0,"y":0,"curve":"stepped"},{"time":0.6667,"x":0,"y":0}]},"root":{"rotate":[{"time":0,"angle":0,"curve":"stepped"},{"time":0.6667,"angle":0}],"translate":[{"time":0,"x":0,"y":0,"curve":"stepped"},{"time":0.6667,"x":0,"y":0}],"scale":[{"time":0,"x":1,"y":1,"curve":"stepped"},{"time":0.6667,"x":1,"y":1}],"shear":[{"time":0,"x":0,"y":0,"curve":"stepped"},{"time":0.6667,"x":0,"y":0}]},"Yingzi":{"rotate":[{"time":0,"angle":0,"curve":"stepped"},{"time":0.6667,"angle":0}],"translate":[{"time":0,"x":-1.27,"y":18.07,"curve":"stepped"},{"time":0.6667,"x":-1.27,"y":18.07}],"scale":[{"time":0,"x":1,"y":1,"curve":"stepped"},{"time":0.6667,"x":1,"y":1}],"shear":[{"time":0,"x":0,"y":0,"curve":"stepped"},{"time":0.6667,"x":0,"y":0}]}}}}},"_atlasText":"\nZhadan.png\nsize: 256,64\nformat: RGBA8888\nfilter: Linear,Linear\nrepeat: none\nGuang\n  rotate: false\n  xy: 2, 2\n  size: 56, 56\n  orig: 58, 58\n  offset: 1, 1\n  index: -1\nYingzi\n  rotate: false\n  xy: 100, 37\n  size: 48, 21\n  orig: 48, 21\n  offset: 0, 0\n  index: -1\nZhadan\n  rotate: false\n  xy: 60, 2\n  size: 38, 56\n  orig: 42, 60\n  offset: 2, 2\n  index: -1\nZhadan1\n  rotate: true\n  xy: 100, 6\n  size: 29, 34\n  orig: 42, 60\n  offset: 10, 24\n  index: -1\n","textures":[{"__uuid__":"ec7LijND1JZ5vfU2r43l11"}],"textureNames":["Zhadan.png"]}