{"__type__":"sp.SkeletonData","_name":"Player_Bing","_native":"raw-skeleton.json","_skeletonJson":{"skeleton":{"hash":"AdPp4sBg1HUcUSx5vI1JFMLysuE","spine":"3.6.53","width":962,"height":1730,"images":"./images/"},"bones":[{"name":"root"},{"name":"Bing","parent":"root","length":50.91,"rotation":90,"x":1.81,"y":-3,"scaleX":1.2,"scaleY":1.2},{"name":"Huo","parent":"root","length":45.29,"rotation":90,"x":1.21,"y":-11.06,"scaleX":1.18,"scaleY":1.18,"color":"00ff42ff"},{"name":"Huougang","parent":"root","length":40.03,"rotation":90,"x":-0.58,"y":-2.32,"scaleX":1.33,"scaleY":1.33}],"slots":[{"name":"Bg","bone":"root"},{"name":"Di","bone":"Bing","attachment":"Di"},{"name":"Bing","bone":"Bing","attachment":"Bing3"},{"name":"Huo","bone":"Huo","color":"ffffffaf","attachment":"Huo3"},{"name":"Huo2","bone":"Huo","color":"ffffff5c","attachment":"Huo3","blend":"additive"},{"name":"Huougang","bone":"Huougang","color":"ffffffc4","attachment":"Huougang15"},{"name":"Huougang2","bone":"Huougang","color":"ffffffaf","attachment":"Huougang15","blend":"additive"}],"skins":{"default":{"Bing":{"Bing3":{"x":24.43,"y":1.24,"rotation":-90,"width":68,"height":71},"Bing4":{"x":27.93,"y":-0.26,"rotation":-90,"width":77,"height":88},"Bing5":{"x":18.93,"y":1.24,"rotation":-90,"width":112,"height":120},"Bing6":{"x":21.93,"y":2.74,"rotation":-90,"width":129,"height":118},"Bing7":{"x":10.43,"y":0.24,"rotation":-90,"width":114,"height":95},"Bing8":{"x":15.43,"y":0.74,"rotation":-90,"width":101,"height":93}},"Di":{"Di":{"x":2.89,"y":4.78,"scaleX":1.047,"scaleY":1.047,"rotation":-90,"width":110,"height":63}},"Huo":{"Huo1":{"x":18.07,"y":-0.69,"rotation":-90,"width":79,"height":50},"Huo2":{"x":39.07,"y":2.81,"rotation":-90,"width":104,"height":92},"Huo3":{"x":43.07,"y":1.31,"rotation":-90,"width":119,"height":122},"Huo4":{"x":42.07,"y":6.31,"rotation":-90,"width":113,"height":124},"Huo5":{"x":37.57,"y":8.81,"rotation":-90,"width":132,"height":121},"Huo6":{"x":38.07,"y":2.31,"rotation":-90,"width":123,"height":128},"Huo7":{"x":44.57,"y":6.81,"rotation":-90,"width":66,"height":95}},"Huo2":{"Huo1":{"x":18.07,"y":-0.69,"rotation":-90,"width":79,"height":50},"Huo2":{"x":39.07,"y":2.81,"rotation":-90,"width":104,"height":92},"Huo3":{"x":43.07,"y":1.31,"rotation":-90,"width":119,"height":122},"Huo4":{"x":42.07,"y":6.31,"rotation":-90,"width":113,"height":124},"Huo5":{"x":37.57,"y":8.81,"rotation":-90,"width":132,"height":121},"Huo6":{"x":38.07,"y":2.31,"rotation":-90,"width":123,"height":128},"Huo7":{"x":44.57,"y":6.81,"rotation":-90,"width":66,"height":95}},"Huougang":{"Huougang1":{"x":15.36,"y":-5.83,"rotation":-90,"width":86,"height":87},"Huougang2":{"x":15.86,"y":-4.83,"rotation":-90,"width":90,"height":92},"Huougang3":{"x":16.36,"y":-4.83,"rotation":-90,"width":92,"height":93},"Huougang4":{"x":18.86,"y":-5.33,"rotation":-90,"width":101,"height":104},"Huougang5":{"x":19.36,"y":-4.83,"rotation":-90,"width":102,"height":105},"Huougang6":{"x":18.86,"y":-5.33,"rotation":-90,"width":103,"height":104},"Huougang7":{"x":18.36,"y":-4.83,"rotation":-90,"width":100,"height":103},"Huougang8":{"x":19.86,"y":-3.83,"rotation":-90,"width":98,"height":100},"Huougang9":{"x":19.86,"y":-2.33,"rotation":-90,"width":103,"height":100},"Huougang10":{"x":20.36,"y":-2.33,"rotation":-90,"width":103,"height":99},"Huougang11":{"x":19.86,"y":-2.83,"rotation":-90,"width":102,"height":98},"Huougang12":{"x":19.86,"y":-1.83,"rotation":-90,"width":102,"height":94},"Huougang13":{"x":18.86,"y":-2.33,"rotation":-90,"width":103,"height":86},"Huougang14":{"x":17.36,"y":-1.83,"rotation":-90,"width":102,"height":83},"Huougang15":{"x":14.86,"y":-0.83,"rotation":-90,"width":104,"height":80},"Huougang16":{"x":11.36,"y":-1.83,"rotation":-90,"width":102,"height":71},"Huougang17":{"x":8.36,"y":-1.33,"rotation":-90,"width":101,"height":67},"Huougang18":{"x":6.36,"y":-2.83,"rotation":-90,"width":98,"height":57},"Huougang19":{"x":7.36,"y":-3.83,"rotation":-90,"width":92,"height":49},"Huougang20":{"x":6.36,"y":-2.83,"rotation":-90,"width":82,"height":41},"Huougang21":{"x":4.36,"y":-2.83,"rotation":-90,"width":66,"height":27},"Huougang22":{"x":0.86,"y":-2.33,"rotation":-90,"width":45,"height":18}},"Huougang2":{"Huougang1":{"x":15.36,"y":-5.83,"rotation":-90,"width":86,"height":87},"Huougang2":{"x":15.86,"y":-4.83,"rotation":-90,"width":90,"height":92},"Huougang3":{"x":16.36,"y":-4.83,"rotation":-90,"width":92,"height":93},"Huougang4":{"x":18.86,"y":-5.33,"rotation":-90,"width":101,"height":104},"Huougang5":{"x":19.36,"y":-4.83,"rotation":-90,"width":102,"height":105},"Huougang6":{"x":18.86,"y":-5.33,"rotation":-90,"width":103,"height":104},"Huougang7":{"x":18.36,"y":-4.83,"rotation":-90,"width":100,"height":103},"Huougang8":{"x":19.86,"y":-3.83,"rotation":-90,"width":98,"height":100},"Huougang9":{"x":19.86,"y":-2.33,"rotation":-90,"width":103,"height":100},"Huougang10":{"x":20.36,"y":-2.33,"rotation":-90,"width":103,"height":99},"Huougang11":{"x":19.86,"y":-2.83,"rotation":-90,"width":102,"height":98},"Huougang12":{"x":19.86,"y":-1.83,"rotation":-90,"width":102,"height":94},"Huougang13":{"x":18.86,"y":-2.33,"rotation":-90,"width":103,"height":86},"Huougang14":{"x":17.36,"y":-1.83,"rotation":-90,"width":102,"height":83},"Huougang15":{"x":14.86,"y":-0.83,"rotation":-90,"width":104,"height":80},"Huougang16":{"x":11.36,"y":-1.83,"rotation":-90,"width":102,"height":71},"Huougang17":{"x":8.36,"y":-1.33,"rotation":-90,"width":101,"height":67},"Huougang18":{"x":6.36,"y":-2.83,"rotation":-90,"width":98,"height":57},"Huougang19":{"x":7.36,"y":-3.83,"rotation":-90,"width":92,"height":49},"Huougang20":{"x":6.36,"y":-2.83,"rotation":-90,"width":82,"height":41},"Huougang21":{"x":4.36,"y":-2.83,"rotation":-90,"width":66,"height":27},"Huougang22":{"x":0.86,"y":-2.33,"rotation":-90,"width":45,"height":18}}}},"animations":{"Chixu":{"slots":{"Bing":{"color":[{"time":0,"color":"ffffffff"}],"attachment":[{"time":0,"name":"Bing3"}]},"Di":{"color":[{"time":0,"color":"ffffffff"}]},"Huo":{"attachment":[{"time":0,"name":null}]},"Huo2":{"attachment":[{"time":0,"name":null}]},"Huougang":{"attachment":[{"time":0,"name":null}]},"Huougang2":{"attachment":[{"time":0,"name":null}]}},"bones":{"Bing":{"rotate":[{"time":0,"angle":0}],"translate":[{"time":0,"x":0,"y":0}],"scale":[{"time":0,"x":1,"y":1}],"shear":[{"time":0,"x":0,"y":0}]},"root":{"rotate":[{"time":0,"angle":0}],"translate":[{"time":0,"x":0,"y":0}],"scale":[{"time":0,"x":1,"y":1}],"shear":[{"time":0,"x":0,"y":0}]},"Huo":{"rotate":[{"time":0,"angle":0}],"translate":[{"time":0,"x":0,"y":-1.7}],"scale":[{"time":0,"x":1,"y":1}],"shear":[{"time":0,"x":0,"y":0}]},"Huougang":{"rotate":[{"time":0,"angle":0}],"translate":[{"time":0,"x":0,"y":0}],"scale":[{"time":0,"x":1,"y":1}],"shear":[{"time":0,"x":0,"y":0}]}}},"Jineng":{"slots":{"Bing":{"color":[{"time":0.5667,"color":"ffffffff"},{"time":0.8333,"color":"ffffffda"},{"time":1.0333,"color":"ffffff00"}],"attachment":[{"time":0,"name":"Bing3"}]},"Di":{"color":[{"time":0.5667,"color":"ffffffff"},{"time":0.8333,"color":"ffffffda"},{"time":1.0333,"color":"ffffff00"}]},"Huo":{"attachment":[{"time":0,"name":null},{"time":0.5667,"name":"Huo1"},{"time":0.6333,"name":"Huo2"},{"time":0.7,"name":"Huo3"},{"time":0.7667,"name":"Huo4"},{"time":0.8333,"name":"Huo5"},{"time":0.9,"name":"Huo6"},{"time":0.9667,"name":"Huo7"},{"time":1.0333,"name":null}]},"Huo2":{"attachment":[{"time":0,"name":null},{"time":0.5667,"name":"Huo1"},{"time":0.6333,"name":"Huo2"},{"time":0.7,"name":"Huo3"},{"time":0.7667,"name":"Huo4"},{"time":0.8333,"name":"Huo5"},{"time":0.9,"name":"Huo6"},{"time":0.9667,"name":"Huo7"},{"time":1.0333,"name":null}]},"Huougang":{"attachment":[{"time":0,"name":"Huougang1"},{"time":0.0333,"name":"Huougang2"},{"time":0.0667,"name":"Huougang3"},{"time":0.1,"name":"Huougang4"},{"time":0.1333,"name":"Huougang5"},{"time":0.1667,"name":"Huougang6"},{"time":0.2,"name":"Huougang7"},{"time":0.2333,"name":"Huougang8"},{"time":0.2667,"name":"Huougang9"},{"time":0.3,"name":"Huougang10"},{"time":0.3333,"name":"Huougang11"},{"time":0.3667,"name":"Huougang12"},{"time":0.4,"name":"Huougang13"},{"time":0.4333,"name":"Huougang14"},{"time":0.4667,"name":"Huougang15"},{"time":0.5,"name":"Huougang16"},{"time":0.5333,"name":"Huougang17"},{"time":0.5667,"name":"Huougang18"},{"time":0.6,"name":"Huougang19"},{"time":0.6333,"name":"Huougang20"},{"time":0.6667,"name":"Huougang21"},{"time":0.7,"name":"Huougang22"},{"time":0.7333,"name":null}]},"Huougang2":{"attachment":[{"time":0,"name":"Huougang1"},{"time":0.0333,"name":"Huougang2"},{"time":0.0667,"name":"Huougang3"},{"time":0.1,"name":"Huougang4"},{"time":0.1333,"name":"Huougang5"},{"time":0.1667,"name":"Huougang6"},{"time":0.2,"name":"Huougang7"},{"time":0.2333,"name":"Huougang8"},{"time":0.2667,"name":"Huougang9"},{"time":0.3,"name":"Huougang10"},{"time":0.3333,"name":"Huougang11"},{"time":0.3667,"name":"Huougang12"},{"time":0.4,"name":"Huougang13"},{"time":0.4333,"name":"Huougang14"},{"time":0.4667,"name":"Huougang15"},{"time":0.5,"name":"Huougang16"},{"time":0.5333,"name":"Huougang17"},{"time":0.5667,"name":"Huougang18"},{"time":0.6,"name":"Huougang19"},{"time":0.6333,"name":"Huougang20"},{"time":0.6667,"name":"Huougang21"},{"time":0.7,"name":"Huougang22"},{"time":0.7333,"name":null}]}},"bones":{"Bing":{"rotate":[{"time":0,"angle":0,"curve":"stepped"},{"time":1.0333,"angle":0}],"translate":[{"time":0,"x":0,"y":0,"curve":"stepped"},{"time":1.0333,"x":0,"y":0}],"scale":[{"time":0,"x":1,"y":1,"curve":"stepped"},{"time":1.0333,"x":1,"y":1}],"shear":[{"time":0,"x":0,"y":0,"curve":"stepped"},{"time":1.0333,"x":0,"y":0}]},"root":{"rotate":[{"time":0,"angle":0,"curve":"stepped"},{"time":1.0333,"angle":0}],"translate":[{"time":0,"x":0,"y":0,"curve":"stepped"},{"time":1.0333,"x":0,"y":0}],"scale":[{"time":0,"x":1,"y":1,"curve":"stepped"},{"time":1.0333,"x":1,"y":1}],"shear":[{"time":0,"x":0,"y":0,"curve":"stepped"},{"time":1.0333,"x":0,"y":0}]},"Huo":{"rotate":[{"time":0,"angle":0,"curve":"stepped"},{"time":1.0333,"angle":0}],"translate":[{"time":0,"x":0,"y":-1.7,"curve":"stepped"},{"time":1.0333,"x":0,"y":-1.7}],"scale":[{"time":0,"x":1,"y":1,"curve":"stepped"},{"time":0.5667,"x":1,"y":1},{"time":1.0333,"x":1.2,"y":1.2}],"shear":[{"time":0,"x":0,"y":0,"curve":"stepped"},{"time":1.0333,"x":0,"y":0}]},"Huougang":{"rotate":[{"time":0,"angle":0,"curve":"stepped"},{"time":1.0333,"angle":0}],"translate":[{"time":0,"x":0,"y":4.17,"curve":"stepped"},{"time":1.0333,"x":0,"y":4.17}],"scale":[{"time":0,"x":1,"y":1,"curve":"stepped"},{"time":1.0333,"x":1,"y":1}],"shear":[{"time":0,"x":0,"y":0,"curve":"stepped"},{"time":1.0333,"x":0,"y":0}]}}},"Xiaochu":{"slots":{"Bing":{"color":[{"time":0,"color":"ffffffff","curve":"stepped"},{"time":0.3333,"color":"ffffffff"}],"attachment":[{"time":0,"name":"Bing4"},{"time":0.0667,"name":"Bing5"},{"time":0.1333,"name":"Bing6"},{"time":0.2,"name":"Bing7"},{"time":0.2667,"name":"Bing8"},{"time":0.3333,"name":null}]},"Di":{"color":[{"time":0,"color":"ffffffff"},{"time":0.3333,"color":"ffffff00"}]},"Huo":{"attachment":[{"time":0,"name":null},{"time":0.3333,"name":null}]},"Huo2":{"attachment":[{"time":0,"name":null},{"time":0.3333,"name":null}]},"Huougang":{"attachment":[{"time":0,"name":null},{"time":0.3333,"name":null}]},"Huougang2":{"attachment":[{"time":0,"name":null},{"time":0.3333,"name":null}]}},"bones":{"Bing":{"rotate":[{"time":0,"angle":0,"curve":"stepped"},{"time":0.3333,"angle":0}],"translate":[{"time":0,"x":0,"y":0,"curve":"stepped"},{"time":0.3333,"x":0,"y":0}],"scale":[{"time":0,"x":1,"y":1,"curve":"stepped"},{"time":0.3333,"x":1,"y":1}],"shear":[{"time":0,"x":0,"y":0,"curve":"stepped"},{"time":0.3333,"x":0,"y":0}]},"root":{"rotate":[{"time":0,"angle":0,"curve":"stepped"},{"time":0.3333,"angle":0}],"translate":[{"time":0,"x":0,"y":0,"curve":"stepped"},{"time":0.3333,"x":0,"y":0}],"scale":[{"time":0,"x":1,"y":1,"curve":"stepped"},{"time":0.3333,"x":1,"y":1}],"shear":[{"time":0,"x":0,"y":0,"curve":"stepped"},{"time":0.3333,"x":0,"y":0}]},"Huo":{"rotate":[{"time":0,"angle":0,"curve":"stepped"},{"time":0.3333,"angle":0}],"translate":[{"time":0,"x":0,"y":-1.7,"curve":"stepped"},{"time":0.3333,"x":0,"y":-1.7}],"scale":[{"time":0,"x":1,"y":1,"curve":"stepped"},{"time":0.3333,"x":1,"y":1}],"shear":[{"time":0,"x":0,"y":0,"curve":"stepped"},{"time":0.3333,"x":0,"y":0}]},"Huougang":{"rotate":[{"time":0,"angle":0,"curve":"stepped"},{"time":0.3333,"angle":0}],"translate":[{"time":0,"x":0,"y":0,"curve":"stepped"},{"time":0.3333,"x":0,"y":0}],"scale":[{"time":0,"x":1,"y":1,"curve":"stepped"},{"time":0.3333,"x":1,"y":1}],"shear":[{"time":0,"x":0,"y":0,"curve":"stepped"},{"time":0.3333,"x":0,"y":0}]}}}}},"_atlasText":"\nPlayer_Bing.png\nsize: 1024,512\nformat: RGBA8888\nfilter: Linear,Linear\nrepeat: none\nBing3\n  rotate: false\n  xy: 895, 247\n  size: 66, 69\n  orig: 68, 71\n  offset: 1, 1\n  index: -1\nBing4\n  rotate: true\n  xy: 125, 209\n  size: 75, 86\n  orig: 77, 88\n  offset: 1, 1\n  index: -1\nBing5\n  rotate: false\n  xy: 2, 20\n  size: 110, 118\n  orig: 112, 120\n  offset: 1, 1\n  index: -1\nBing6\n  rotate: false\n  xy: 134, 393\n  size: 127, 116\n  orig: 129, 118\n  offset: 1, 1\n  index: -1\nBing7\n  rotate: false\n  xy: 387, 416\n  size: 112, 93\n  orig: 114, 95\n  offset: 1, 1\n  index: -1\nBing8\n  rotate: false\n  xy: 589, 216\n  size: 99, 91\n  orig: 101, 93\n  offset: 1, 1\n  index: -1\nDi\n  rotate: false\n  xy: 387, 353\n  size: 108, 61\n  orig: 110, 63\n  offset: 1, 1\n  index: -1\nHuo1\n  rotate: true\n  xy: 963, 234\n  size: 77, 48\n  orig: 79, 50\n  offset: 1, 1\n  index: -1\nHuo2\n  rotate: false\n  xy: 497, 317\n  size: 102, 90\n  orig: 104, 92\n  offset: 1, 1\n  index: -1\nHuo3\n  rotate: false\n  xy: 2, 140\n  size: 117, 120\n  orig: 119, 122\n  offset: 1, 1\n  index: -1\nHuo4\n  rotate: true\n  xy: 263, 398\n  size: 111, 122\n  orig: 113, 124\n  offset: 1, 1\n  index: -1\nHuo5\n  rotate: false\n  xy: 2, 390\n  size: 130, 119\n  orig: 132, 121\n  offset: 1, 1\n  index: -1\nHuo6\n  rotate: false\n  xy: 2, 262\n  size: 121, 126\n  orig: 123, 128\n  offset: 1, 1\n  index: -1\nHuo7\n  rotate: false\n  xy: 690, 214\n  size: 64, 93\n  orig: 66, 95\n  offset: 1, 1\n  index: -1\nHuougang1\n  rotate: false\n  xy: 213, 203\n  size: 84, 85\n  orig: 86, 87\n  offset: 1, 1\n  index: -1\nHuougang10\n  rotate: false\n  xy: 601, 309\n  size: 101, 97\n  orig: 103, 99\n  offset: 1, 1\n  index: -1\nHuougang11\n  rotate: false\n  xy: 385, 255\n  size: 100, 96\n  orig: 102, 98\n  offset: 1, 1\n  index: -1\nHuougang12\n  rotate: true\n  xy: 291, 296\n  size: 100, 92\n  orig: 102, 94\n  offset: 1, 1\n  index: -1\nHuougang13\n  rotate: true\n  xy: 205, 290\n  size: 101, 84\n  orig: 103, 86\n  offset: 1, 1\n  index: -1\nHuougang14\n  rotate: false\n  xy: 487, 234\n  size: 100, 81\n  orig: 102, 83\n  offset: 1, 1\n  index: -1\nHuougang15\n  rotate: true\n  xy: 125, 286\n  size: 102, 78\n  orig: 104, 80\n  offset: 1, 1\n  index: -1\nHuougang16\n  rotate: true\n  xy: 114, 38\n  size: 100, 69\n  orig: 102, 71\n  offset: 1, 1\n  index: -1\nHuougang17\n  rotate: true\n  xy: 710, 309\n  size: 99, 65\n  orig: 101, 67\n  offset: 1, 1\n  index: -1\nHuougang18\n  rotate: true\n  xy: 967, 313\n  size: 96, 55\n  orig: 98, 57\n  offset: 1, 1\n  index: -1\nHuougang19\n  rotate: true\n  xy: 846, 218\n  size: 90, 47\n  orig: 92, 49\n  offset: 1, 1\n  index: -1\nHuougang2\n  rotate: false\n  xy: 756, 217\n  size: 88, 90\n  orig: 90, 92\n  offset: 1, 1\n  index: -1\nHuougang20\n  rotate: false\n  xy: 121, 168\n  size: 80, 39\n  orig: 82, 41\n  offset: 1, 1\n  index: -1\nHuougang21\n  rotate: false\n  xy: 895, 220\n  size: 64, 25\n  orig: 66, 27\n  offset: 1, 1\n  index: -1\nHuougang22\n  rotate: false\n  xy: 2, 2\n  size: 43, 16\n  orig: 45, 18\n  offset: 1, 1\n  index: -1\nHuougang3\n  rotate: false\n  xy: 875, 318\n  size: 90, 91\n  orig: 92, 93\n  offset: 1, 1\n  index: -1\nHuougang4\n  rotate: true\n  xy: 710, 410\n  size: 99, 102\n  orig: 101, 104\n  offset: 1, 1\n  index: -1\nHuougang5\n  rotate: true\n  xy: 501, 409\n  size: 100, 103\n  orig: 102, 105\n  offset: 1, 1\n  index: -1\nHuougang6\n  rotate: true\n  xy: 606, 408\n  size: 101, 102\n  orig: 103, 104\n  offset: 1, 1\n  index: -1\nHuougang7\n  rotate: true\n  xy: 814, 411\n  size: 98, 101\n  orig: 100, 103\n  offset: 1, 1\n  index: -1\nHuougang8\n  rotate: false\n  xy: 777, 310\n  size: 96, 98\n  orig: 98, 100\n  offset: 1, 1\n  index: -1\nHuougang9\n  rotate: false\n  xy: 917, 411\n  size: 101, 98\n  orig: 103, 100\n  offset: 1, 1\n  index: -1\n","textures":[{"__uuid__":"7dLHhurI1IY67n6qATyFVF"}],"textureNames":["Player_Bing.png"]}