[{"__type__":"cc.Prefab","_name":"StageFail","data":{"__id__":1}},{"__type__":"cc.Node","_name":"StageFail","_children":[{"__id__":2},{"__id__":3}],"_level":1,"_components":[{"__type__":"cc.Button","node":{"__id__":1},"_N$target":{"__id__":1}}],"_prefab":{"__type__":"cc.PrefabInfo","root":{"__id__":1},"asset":{"__uuid__":"b9mJEHXv5JdqxdhbIBB8pb"},"fileId":"b9vkegJxhLI4G63mxvG884"},"_contentSize":{"__type__":"cc.Size","width":1460,"height":2206},"_scale":{"__type__":"cc.Vec3","x":1,"y":1,"z":1}},{"__type__":"cc.Node","_name":"bg","_parent":{"__id__":1},"_level":3,"_components":[{"__type__":"cc.Sprite","node":{"__id__":2},"_spriteFrame":{"__uuid__":"c6aEsZi7ZLuYOy5nnW0Ibk"},"_sizeMode":0}],"_prefab":{"__type__":"cc.PrefabInfo","root":{"__id__":1},"asset":{"__uuid__":"b9mJEHXv5JdqxdhbIBB8pb"},"fileId":"3bXY+Or/5DxLkQt+TM/aaf"},"_opacity":100,"_color":{"__type__":"cc.Color"},"_contentSize":{"__type__":"cc.Size","width":1460,"height":2206},"_scale":{"__type__":"cc.Vec3","x":1,"y":1,"z":1}},{"__type__":"cc.Node","_name":"box","_parent":{"__id__":1},"_children":[{"__id__":4},{"__id__":5},{"__id__":8},{"__id__":9},{"__id__":10},{"__id__":12},{"__id__":14},{"__id__":19},{"__id__":20}],"_level":3,"_components":[{"__type__":"cc.Sprite","node":{"__id__":3}}],"_prefab":{"__type__":"cc.PrefabInfo","root":{"__id__":1},"asset":{"__uuid__":"b9mJEHXv5JdqxdhbIBB8pb"},"fileId":"0dgqGJzDJFkIYK5c161z5j"},"_contentSize":{"__type__":"cc.Size","width":800,"height":800},"_scale":{"__type__":"cc.Vec3","x":1,"y":1,"z":1}},{"__type__":"cc.Node","_name":"bg1","_parent":{"__id__":3},"_level":4,"_components":[{"__type__":"cc.Sprite","node":{"__id__":4},"_spriteFrame":{"__uuid__":"dfYWpFoPxIfJaDY6gYnCT2"},"_type":1,"_sizeMode":0}],"_prefab":{"__type__":"cc.PrefabInfo","root":{"__id__":1},"asset":{"__uuid__":"b9mJEHXv5JdqxdhbIBB8pb"},"fileId":"deIxWZONtGC5g2DWHu82SZ"},"_contentSize":{"__type__":"cc.Size","width":627,"height":711},"_scale":{"__type__":"cc.Vec3","x":1,"y":1,"z":1},"_rotationX":-3,"_rotationY":-3,"_quat":{"__type__":"cc.Quat","z":0.026176948307873153,"w":0.9996573249755573}},{"__type__":"cc.Node","_name":"bg2","_parent":{"__id__":3},"_children":[{"__id__":6},{"__id__":7}],"_level":4,"_components":[{"__type__":"cc.Sprite","node":{"__id__":5},"_spriteFrame":{"__uuid__":"faaNIqbD1Ar6/pqAdxak38"},"_type":1,"_sizeMode":0}],"_prefab":{"__type__":"cc.PrefabInfo","root":{"__id__":1},"asset":{"__uuid__":"b9mJEHXv5JdqxdhbIBB8pb"},"fileId":"f5aYhN+AdADacQhjYhgukn"},"_contentSize":{"__type__":"cc.Size","width":627,"height":720},"_position":{"__type__":"cc.Vec3","y":-7},"_scale":{"__type__":"cc.Vec3","x":1,"y":1,"z":1}},{"__type__":"cc.Node","_name":"Bg_Decorate_3","_parent":{"__id__":5},"_level":5,"_components":[{"__type__":"cc.Sprite","node":{"__id__":6},"_spriteFrame":{"__uuid__":"98xDcSD71ER7K7FrzreuEq"}}],"_prefab":{"__type__":"cc.PrefabInfo","root":{"__id__":1},"asset":{"__uuid__":"b9mJEHXv5JdqxdhbIBB8pb"},"fileId":"d6YTk66m1KM4xndQdF6Lce"},"_contentSize":{"__type__":"cc.Size","width":36,"height":37},"_position":{"__type__":"cc.Vec3","x":296.5,"y":-225},"_scale":{"__type__":"cc.Vec3","x":1,"y":1,"z":1}},{"__type__":"cc.Node","_name":"Bg_Decorate_4","_parent":{"__id__":5},"_level":5,"_components":[{"__type__":"cc.Sprite","node":{"__id__":7},"_spriteFrame":{"__uuid__":"01Px1stkJPoLuRx/NYLdHY"}}],"_prefab":{"__type__":"cc.PrefabInfo","root":{"__id__":1},"asset":{"__uuid__":"b9mJEHXv5JdqxdhbIBB8pb"},"fileId":"b0AZXZ1qJB/pIIssEYTfur"},"_contentSize":{"__type__":"cc.Size","width":22,"height":33},"_position":{"__type__":"cc.Vec3","x":-303.5,"y":215},"_scale":{"__type__":"cc.Vec3","x":1,"y":1,"z":1}},{"__type__":"cc.Node","_name":"title","_parent":{"__id__":3},"_level":4,"_components":[{"__type__":"cc.Sprite","node":{"__id__":8},"_spriteFrame":{"__uuid__":"24wx729sZEEKXoFqS2g5+8"}}],"_prefab":{"__type__":"cc.PrefabInfo","root":{"__id__":1},"asset":{"__uuid__":"b9mJEHXv5JdqxdhbIBB8pb"},"fileId":"20Mb3U1YZN9Ywn5cN3e8gc"},"_contentSize":{"__type__":"cc.Size","width":406,"height":89},"_position":{"__type__":"cc.Vec3","y":360},"_scale":{"__type__":"cc.Vec3","x":1,"y":1,"z":1}},{"__type__":"cc.Node","_name":"image","_parent":{"__id__":3},"_level":4,"_components":[{"__type__":"sp.Skeleton","node":{"__id__":9},"defaultAnimation":"Lose","_N$skeletonData":{"__uuid__":"b9vUwaQSlAdosdFuTDqdAP"}}],"_prefab":{"__type__":"cc.PrefabInfo","root":{"__id__":1},"asset":{"__uuid__":"b9mJEHXv5JdqxdhbIBB8pb"},"fileId":"6abZ3GQ3ZGULSq02JBUjr4"},"_contentSize":{"__type__":"cc.Size","width":1500,"height":992},"_position":{"__type__":"cc.Vec3","x":-15,"y":-10},"_scale":{"__type__":"cc.Vec3","x":1.5,"y":1.5,"z":1}},{"__type__":"cc.Node","_name":"tips","_parent":{"__id__":3},"_children":[{"__id__":11}],"_level":4,"_components":[{"__type__":"cc.Sprite","node":{"__id__":10},"_spriteFrame":{"__uuid__":"7bn7+/6hhLVLXUI9RIakGR"},"_sizeMode":0}],"_prefab":{"__type__":"cc.PrefabInfo","root":{"__id__":1},"asset":{"__uuid__":"b9mJEHXv5JdqxdhbIBB8pb"},"fileId":"68yEDw2OFCLIjq9lIDqq9p"},"_contentSize":{"__type__":"cc.Size","width":549,"height":82},"_position":{"__type__":"cc.Vec3","y":-115},"_scale":{"__type__":"cc.Vec3","x":1,"y":1,"z":1}},{"__type__":"cc.Node","_name":"lab","_parent":{"__id__":10},"_level":5,"_components":[{"__type__":"cc.Label","node":{"__id__":11},"_srcBlendFactor":1,"_string":"分享后立即获得1点生命，继续游戏","_N$string":"分享后立即获得1点生命，继续游戏","_fontSize":30,"_lineHeight":35,"_N$file":{"__uuid__":"7ayuTvAx5NSIJwUPtdCD7i"},"_isSystemFontUsed":false,"_N$horizontalAlign":1,"_N$verticalAlign":1}],"_prefab":{"__type__":"cc.PrefabInfo","root":{"__id__":1},"asset":{"__uuid__":"b9mJEHXv5JdqxdhbIBB8pb"},"fileId":"baBpK2UYlBX6+gHn+kjahc"},"_color":{"__type__":"cc.Color","r":87,"g":70,"b":43},"_contentSize":{"__type__":"cc.Size","width":465.35,"height":35},"_scale":{"__type__":"cc.Vec3","x":1,"y":1,"z":1}},{"__type__":"cc.Node","_name":"btnReplay","_parent":{"__id__":3},"_children":[{"__id__":13}],"_level":4,"_components":[{"__type__":"cc.Sprite","node":{"__id__":12},"_spriteFrame":{"__uuid__":"bfh5zPFBtItoEk+H3aUbx3"},"_type":1},{"__type__":"cc.Button","node":{"__id__":12},"zoomScale":1.1,"_N$transition":3,"transition":3,"_N$normalColor":{"__type__":"cc.Color","r":255,"g":255,"b":255},"_N$pressedColor":{"__type__":"cc.Color","r":255,"g":255,"b":255},"pressedColor":{"__type__":"cc.Color","r":255,"g":255,"b":255},"_N$disabledColor":{"__type__":"cc.Color","r":255,"g":255,"b":255},"_N$normalSprite":{"__uuid__":"bfh5zPFBtItoEk+H3aUbx3"},"_N$pressedSprite":{"__uuid__":"e97GVMl6JHh5Ml5qEDdSGa"},"pressedSprite":{"__uuid__":"e97GVMl6JHh5Ml5qEDdSGa"},"_N$hoverSprite":{"__uuid__":"f0BIwQ8D5Ml7nTNQbh1YlS"},"hoverSprite":{"__uuid__":"f0BIwQ8D5Ml7nTNQbh1YlS"},"_N$disabledSprite":{"__uuid__":"29FYIk+N1GYaeWH/q1NxQO"},"_N$target":{"__id__":12}}],"_prefab":{"__type__":"cc.PrefabInfo","root":{"__id__":1},"asset":{"__uuid__":"b9mJEHXv5JdqxdhbIBB8pb"},"fileId":"e4NC6ci35G4KkCmhWzwCXP"},"_contentSize":{"__type__":"cc.Size","width":252,"height":94},"_position":{"__type__":"cc.Vec3","x":-145,"y":-250},"_scale":{"__type__":"cc.Vec3","x":1,"y":1,"z":1}},{"__type__":"cc.Node","_name":"lab","_parent":{"__id__":12},"_components":[{"__type__":"cc.Label","node":{"__id__":13},"_srcBlendFactor":1,"_useOriginalSize":false,"_string":"重  玩","_N$string":"重  玩","_fontSize":32,"_lineHeight":35,"_enableWrapText":false,"_N$file":{"__uuid__":"7ayuTvAx5NSIJwUPtdCD7i"},"_isSystemFontUsed":false,"_N$horizontalAlign":1,"_N$verticalAlign":1},{"__type__":"cc.LabelOutline","node":{"__id__":13},"_color":{"__type__":"cc.Color","r":30,"g":8,"b":5},"_width":3}],"_prefab":{"__type__":"cc.PrefabInfo","root":{"__id__":1},"asset":{"__uuid__":"b9mJEHXv5JdqxdhbIBB8pb"},"fileId":"d2Shst4UtOgJm4lELg9eXB"},"_contentSize":{"__type__":"cc.Size","width":102,"height":35},"_scale":{"__type__":"cc.Vec3","x":1,"y":1,"z":1}},{"__type__":"cc.Node","_name":"btnContinue","_parent":{"__id__":3},"_children":[{"__id__":15},{"__id__":16},{"__id__":17},{"__id__":18}],"_level":4,"_components":[{"__type__":"cc.Sprite","node":{"__id__":14},"_spriteFrame":{"__uuid__":"bfh5zPFBtItoEk+H3aUbx3"},"_type":1},{"__type__":"cc.Button","node":{"__id__":14},"zoomScale":1.1,"_N$transition":3,"transition":3,"_N$normalColor":{"__type__":"cc.Color","r":255,"g":255,"b":255},"_N$pressedColor":{"__type__":"cc.Color","r":255,"g":255,"b":255},"pressedColor":{"__type__":"cc.Color","r":255,"g":255,"b":255},"_N$disabledColor":{"__type__":"cc.Color","r":255,"g":255,"b":255},"_N$normalSprite":{"__uuid__":"bfh5zPFBtItoEk+H3aUbx3"},"_N$pressedSprite":{"__uuid__":"e97GVMl6JHh5Ml5qEDdSGa"},"pressedSprite":{"__uuid__":"e97GVMl6JHh5Ml5qEDdSGa"},"_N$hoverSprite":{"__uuid__":"f0BIwQ8D5Ml7nTNQbh1YlS"},"hoverSprite":{"__uuid__":"f0BIwQ8D5Ml7nTNQbh1YlS"},"_N$disabledSprite":{"__uuid__":"29FYIk+N1GYaeWH/q1NxQO"},"_N$target":{"__id__":14}}],"_prefab":{"__type__":"cc.PrefabInfo","root":{"__id__":1},"asset":{"__uuid__":"b9mJEHXv5JdqxdhbIBB8pb"},"fileId":"9fOf838+VJ7Z9sWM1ZR9JB"},"_contentSize":{"__type__":"cc.Size","width":252,"height":94},"_position":{"__type__":"cc.Vec3","x":145,"y":-250},"_scale":{"__type__":"cc.Vec3","x":1,"y":1,"z":1}},{"__type__":"cc.Node","_name":"spr1","_parent":{"__id__":14},"_level":5,"_components":[{"__type__":"cc.Sprite","node":{"__id__":15},"_spriteFrame":{"__uuid__":"bfVv5SRc9AOZ+2vCvuGsy0"}}],"_prefab":{"__type__":"cc.PrefabInfo","root":{"__id__":1},"asset":{"__uuid__":"b9mJEHXv5JdqxdhbIBB8pb"},"fileId":"11AWmBkw9GarKjyVKb8x3G"},"_contentSize":{"__type__":"cc.Size","width":59,"height":53},"_position":{"__type__":"cc.Vec3","x":-70},"_scale":{"__type__":"cc.Vec3","x":1,"y":1,"z":1}},{"__type__":"cc.Node","_name":"lab","_parent":{"__id__":14},"_components":[{"__type__":"cc.Label","node":{"__id__":16},"_srcBlendFactor":1,"_useOriginalSize":false,"_string":"+1","_N$string":"+1","_fontSize":32,"_lineHeight":35,"_enableWrapText":false,"_N$file":{"__uuid__":"7ayuTvAx5NSIJwUPtdCD7i"},"_isSystemFontUsed":false,"_N$horizontalAlign":1,"_N$verticalAlign":1},{"__type__":"cc.LabelOutline","node":{"__id__":16},"_color":{"__type__":"cc.Color","r":30,"g":8,"b":5},"_width":3}],"_prefab":{"__type__":"cc.PrefabInfo","root":{"__id__":1},"asset":{"__uuid__":"b9mJEHXv5JdqxdhbIBB8pb"},"fileId":"42wiSiEBZEYanK42pzi88E"},"_contentSize":{"__type__":"cc.Size","width":47.13,"height":35},"_position":{"__type__":"cc.Vec3","x":-15},"_scale":{"__type__":"cc.Vec3","x":1,"y":1,"z":1}},{"__type__":"cc.Node","_name":"split","_parent":{"__id__":14},"_level":5,"_components":[{"__type__":"cc.Sprite","node":{"__id__":17},"_spriteFrame":{"__uuid__":"a34Jn9NWBGGraFixa54RV+"}}],"_prefab":{"__type__":"cc.PrefabInfo","root":{"__id__":1},"asset":{"__uuid__":"b9mJEHXv5JdqxdhbIBB8pb"},"fileId":"92Z1egVflDmb+M0M6TPkI0"},"_contentSize":{"__type__":"cc.Size","width":4,"height":47},"_position":{"__type__":"cc.Vec3","x":25},"_scale":{"__type__":"cc.Vec3","x":1,"y":1,"z":1}},{"__type__":"cc.Node","_name":"spr2","_parent":{"__id__":14},"_level":5,"_components":[{"__type__":"cc.Sprite","node":{"__id__":18},"_spriteFrame":{"__uuid__":"8bFaP5IhRBbqwdHDKvchBV"}}],"_prefab":{"__type__":"cc.PrefabInfo","root":{"__id__":1},"asset":{"__uuid__":"b9mJEHXv5JdqxdhbIBB8pb"},"fileId":"b0Qxp0nPVJw5oihxuQXMxH"},"_contentSize":{"__type__":"cc.Size","width":44,"height":40},"_position":{"__type__":"cc.Vec3","x":70},"_scale":{"__type__":"cc.Vec3","x":1,"y":1,"z":1}},{"__type__":"cc.Node","_name":"btnReturn","_parent":{"__id__":3},"_level":4,"_components":[{"__type__":"cc.Sprite","node":{"__id__":19},"_spriteFrame":{"__uuid__":"19RQ4sCm9DSZuY2virIq2R"},"_sizeMode":0},{"__type__":"cc.Button","node":{"__id__":19}}],"_prefab":{"__type__":"cc.PrefabInfo","root":{"__id__":1},"asset":{"__uuid__":"b9mJEHXv5JdqxdhbIBB8pb"},"fileId":"1fJabjeZVEup02OUHc7GVj"},"_contentSize":{"__type__":"cc.Size","width":60,"height":60},"_position":{"__type__":"cc.Vec3","x":270,"y":310},"_scale":{"__type__":"cc.Vec3","x":1,"y":1,"z":1}},{"__type__":"cc.Node","_name":"Settle","_parent":{"__id__":3},"_children":[{"__id__":21},{"__id__":23},{"__id__":25},{"__id__":27},{"__id__":29},{"__id__":31},{"__id__":33},{"__id__":35}],"_level":4,"_components":[{"__type__":"cc.Layout","node":{"__id__":20},"_layoutSize":{"__type__":"cc.Size","width":503.12000000000006,"height":270},"_resize":1,"_N$layoutType":3,"_N$startAxis":1,"_N$spacingX":140}],"_prefab":{"__type__":"cc.PrefabInfo","root":{"__id__":1},"asset":{"__uuid__":"b9mJEHXv5JdqxdhbIBB8pb"},"fileId":"43T9GMVFpABr51teN5eUS4"},"_contentSize":{"__type__":"cc.Size","width":503.12000000000006,"height":270},"_anchorPoint":{"__type__":"cc.Vec2","x":0.41,"y":1},"_position":{"__type__":"cc.Vec3","x":-64,"y":-375},"_scale":{"__type__":"cc.Vec3","x":1,"y":1,"z":1}},{"__type__":"cc.Node","_name":"white","_parent":{"__id__":20},"_children":[{"__id__":22}],"_level":5,"_components":[{"__type__":"cc.Label","node":{"__id__":21},"_srcBlendFactor":1,"_string":"白色水晶:","_N$string":"白色水晶:","_lineHeight":45,"_N$file":{"__uuid__":"7ayuTvAx5NSIJwUPtdCD7i"},"_isSystemFontUsed":false,"_N$horizontalAlign":1,"_N$verticalAlign":1}],"_prefab":{"__type__":"cc.PrefabInfo","root":{"__id__":1},"asset":{"__uuid__":"b9mJEHXv5JdqxdhbIBB8pb"},"fileId":"27GjF51FxNQ7Z/WTB+eWJT"},"_contentSize":{"__type__":"cc.Size","width":181.56,"height":45},"_position":{"__type__":"cc.Vec3","x":-115.4992,"y":-22.5},"_scale":{"__type__":"cc.Vec3","x":1,"y":1,"z":1}},{"__type__":"cc.Node","_name":"count","_parent":{"__id__":21},"_level":6,"_components":[{"__type__":"cc.Label","node":{"__id__":22},"_srcBlendFactor":1,"_string":"0","_N$string":"0","_lineHeight":45,"_N$file":{"__uuid__":"7ayuTvAx5NSIJwUPtdCD7i"},"_isSystemFontUsed":false,"_N$horizontalAlign":1,"_N$verticalAlign":1}],"_prefab":{"__type__":"cc.PrefabInfo","root":{"__id__":1},"asset":{"__uuid__":"b9mJEHXv5JdqxdhbIBB8pb"},"fileId":"a8N/i/tvtOY76CCgRub6QS"},"_contentSize":{"__type__":"cc.Size","width":30.39,"height":45},"_anchorPoint":{"__type__":"cc.Vec2","y":0.5},"_position":{"__type__":"cc.Vec3","x":100},"_scale":{"__type__":"cc.Vec3","x":1,"y":1,"z":1}},{"__type__":"cc.Node","_name":"green","_parent":{"__id__":20},"_children":[{"__id__":24}],"_level":5,"_components":[{"__type__":"cc.Label","node":{"__id__":23},"_srcBlendFactor":1,"_string":"绿色水晶:","_N$string":"绿色水晶:","_lineHeight":45,"_N$file":{"__uuid__":"7ayuTvAx5NSIJwUPtdCD7i"},"_isSystemFontUsed":false,"_N$horizontalAlign":1,"_N$verticalAlign":1}],"_prefab":{"__type__":"cc.PrefabInfo","root":{"__id__":1},"asset":{"__uuid__":"b9mJEHXv5JdqxdhbIBB8pb"},"fileId":"31zRO/82VBLZMqp83pysKZ"},"_contentSize":{"__type__":"cc.Size","width":181.56,"height":45},"_position":{"__type__":"cc.Vec3","x":-115.4992,"y":-67.5},"_scale":{"__type__":"cc.Vec3","x":1,"y":1,"z":1}},{"__type__":"cc.Node","_name":"count","_parent":{"__id__":23},"_level":6,"_components":[{"__type__":"cc.Label","node":{"__id__":24},"_srcBlendFactor":1,"_string":"0","_N$string":"0","_lineHeight":45,"_N$file":{"__uuid__":"7ayuTvAx5NSIJwUPtdCD7i"},"_isSystemFontUsed":false,"_N$horizontalAlign":1,"_N$verticalAlign":1}],"_prefab":{"__type__":"cc.PrefabInfo","root":{"__id__":1},"asset":{"__uuid__":"b9mJEHXv5JdqxdhbIBB8pb"},"fileId":"8aMeSqYXZNYYvFFrufBenB"},"_contentSize":{"__type__":"cc.Size","width":30.39,"height":45},"_anchorPoint":{"__type__":"cc.Vec2","y":0.5},"_position":{"__type__":"cc.Vec3","x":100},"_scale":{"__type__":"cc.Vec3","x":1,"y":1,"z":1}},{"__type__":"cc.Node","_name":"blue","_parent":{"__id__":20},"_children":[{"__id__":26}],"_level":5,"_components":[{"__type__":"cc.Label","node":{"__id__":25},"_srcBlendFactor":1,"_string":"蓝色水晶:","_N$string":"蓝色水晶:","_lineHeight":45,"_N$file":{"__uuid__":"7ayuTvAx5NSIJwUPtdCD7i"},"_isSystemFontUsed":false,"_N$horizontalAlign":1,"_N$verticalAlign":1}],"_prefab":{"__type__":"cc.PrefabInfo","root":{"__id__":1},"asset":{"__uuid__":"b9mJEHXv5JdqxdhbIBB8pb"},"fileId":"aelgkz0cBHaZafgoFPjcej"},"_contentSize":{"__type__":"cc.Size","width":181.56,"height":45},"_position":{"__type__":"cc.Vec3","x":-115.4992,"y":-112.5},"_scale":{"__type__":"cc.Vec3","x":1,"y":1,"z":1}},{"__type__":"cc.Node","_name":"count","_parent":{"__id__":25},"_level":6,"_components":[{"__type__":"cc.Label","node":{"__id__":26},"_srcBlendFactor":1,"_string":"0","_N$string":"0","_lineHeight":45,"_N$file":{"__uuid__":"7ayuTvAx5NSIJwUPtdCD7i"},"_isSystemFontUsed":false,"_N$horizontalAlign":1,"_N$verticalAlign":1}],"_prefab":{"__type__":"cc.PrefabInfo","root":{"__id__":1},"asset":{"__uuid__":"b9mJEHXv5JdqxdhbIBB8pb"},"fileId":"36INVIU3lKs64d/UcbNq4f"},"_contentSize":{"__type__":"cc.Size","width":30.39,"height":45},"_anchorPoint":{"__type__":"cc.Vec2","y":0.5},"_position":{"__type__":"cc.Vec3","x":100},"_scale":{"__type__":"cc.Vec3","x":1,"y":1,"z":1}},{"__type__":"cc.Node","_name":"purple","_parent":{"__id__":20},"_children":[{"__id__":28}],"_level":5,"_components":[{"__type__":"cc.Label","node":{"__id__":27},"_srcBlendFactor":1,"_string":"紫色水晶:","_N$string":"紫色水晶:","_lineHeight":45,"_N$file":{"__uuid__":"7ayuTvAx5NSIJwUPtdCD7i"},"_isSystemFontUsed":false,"_N$horizontalAlign":1,"_N$verticalAlign":1}],"_prefab":{"__type__":"cc.PrefabInfo","root":{"__id__":1},"asset":{"__uuid__":"b9mJEHXv5JdqxdhbIBB8pb"},"fileId":"635yx5AilEy6oaODqILMtR"},"_contentSize":{"__type__":"cc.Size","width":181.56,"height":45},"_position":{"__type__":"cc.Vec3","x":-115.4992,"y":-157.5},"_scale":{"__type__":"cc.Vec3","x":1,"y":1,"z":1}},{"__type__":"cc.Node","_name":"count","_parent":{"__id__":27},"_level":6,"_components":[{"__type__":"cc.Label","node":{"__id__":28},"_srcBlendFactor":1,"_string":"0","_N$string":"0","_lineHeight":45,"_N$file":{"__uuid__":"7ayuTvAx5NSIJwUPtdCD7i"},"_isSystemFontUsed":false,"_N$horizontalAlign":1,"_N$verticalAlign":1}],"_prefab":{"__type__":"cc.PrefabInfo","root":{"__id__":1},"asset":{"__uuid__":"b9mJEHXv5JdqxdhbIBB8pb"},"fileId":"80PYUKr0dLZqQlwZWnZFMg"},"_contentSize":{"__type__":"cc.Size","width":30.39,"height":45},"_anchorPoint":{"__type__":"cc.Vec2","y":0.5},"_position":{"__type__":"cc.Vec3","x":100},"_scale":{"__type__":"cc.Vec3","x":1,"y":1,"z":1}},{"__type__":"cc.Node","_name":"orange","_parent":{"__id__":20},"_children":[{"__id__":30}],"_level":5,"_components":[{"__type__":"cc.Label","node":{"__id__":29},"_srcBlendFactor":1,"_string":"橙色水晶:","_N$string":"橙色水晶:","_lineHeight":45,"_N$file":{"__uuid__":"7ayuTvAx5NSIJwUPtdCD7i"},"_isSystemFontUsed":false,"_N$horizontalAlign":1,"_N$verticalAlign":1}],"_prefab":{"__type__":"cc.PrefabInfo","root":{"__id__":1},"asset":{"__uuid__":"b9mJEHXv5JdqxdhbIBB8pb"},"fileId":"9a2jl3UjNBEI/e2+K6+iAF"},"_contentSize":{"__type__":"cc.Size","width":181.56,"height":45},"_position":{"__type__":"cc.Vec3","x":-115.4992,"y":-202.5},"_scale":{"__type__":"cc.Vec3","x":1,"y":1,"z":1}},{"__type__":"cc.Node","_name":"count","_parent":{"__id__":29},"_level":6,"_components":[{"__type__":"cc.Label","node":{"__id__":30},"_srcBlendFactor":1,"_string":"0","_N$string":"0","_lineHeight":45,"_N$file":{"__uuid__":"7ayuTvAx5NSIJwUPtdCD7i"},"_isSystemFontUsed":false,"_N$horizontalAlign":1,"_N$verticalAlign":1}],"_prefab":{"__type__":"cc.PrefabInfo","root":{"__id__":1},"asset":{"__uuid__":"b9mJEHXv5JdqxdhbIBB8pb"},"fileId":"249i8eoz9Gjo4bCeHZ/0bH"},"_contentSize":{"__type__":"cc.Size","width":30.39,"height":45},"_anchorPoint":{"__type__":"cc.Vec2","y":0.5},"_position":{"__type__":"cc.Vec3","x":100},"_scale":{"__type__":"cc.Vec3","x":1,"y":1,"z":1}},{"__type__":"cc.Node","_name":"red","_parent":{"__id__":20},"_children":[{"__id__":32}],"_level":5,"_components":[{"__type__":"cc.Label","node":{"__id__":31},"_srcBlendFactor":1,"_string":"红色水晶:","_N$string":"红色水晶:","_lineHeight":45,"_N$file":{"__uuid__":"7ayuTvAx5NSIJwUPtdCD7i"},"_isSystemFontUsed":false,"_N$horizontalAlign":1,"_N$verticalAlign":1}],"_prefab":{"__type__":"cc.PrefabInfo","root":{"__id__":1},"asset":{"__uuid__":"b9mJEHXv5JdqxdhbIBB8pb"},"fileId":"834dzFtzNDs4uq5wGtiQMh"},"_contentSize":{"__type__":"cc.Size","width":181.56,"height":45},"_position":{"__type__":"cc.Vec3","x":-115.4992,"y":-247.5},"_scale":{"__type__":"cc.Vec3","x":1,"y":1,"z":1}},{"__type__":"cc.Node","_name":"count","_parent":{"__id__":31},"_level":6,"_components":[{"__type__":"cc.Label","node":{"__id__":32},"_srcBlendFactor":1,"_string":"0","_N$string":"0","_lineHeight":45,"_N$file":{"__uuid__":"7ayuTvAx5NSIJwUPtdCD7i"},"_isSystemFontUsed":false,"_N$horizontalAlign":1,"_N$verticalAlign":1}],"_prefab":{"__type__":"cc.PrefabInfo","root":{"__id__":1},"asset":{"__uuid__":"b9mJEHXv5JdqxdhbIBB8pb"},"fileId":"a885OdL5JIJ4JzYbS/+y2s"},"_contentSize":{"__type__":"cc.Size","width":30.39,"height":45},"_anchorPoint":{"__type__":"cc.Vec2","y":0.5},"_position":{"__type__":"cc.Vec3","x":100},"_scale":{"__type__":"cc.Vec3","x":1,"y":1,"z":1}},{"__type__":"cc.Node","_name":"venom","_parent":{"__id__":20},"_children":[{"__id__":34}],"_level":5,"_components":[{"__type__":"cc.Label","node":{"__id__":33},"_srcBlendFactor":1,"_string":"毒素水晶:","_N$string":"毒素水晶:","_lineHeight":45,"_N$file":{"__uuid__":"7ayuTvAx5NSIJwUPtdCD7i"},"_isSystemFontUsed":false,"_N$horizontalAlign":1,"_N$verticalAlign":1}],"_prefab":{"__type__":"cc.PrefabInfo","root":{"__id__":1},"asset":{"__uuid__":"b9mJEHXv5JdqxdhbIBB8pb"},"fileId":"7erZaUHv9ECIuDI3Q9AAAQ"},"_contentSize":{"__type__":"cc.Size","width":181.56,"height":45},"_position":{"__type__":"cc.Vec3","x":206.06080000000003,"y":-22.5},"_scale":{"__type__":"cc.Vec3","x":1,"y":1,"z":1}},{"__type__":"cc.Node","_name":"count","_parent":{"__id__":33},"_level":6,"_components":[{"__type__":"cc.Label","node":{"__id__":34},"_srcBlendFactor":1,"_string":"0","_N$string":"0","_lineHeight":45,"_N$file":{"__uuid__":"7ayuTvAx5NSIJwUPtdCD7i"},"_isSystemFontUsed":false,"_N$horizontalAlign":1,"_N$verticalAlign":1}],"_prefab":{"__type__":"cc.PrefabInfo","root":{"__id__":1},"asset":{"__uuid__":"b9mJEHXv5JdqxdhbIBB8pb"},"fileId":"d80UewV/JHgrXbTz2f0Zrj"},"_contentSize":{"__type__":"cc.Size","width":30.39,"height":45},"_anchorPoint":{"__type__":"cc.Vec2","y":0.5},"_position":{"__type__":"cc.Vec3","x":100},"_scale":{"__type__":"cc.Vec3","x":1,"y":1,"z":1}},{"__type__":"cc.Node","_name":"ice","_parent":{"__id__":20},"_children":[{"__id__":36}],"_level":5,"_components":[{"__type__":"cc.Label","node":{"__id__":35},"_srcBlendFactor":1,"_string":"冰冻水晶:","_N$string":"冰冻水晶:","_lineHeight":45,"_N$file":{"__uuid__":"7ayuTvAx5NSIJwUPtdCD7i"},"_isSystemFontUsed":false,"_N$horizontalAlign":1,"_N$verticalAlign":1}],"_prefab":{"__type__":"cc.PrefabInfo","root":{"__id__":1},"asset":{"__uuid__":"b9mJEHXv5JdqxdhbIBB8pb"},"fileId":"c904VVPBJHir5d5pt1qDqk"},"_contentSize":{"__type__":"cc.Size","width":181.56,"height":45},"_position":{"__type__":"cc.Vec3","x":206.06080000000003,"y":-67.5},"_scale":{"__type__":"cc.Vec3","x":1,"y":1,"z":1}},{"__type__":"cc.Node","_name":"count","_parent":{"__id__":35},"_level":6,"_components":[{"__type__":"cc.Label","node":{"__id__":36},"_srcBlendFactor":1,"_string":"0","_N$string":"0","_lineHeight":45,"_N$file":{"__uuid__":"7ayuTvAx5NSIJwUPtdCD7i"},"_isSystemFontUsed":false,"_N$horizontalAlign":1,"_N$verticalAlign":1}],"_prefab":{"__type__":"cc.PrefabInfo","root":{"__id__":1},"asset":{"__uuid__":"b9mJEHXv5JdqxdhbIBB8pb"},"fileId":"bbALabappCGbL8BXFKgjom"},"_contentSize":{"__type__":"cc.Size","width":30.39,"height":45},"_anchorPoint":{"__type__":"cc.Vec2","y":0.5},"_position":{"__type__":"cc.Vec3","x":100},"_scale":{"__type__":"cc.Vec3","x":1,"y":1,"z":1}}]