[{"__type__":"cc.Prefab","_name":"monsterBrith","data":{"__id__":1}},{"__type__":"cc.Node","_name":"monsterBrith","_children":[{"__id__":2}],"_level":1,"_components":[{"__type__":"30a58W5svhKlo0qVxCyS6u2","node":{"__id__":1},"monsterNode":{"__uuid__":"6aUdia5YhCZK6I3fAbNUd2"}}],"_prefab":{"__type__":"cc.PrefabInfo","root":{"__id__":1},"asset":{"__uuid__":"ef5qNTO2VLOZIQt3wmHyDo"},"fileId":"88ansVOwlCPpUMf9uFE3DJ"},"_contentSize":{"__type__":"cc.Size","width":64,"height":64},"_anchorPoint":{"__type__":"cc.Vec2"},"_scale":{"__type__":"cc.Vec3","x":1,"y":1,"z":1}},{"__type__":"cc.Node","_name":"Animaion","_parent":{"__id__":1},"_active":false,"_level":2,"_components":[{"__type__":"sp.Skeleton","node":{"__id__":2},"defaultAnimation":"Born","_N$skeletonData":{"__uuid__":"f0r+vXQFJDgbJNxAhsLzON"}}],"_prefab":{"__type__":"cc.PrefabInfo","root":{"__id__":1},"asset":{"__uuid__":"ef5qNTO2VLOZIQt3wmHyDo"},"fileId":"4ccMRfW4NO4qa0AADUDFhA"},"_contentSize":{"__type__":"cc.Size","width":95,"height":144},"_anchorPoint":{"__type__":"cc.Vec2"},"_position":{"__type__":"cc.Vec3","x":32,"y":32},"_scale":{"__type__":"cc.Vec3","x":1,"y":1,"z":1}}]