{"skeleton":{"hash":"xDKKYi1S+reVM1MJTz9NnZ7DwmE","spine":"3.6.53","width":962,"height":1730,"images":"./images/"},"bones":[{"name":"root"},{"name":"Bing","parent":"root","x":7.67,"y":54.1},{"name":"Guang","parent":"root","length":69.33,"rotation":90,"x":6.32,"y":-10.29},{"name":"Shan","parent":"root","rotation":0.04,"x":1,"y":33.03}],"slots":[{"name":"Bg","bone":"root","color":"7a7a7aff"},{"name":"Guang","bone":"Guang","attachment":"1"},{"name":"Shan","bone":"Shan","attachment":"_frame_9"},{"name":"Bing","bone":"Bing","attachment":"Bing6"}],"skins":{"default":{"Bing":{"Bing1":{"x":-1.58,"y":3.69,"width":61,"height":61},"Bing2":{"x":0.92,"y":9.69,"width":78,"height":75},"Bing3":{"x":1.42,"y":6.69,"width":93,"height":81},"Bing4":{"x":-3.58,"y":7.19,"width":115,"height":92},"Bing5":{"x":-1.08,"y":6.19,"width":118,"height":112},"Bing6":{"x":0.92,"y":6.69,"width":124,"height":125},"Bing7":{"x":0.42,"y":5.69,"width":141,"height":143},"Bing8":{"x":0.42,"y":8.69,"width":151,"height":145},"Bing9":{"x":0.42,"y":10.69,"width":165,"height":147},"Bing10":{"x":1.92,"y":1.19,"width":172,"height":134},"Bing11":{"x":0.42,"y":14.19,"width":191,"height":120},"Bing12":{"x":0.42,"y":5.19,"width":165,"height":118},"Bing13":{"x":0.92,"y":10.19,"width":184,"height":120}},"Guang":{"1":{"x":14.23,"y":3.17,"rotation":-90,"width":63,"height":45},"2":{"x":23.23,"y":3.17,"rotation":-90,"width":69,"height":69},"3":{"x":31.73,"y":3.67,"rotation":-90,"width":70,"height":80},"4":{"x":56.73,"y":-3.33,"rotation":-90,"width":116,"height":128},"5":{"x":45.23,"y":-8.33,"rotation":-90,"width":118,"height":123},"6":{"x":65.23,"y":-1.83,"rotation":-90,"width":103,"height":129},"7":{"x":65.23,"y":1.67,"rotation":-90,"width":122,"height":99},"8":{"x":65.23,"y":-1.25,"rotation":-90,"width":107,"height":115},"9":{"x":70.23,"y":-1.92,"rotation":-90,"width":94,"height":111},"10":{"x":64.73,"y":-1.83,"rotation":-90,"width":109,"height":126},"11":{"x":72.23,"y":-7.33,"rotation":-90,"width":120,"height":101}},"Shan":{"_frame_0":{"x":29.89,"y":32.21,"width":377,"height":422},"_frame_1":{"x":29.89,"y":32.21,"width":377,"height":422},"_frame_2":{"x":29.89,"y":32.21,"width":377,"height":422},"_frame_3":{"x":29.89,"y":32.21,"width":377,"height":422},"_frame_4":{"x":29.89,"y":32.21,"width":377,"height":422},"_frame_5":{"x":29.89,"y":32.21,"width":377,"height":422},"_frame_6":{"x":29.89,"y":32.21,"width":377,"height":422},"_frame_7":{"x":29.89,"y":32.21,"width":377,"height":422},"_frame_8":{"x":29.89,"y":32.21,"width":377,"height":422},"_frame_9":{"x":29.89,"y":32.21,"width":377,"height":422},"_frame_10":{"x":29.89,"y":32.21,"width":377,"height":422}}}},"events":{"Bing":{}},"animations":{"Shan":{"slots":{"Bing":{"color":[{"time":0,"color":"ffffffff","curve":"stepped"},{"time":1.1667,"color":"ffffffff"},{"time":1.3,"color":"ffffff00"}],"attachment":[{"time":0,"name":null},{"time":0.7667,"name":"Bing1"},{"time":0.8,"name":"Bing2"},{"time":0.8333,"name":"Bing3"},{"time":0.8667,"name":"Bing4"},{"time":0.9,"name":"Bing5"},{"time":0.9333,"name":"Bing6"},{"time":0.9667,"name":"Bing7"},{"time":1,"name":"Bing8"},{"time":1.0333,"name":"Bing9"},{"time":1.0667,"name":"Bing10"},{"time":1.1,"name":"Bing11"},{"time":1.1333,"name":"Bing12"},{"time":1.1667,"name":"Bing13"},{"time":1.3,"name":null}]},"Guang":{"attachment":[{"time":0,"name":null},{"time":0.4333,"name":"1"},{"time":0.4667,"name":"2"},{"time":0.5,"name":"3"},{"time":0.5333,"name":"4"},{"time":0.5667,"name":"5"},{"time":0.6,"name":"6"},{"time":0.6333,"name":"7"},{"time":0.6667,"name":"8"},{"time":0.7,"name":"9"},{"time":0.7333,"name":"10"},{"time":0.7667,"name":"11"},{"time":0.8,"name":null},{"time":1.3,"name":null}]},"Shan":{"attachment":[{"time":0,"name":null},{"time":0.0333,"name":"_frame_0"},{"time":0.0667,"name":"_frame_1"},{"time":0.1,"name":"_frame_2"},{"time":0.1333,"name":"_frame_3"},{"time":0.1667,"name":"_frame_4"},{"time":0.2,"name":"_frame_5"},{"time":0.2333,"name":"_frame_6"},{"time":0.2667,"name":"_frame_7"},{"time":0.3,"name":"_frame_8"},{"time":0.3333,"name":"_frame_9"},{"time":0.3667,"name":"_frame_10"},{"time":0.4,"name":null},{"time":1.3,"name":null}]}},"bones":{"Shan":{"rotate":[{"time":0,"angle":0,"curve":"stepped"},{"time":1.3,"angle":0}],"translate":[{"time":0,"x":1.88,"y":0,"curve":"stepped"},{"time":1.3,"x":1.88,"y":0}],"scale":[{"time":0,"x":1,"y":1,"curve":"stepped"},{"time":1.3,"x":1,"y":1}],"shear":[{"time":0,"x":0,"y":0,"curve":"stepped"},{"time":1.3,"x":0,"y":0}]},"Guang":{"rotate":[{"time":0,"angle":0,"curve":"stepped"},{"time":1.3,"angle":0}],"translate":[{"time":0,"x":-1.88,"y":9.88,"curve":"stepped"},{"time":1.3,"x":-1.88,"y":9.88}],"scale":[{"time":0,"x":1.3,"y":1.3,"curve":"stepped"},{"time":1.3,"x":1.3,"y":1.3}],"shear":[{"time":0,"x":0,"y":0,"curve":"stepped"},{"time":1.3,"x":0,"y":0}]},"Bing":{"rotate":[{"time":0,"angle":0,"curve":"stepped"},{"time":1.3,"angle":0}],"translate":[{"time":0,"x":-0.57,"y":24.58,"curve":"stepped"},{"time":1.3,"x":-0.57,"y":24.58}],"scale":[{"time":0,"x":1,"y":1,"curve":"stepped"},{"time":1.1667,"x":1,"y":1},{"time":1.3,"x":1.2,"y":1.2}],"shear":[{"time":0,"x":0,"y":0,"curve":"stepped"},{"time":1.3,"x":0,"y":0}]},"root":{"rotate":[{"time":0,"angle":0,"curve":"stepped"},{"time":1.3,"angle":0}],"translate":[{"time":0,"x":0,"y":0,"curve":"stepped"},{"time":1.3,"x":0,"y":0}],"scale":[{"time":0,"x":1,"y":1,"curve":"stepped"},{"time":1.3,"x":1,"y":1}],"shear":[{"time":0,"x":0,"y":0,"curve":"stepped"},{"time":1.3,"x":0,"y":0}]}},"events":[{"time":0.7667,"name":"Bing"}]}}}