[{"__type__":"cc.Prefab","_name":"SlimeDiamond","data":{"__id__":1}},{"__type__":"cc.Node","_name":"SlimeDiamond","_children":[{"__id__":2}],"_level":1,"_components":[{"__type__":"bfba9BRyU5PU68ytArLi0Bq","node":{"__id__":1}}],"_prefab":{"__type__":"cc.PrefabInfo","root":{"__id__":1},"asset":{"__uuid__":"95v0XUxjBOQ6yJ7HkwxFQ/"},"fileId":"58CwhmN0tMhaqEjxoKySMN"},"_contentSize":{"__type__":"cc.Size","width":64,"height":64},"_anchorPoint":{"__type__":"cc.Vec2"},"_scale":{"__type__":"cc.Vec3","x":1,"y":1,"z":1}},{"__type__":"cc.Node","_name":"Animaion","_parent":{"__id__":1},"_level":2,"_components":[{"__type__":"sp.Skeleton","node":{"__id__":2},"defaultAnimation":"Chixu","_N$skeletonData":{"__uuid__":"f6hg2RkVJOb4WX4f07NaLl"}}],"_prefab":{"__type__":"cc.PrefabInfo","root":{"__id__":1},"asset":{"__uuid__":"95v0XUxjBOQ6yJ7HkwxFQ/"},"fileId":"9fVneH2/NAJZX1NQ9DvmNf"},"_contentSize":{"__type__":"cc.Size","width":639,"height":1136},"_anchorPoint":{"__type__":"cc.Vec2"},"_position":{"__type__":"cc.Vec3","x":32,"y":27.2},"_scale":{"__type__":"cc.Vec3","x":1,"y":1,"z":1}}]