[{"__type__":"cc.Prefab","_name":"IceDiamond","data":{"__id__":1}},{"__type__":"cc.Node","_name":"IceDiamond","_children":[{"__id__":2}],"_level":1,"_components":[{"__type__":"7d3d13RHEhDv7q4TS2XVdBX","node":{"__id__":1}}],"_prefab":{"__type__":"cc.PrefabInfo","root":{"__id__":1},"asset":{"__uuid__":"a0Xzhg95pKoZlARoWo51z5"},"fileId":"aeHcHNFhZEPrUuvufqTHTV"},"_contentSize":{"__type__":"cc.Size","width":64,"height":64},"_anchorPoint":{"__type__":"cc.Vec2"},"_scale":{"__type__":"cc.Vec3","x":1,"y":1,"z":1}},{"__type__":"cc.Node","_name":"Animaion","_parent":{"__id__":1},"_level":2,"_components":[{"__type__":"sp.Skeleton","node":{"__id__":2},"defaultAnimation":"Chixu","_N$skeletonData":{"__uuid__":"07bzuDHhNFuqeex6B3JGFf"}}],"_prefab":{"__type__":"cc.PrefabInfo","root":{"__id__":1},"asset":{"__uuid__":"a0Xzhg95pKoZlARoWo51z5"},"fileId":"a4eEBV7rxKqZmcoT9fFdr5"},"_contentSize":{"__type__":"cc.Size","width":50.89,"height":63.98},"_anchorPoint":{"__type__":"cc.Vec2"},"_position":{"__type__":"cc.Vec3","x":32,"y":27},"_scale":{"__type__":"cc.Vec3","x":1,"y":1,"z":1}}]