{"__type__":"sp.SkeletonData","_name":"Monster_Bing","_native":"raw-skeleton.json","_skeletonJson":{"skeleton":{"hash":"qfoeDEWJ0qA+LvBVhEkmtLw3JP8","spine":"3.6.53","width":962,"height":1730,"images":"./images/"},"bones":[{"name":"root"},{"name":"Bing","parent":"root","length":50.91,"rotation":90,"x":1.81,"y":-5.04,"scaleX":1.2,"scaleY":1.2},{"name":"Wu","parent":"root","x":0.99,"y":14.96}],"slots":[{"name":"Bg","bone":"root"},{"name":"Bing","bone":"Bing","attachment":"Bing2"},{"name":"Wu","bone":"Wu","attachment":"3"}],"skins":{"default":{"Bing":{"Bing1":{"x":31.43,"y":-1.26,"rotation":-90,"width":93,"height":89},"Bing2":{"x":34.43,"y":-1.26,"rotation":-90,"width":103,"height":93},"Bing3":{"x":24.43,"y":1.24,"rotation":-90,"width":68,"height":71},"Bing4":{"x":27.93,"y":-0.26,"rotation":-90,"width":77,"height":88},"Bing5":{"x":18.93,"y":1.24,"rotation":-90,"width":112,"height":120},"Bing6":{"x":21.93,"y":2.74,"rotation":-90,"width":129,"height":118},"Bing7":{"x":10.43,"y":0.24,"rotation":-90,"width":114,"height":95},"Bing8":{"x":15.43,"y":0.74,"rotation":-90,"width":101,"height":93}},"Wu":{"2":{"x":-0.42,"y":-5.07,"width":146,"height":138},"3":{"x":5.58,"y":-2.07,"width":158,"height":156},"4":{"x":-2.42,"y":-4.57,"width":182,"height":167},"5":{"x":-1.42,"y":-2.57,"width":178,"height":171},"6":{"x":-7.42,"y":-2.57,"width":182,"height":159},"7":{"x":-5.42,"y":-2.07,"width":182,"height":152},"8":{"x":-5.92,"y":-4.07,"width":183,"height":140}}}},"animations":{"Chixu":{"slots":{"Bing":{"attachment":[{"time":0,"name":"Bing3"}]},"Wu":{"attachment":[{"time":0,"name":null}]}},"bones":{"Bing":{"rotate":[{"time":0,"angle":0}],"translate":[{"time":0,"x":0,"y":0}],"scale":[{"time":0,"x":1,"y":1}],"shear":[{"time":0,"x":0,"y":0}]},"Wu":{"rotate":[{"time":0,"angle":0}],"translate":[{"time":0,"x":0,"y":0}],"scale":[{"time":0,"x":1,"y":1}],"shear":[{"time":0,"x":0,"y":0}]},"root":{"rotate":[{"time":0,"angle":0}],"translate":[{"time":0,"x":0,"y":0}],"scale":[{"time":0,"x":1,"y":1}],"shear":[{"time":0,"x":0,"y":0}]}}},"Chuxian":{"slots":{"Bing":{"attachment":[{"time":0,"name":"Bing1"},{"time":0.0667,"name":"Bing2"},{"time":0.1333,"name":"Bing3"},{"time":0.4667,"name":"Bing3"}]},"Wu":{"attachment":[{"time":0,"name":"2"},{"time":0.0667,"name":"3"},{"time":0.1333,"name":"4"},{"time":0.2,"name":"5"},{"time":0.2667,"name":"6"},{"time":0.3333,"name":"7"},{"time":0.4,"name":"8"},{"time":0.4667,"name":null}]}},"bones":{"root":{"rotate":[{"time":0,"angle":0,"curve":"stepped"},{"time":0.4667,"angle":0}],"translate":[{"time":0,"x":0,"y":0,"curve":"stepped"},{"time":0.4667,"x":0,"y":0}],"scale":[{"time":0,"x":1,"y":1,"curve":"stepped"},{"time":0.4667,"x":1,"y":1}],"shear":[{"time":0,"x":0,"y":0,"curve":"stepped"},{"time":0.4667,"x":0,"y":0}]},"Bing":{"rotate":[{"time":0,"angle":0,"curve":"stepped"},{"time":0.4667,"angle":0}],"translate":[{"time":0,"x":0,"y":0,"curve":"stepped"},{"time":0.4667,"x":0,"y":0}],"scale":[{"time":0,"x":1,"y":1,"curve":"stepped"},{"time":0.4667,"x":1,"y":1}],"shear":[{"time":0,"x":0,"y":0,"curve":"stepped"},{"time":0.4667,"x":0,"y":0}]},"Wu":{"rotate":[{"time":0,"angle":0,"curve":"stepped"},{"time":0.4667,"angle":0}],"translate":[{"time":0,"x":0,"y":0,"curve":"stepped"},{"time":0.4667,"x":0,"y":0}],"scale":[{"time":0,"x":1,"y":1,"curve":"stepped"},{"time":0.4667,"x":1,"y":1}],"shear":[{"time":0,"x":0,"y":0,"curve":"stepped"},{"time":0.4667,"x":0,"y":0}]}}},"Xiaochu":{"slots":{"Bing":{"attachment":[{"time":0,"name":"Bing4"},{"time":0.0667,"name":"Bing5"},{"time":0.1333,"name":"Bing6"},{"time":0.2,"name":"Bing7"},{"time":0.2667,"name":"Bing8"},{"time":0.3333,"name":null}]},"Wu":{"attachment":[{"time":0,"name":null},{"time":0.3333,"name":null}]}},"bones":{"Bing":{"rotate":[{"time":0,"angle":0,"curve":"stepped"},{"time":0.3333,"angle":0}],"translate":[{"time":0,"x":0,"y":0,"curve":"stepped"},{"time":0.3333,"x":0,"y":0}],"scale":[{"time":0,"x":1,"y":1,"curve":"stepped"},{"time":0.3333,"x":1,"y":1}],"shear":[{"time":0,"x":0,"y":0,"curve":"stepped"},{"time":0.3333,"x":0,"y":0}]},"root":{"rotate":[{"time":0,"angle":0,"curve":"stepped"},{"time":0.3333,"angle":0}],"translate":[{"time":0,"x":0,"y":0,"curve":"stepped"},{"time":0.3333,"x":0,"y":0}],"scale":[{"time":0,"x":1,"y":1,"curve":"stepped"},{"time":0.3333,"x":1,"y":1}],"shear":[{"time":0,"x":0,"y":0,"curve":"stepped"},{"time":0.3333,"x":0,"y":0}]},"Wu":{"rotate":[{"time":0,"angle":0,"curve":"stepped"},{"time":0.3333,"angle":0}],"translate":[{"time":0,"x":0,"y":0,"curve":"stepped"},{"time":0.3333,"x":0,"y":0}],"scale":[{"time":0,"x":1,"y":1,"curve":"stepped"},{"time":0.3333,"x":1,"y":1}],"shear":[{"time":0,"x":0,"y":0,"curve":"stepped"},{"time":0.3333,"x":0,"y":0}]}}}}},"_atlasText":"\nMonster_Bing.png\nsize: 1024,512\nformat: RGBA8888\nfilter: Linear,Linear\nrepeat: none\n2\n  rotate: false\n  xy: 731, 358\n  size: 144, 136\n  orig: 146, 138\n  offset: 1, 1\n  index: -1\n3\n  rotate: false\n  xy: 2, 2\n  size: 156, 154\n  orig: 158, 156\n  offset: 1, 1\n  index: -1\n4\n  rotate: false\n  xy: 2, 329\n  size: 180, 165\n  orig: 182, 167\n  offset: 1, 1\n  index: -1\n5\n  rotate: false\n  xy: 2, 158\n  size: 176, 169\n  orig: 178, 171\n  offset: 1, 1\n  index: -1\n6\n  rotate: false\n  xy: 184, 337\n  size: 180, 157\n  orig: 182, 159\n  offset: 1, 1\n  index: -1\n7\n  rotate: false\n  xy: 366, 344\n  size: 180, 150\n  orig: 182, 152\n  offset: 1, 1\n  index: -1\n8\n  rotate: false\n  xy: 548, 356\n  size: 181, 138\n  orig: 183, 140\n  offset: 1, 1\n  index: -1\nBing1\n  rotate: true\n  xy: 651, 263\n  size: 91, 87\n  orig: 93, 89\n  offset: 1, 1\n  index: -1\nBing2\n  rotate: false\n  xy: 548, 263\n  size: 101, 91\n  orig: 103, 93\n  offset: 1, 1\n  index: -1\nBing3\n  rotate: false\n  xy: 272, 266\n  size: 66, 69\n  orig: 68, 71\n  offset: 1, 1\n  index: -1\nBing4\n  rotate: true\n  xy: 184, 260\n  size: 75, 86\n  orig: 77, 88\n  offset: 1, 1\n  index: -1\nBing5\n  rotate: false\n  xy: 160, 38\n  size: 110, 118\n  orig: 112, 120\n  offset: 1, 1\n  index: -1\nBing6\n  rotate: false\n  xy: 877, 378\n  size: 127, 116\n  orig: 129, 118\n  offset: 1, 1\n  index: -1\nBing7\n  rotate: false\n  xy: 877, 283\n  size: 112, 93\n  orig: 114, 95\n  offset: 1, 1\n  index: -1\nBing8\n  rotate: false\n  xy: 740, 265\n  size: 99, 91\n  orig: 101, 93\n  offset: 1, 1\n  index: -1\n","textures":[{"__uuid__":"9dGL0oe21BEINTbAMmWLuN"}],"textureNames":["Monster_Bing.png"]}