[{"__type__":"cc.Prefab","_name":"Dialogue","data":{"__id__":1}},{"__type__":"cc.Node","_name":"Dialogue","_children":[{"__id__":2},{"__id__":3},{"__id__":12}],"_level":1,"_components":[{"__type__":"cc.Button","node":{"__id__":1},"_N$target":{"__id__":1}}],"_prefab":{"__type__":"cc.PrefabInfo","root":{"__id__":1},"asset":{"__uuid__":"e2FPCk3q1KdoEoNQt9+HEE"},"fileId":"43maiYMphO9pyLkfWnMwTh"},"_contentSize":{"__type__":"cc.Size","width":1460,"height":2206},"_scale":{"__type__":"cc.Vec3","x":1,"y":1,"z":1}},{"__type__":"cc.Node","_name":"bg","_parent":{"__id__":1},"_level":2,"_components":[{"__type__":"cc.Sprite","node":{"__id__":2},"_spriteFrame":{"__uuid__":"c6aEsZi7ZLuYOy5nnW0Ibk"},"_sizeMode":0}],"_prefab":{"__type__":"cc.PrefabInfo","root":{"__id__":1},"asset":{"__uuid__":"e2FPCk3q1KdoEoNQt9+HEE"},"fileId":"93lnE3mVlGtKacmRvd3sxF"},"_opacity":100,"_color":{"__type__":"cc.Color"},"_contentSize":{"__type__":"cc.Size","width":1460,"height":2206},"_scale":{"__type__":"cc.Vec3","x":1,"y":1,"z":1}},{"__type__":"cc.Node","_name":"box","_parent":{"__id__":1},"_children":[{"__id__":4},{"__id__":8}],"_level":2,"_components":[{"__type__":"cc.Sprite","node":{"__id__":3},"_type":1,"_sizeMode":0}],"_prefab":{"__type__":"cc.PrefabInfo","root":{"__id__":1},"asset":{"__uuid__":"e2FPCk3q1KdoEoNQt9+HEE"},"fileId":"1dSoP5wf5KirrEe+G5VvBd"},"_contentSize":{"__type__":"cc.Size","width":832,"height":200},"_position":{"__type__":"cc.Vec3","y":-360.00000000000017},"_scale":{"__type__":"cc.Vec3","x":1,"y":1,"z":1}},{"__type__":"cc.Node","_name":"left","_parent":{"__id__":3},"_children":[{"__id__":5},{"__id__":6},{"__id__":7}],"_level":3,"_prefab":{"__type__":"cc.PrefabInfo","root":{"__id__":1},"asset":{"__uuid__":"e2FPCk3q1KdoEoNQt9+HEE"},"fileId":"142/Z79blHTanRg7heBo1t"},"_opacity":0,"_scale":{"__type__":"cc.Vec3","x":1,"y":1,"z":1}},{"__type__":"cc.Node","_name":"head","_parent":{"__id__":4},"_level":4,"_components":[{"__type__":"cc.Sprite","node":{"__id__":5},"_spriteFrame":{"__uuid__":"49k2MW4yhLP6acYiKKw5fe"}}],"_prefab":{"__type__":"cc.PrefabInfo","root":{"__id__":1},"asset":{"__uuid__":"e2FPCk3q1KdoEoNQt9+HEE"},"fileId":"88HgopZshBMa7ZKwkGK8JV"},"_contentSize":{"__type__":"cc.Size","width":184,"height":215},"_position":{"__type__":"cc.Vec3","x":-300,"y":155},"_scale":{"__type__":"cc.Vec3","x":1,"y":1,"z":1}},{"__type__":"cc.Node","_name":"bg","_parent":{"__id__":4},"_level":4,"_components":[{"__type__":"cc.Sprite","node":{"__id__":6},"_spriteFrame":{"__uuid__":"c1L7y9P2dKg7u1O6Ix20vW"}}],"_prefab":{"__type__":"cc.PrefabInfo","root":{"__id__":1},"asset":{"__uuid__":"e2FPCk3q1KdoEoNQt9+HEE"},"fileId":"b52/g04e9PPaO/edNVl0qw"},"_contentSize":{"__type__":"cc.Size","width":728,"height":183},"_scale":{"__type__":"cc.Vec3","x":1,"y":1,"z":1}},{"__type__":"cc.Node","_name":"dialogue","_parent":{"__id__":4},"_level":4,"_components":[{"__type__":"cc.Label","node":{"__id__":7},"_srcBlendFactor":1,"_fontSize":26,"_N$file":{"__uuid__":"7ayuTvAx5NSIJwUPtdCD7i"},"_isSystemFontUsed":false,"_N$verticalAlign":1,"_N$overflow":3},{"__type__":"cc.LabelOutline","node":{"__id__":7},"_color":{"__type__":"cc.Color","r":116,"g":63,"b":3},"_width":3}],"_prefab":{"__type__":"cc.PrefabInfo","root":{"__id__":1},"asset":{"__uuid__":"e2FPCk3q1KdoEoNQt9+HEE"},"fileId":"7fPwltCI1BIq8WU49scNB1"},"_contentSize":{"__type__":"cc.Size","width":676,"height":40},"_anchorPoint":{"__type__":"cc.Vec2","x":0.5,"y":1},"_position":{"__type__":"cc.Vec3","y":20},"_scale":{"__type__":"cc.Vec3","x":1,"y":1,"z":1}},{"__type__":"cc.Node","_name":"right","_parent":{"__id__":3},"_children":[{"__id__":9},{"__id__":10},{"__id__":11}],"_level":3,"_prefab":{"__type__":"cc.PrefabInfo","root":{"__id__":1},"asset":{"__uuid__":"e2FPCk3q1KdoEoNQt9+HEE"},"fileId":"dahPeuOAFO4rMpGHctMrwn"},"_opacity":0,"_scale":{"__type__":"cc.Vec3","x":-1,"y":1,"z":1}},{"__type__":"cc.Node","_name":"head","_parent":{"__id__":8},"_level":4,"_components":[{"__type__":"cc.Sprite","node":{"__id__":9},"_spriteFrame":{"__uuid__":"49k2MW4yhLP6acYiKKw5fe"}}],"_prefab":{"__type__":"cc.PrefabInfo","root":{"__id__":1},"asset":{"__uuid__":"e2FPCk3q1KdoEoNQt9+HEE"},"fileId":"61F6GyNThDyKm57kPlHluG"},"_contentSize":{"__type__":"cc.Size","width":184,"height":215},"_position":{"__type__":"cc.Vec3","x":-300,"y":155},"_scale":{"__type__":"cc.Vec3","x":1,"y":1,"z":1}},{"__type__":"cc.Node","_name":"bg","_parent":{"__id__":8},"_level":4,"_components":[{"__type__":"cc.Sprite","node":{"__id__":10},"_spriteFrame":{"__uuid__":"eetmfoO25NAK20pCRhZz9o"}}],"_prefab":{"__type__":"cc.PrefabInfo","root":{"__id__":1},"asset":{"__uuid__":"e2FPCk3q1KdoEoNQt9+HEE"},"fileId":"766owhd5tLU4Ph6xvQt+Vj"},"_contentSize":{"__type__":"cc.Size","width":728,"height":183},"_scale":{"__type__":"cc.Vec3","x":1,"y":1,"z":1}},{"__type__":"cc.Node","_name":"dialogue","_parent":{"__id__":8},"_level":4,"_components":[{"__type__":"cc.Label","node":{"__id__":11},"_srcBlendFactor":1,"_fontSize":26,"_N$file":{"__uuid__":"7ayuTvAx5NSIJwUPtdCD7i"},"_isSystemFontUsed":false,"_N$verticalAlign":1,"_N$overflow":3},{"__type__":"cc.LabelOutline","node":{"__id__":11},"_color":{"__type__":"cc.Color","r":116,"g":63,"b":3},"_width":3}],"_prefab":{"__type__":"cc.PrefabInfo","root":{"__id__":1},"asset":{"__uuid__":"e2FPCk3q1KdoEoNQt9+HEE"},"fileId":"b0CtcDWuxLFp81Ux745YS+"},"_contentSize":{"__type__":"cc.Size","width":676,"height":40},"_anchorPoint":{"__type__":"cc.Vec2","x":0.5,"y":1},"_position":{"__type__":"cc.Vec3","y":20},"_scale":{"__type__":"cc.Vec3","x":-1,"y":1,"z":1}},{"__type__":"cc.Node","_name":"tips","_parent":{"__id__":1},"_level":2,"_components":[{"__type__":"cc.Label","node":{"__id__":12},"_srcBlendFactor":1,"_string":"点击继续","_N$string":"点击继续","_N$file":{"__uuid__":"7ayuTvAx5NSIJwUPtdCD7i"},"_isSystemFontUsed":false,"_N$horizontalAlign":1,"_N$verticalAlign":1}],"_prefab":{"__type__":"cc.PrefabInfo","root":{"__id__":1},"asset":{"__uuid__":"e2FPCk3q1KdoEoNQt9+HEE"},"fileId":"983hAhIuREB5dmc2gcQqAK"},"_contentSize":{"__type__":"cc.Size","width":160,"height":40},"_position":{"__type__":"cc.Vec3","y":-540},"_scale":{"__type__":"cc.Vec3","x":1,"y":1,"z":1}}]