[{"__type__":"cc.Prefab","_name":"mosterNode","data":{"__id__":1}},{"__type__":"cc.Node","_name":"mosterNode","_children":[{"__id__":2},{"__id__":3},{"__id__":6},{"__id__":9},{"__id__":12},{"__id__":15},{"__id__":18},{"__id__":21},{"__id__":24},{"__id__":27},{"__id__":30},{"__id__":33},{"__id__":34}],"_level":1,"_components":[{"__type__":"4baedUMSLFF56sTE0LHMMvs","node":{"__id__":1},"boomNode":{"__uuid__":"a1+rXN2lxED4DfrCwpzrTD"},"iceNode":{"__uuid__":"a0Xzhg95pKoZlARoWo51z5"},"slimeNode":{"__uuid__":"95v0XUxjBOQ6yJ7HkwxFQ/"}}],"_prefab":{"__type__":"cc.PrefabInfo","root":{"__id__":1},"asset":{"__uuid__":"6aUdia5YhCZK6I3fAbNUd2"},"fileId":"f2caXCYO5CMYWPjwD+M9as"},"_contentSize":{"__type__":"cc.Size","width":64,"height":64},"_anchorPoint":{"__type__":"cc.Vec2"},"_scale":{"__type__":"cc.Vec3","x":1,"y":1,"z":1}},{"__type__":"cc.Node","_name":"Tanhao","_parent":{"__id__":1},"_active":false,"_level":2,"_components":[{"__type__":"cc.Sprite","node":{"__id__":2},"_spriteFrame":{"__uuid__":"d6CLfofSNG65DJiE5ZTSGG"},"_sizeMode":0}],"_prefab":{"__type__":"cc.PrefabInfo","root":{"__id__":1},"asset":{"__uuid__":"6aUdia5YhCZK6I3fAbNUd2"},"fileId":"c5z935Tt5BHrsivqWr4QEB"},"_contentSize":{"__type__":"cc.Size","width":40,"height":40},"_position":{"__type__":"cc.Vec3","x":36.5,"y":150},"_scale":{"__type__":"cc.Vec3","x":1.5,"y":1,"z":1}},{"__type__":"cc.Node","_name":"normal","_parent":{"__id__":1},"_children":[{"__id__":4},{"__id__":5}],"_active":false,"_level":2,"_prefab":{"__type__":"cc.PrefabInfo","root":{"__id__":1},"asset":{"__uuid__":"6aUdia5YhCZK6I3fAbNUd2"},"fileId":"302a2nELlF1pFFNrMGlCDi"},"_scale":{"__type__":"cc.Vec3","x":1,"y":1,"z":1}},{"__type__":"cc.Node","_name":"right","_parent":{"__id__":3},"_level":3,"_components":[{"__type__":"sp.Skeleton","node":{"__id__":4},"defaultAnimation":"Stand","_N$skeletonData":{"__uuid__":"c8m2nK9ydArrAKBgBxPvV0"}}],"_prefab":{"__type__":"cc.PrefabInfo","root":{"__id__":1},"asset":{"__uuid__":"6aUdia5YhCZK6I3fAbNUd2"},"fileId":"208gTJxuhNa6iwjmDnwTDY"},"_contentSize":{"__type__":"cc.Size","width":1024,"height":1024},"_position":{"__type__":"cc.Vec3","x":32,"y":24},"_scale":{"__type__":"cc.Vec3","x":0.6,"y":0.6,"z":1}},{"__type__":"cc.Node","_name":"left","_parent":{"__id__":3},"_active":false,"_level":3,"_components":[{"__type__":"sp.Skeleton","node":{"__id__":5},"_N$skeletonData":{"__uuid__":"c8m2nK9ydArrAKBgBxPvV0"}}],"_prefab":{"__type__":"cc.PrefabInfo","root":{"__id__":1},"asset":{"__uuid__":"6aUdia5YhCZK6I3fAbNUd2"},"fileId":"635DBi1PNER7SxkYF9rXM7"},"_contentSize":{"__type__":"cc.Size","width":157.93,"height":184.59},"_position":{"__type__":"cc.Vec3","x":32,"y":32},"_scale":{"__type__":"cc.Vec3","x":-0.6,"y":0.6,"z":1}},{"__type__":"cc.Node","_name":"ice","_parent":{"__id__":1},"_children":[{"__id__":7},{"__id__":8}],"_active":false,"_level":2,"_prefab":{"__type__":"cc.PrefabInfo","root":{"__id__":1},"asset":{"__uuid__":"6aUdia5YhCZK6I3fAbNUd2"},"fileId":"04W7Z7QrVL3JM0a73lZYbj"},"_scale":{"__type__":"cc.Vec3","x":1,"y":1,"z":1}},{"__type__":"cc.Node","_name":"right","_parent":{"__id__":6},"_level":3,"_components":[{"__type__":"sp.Skeleton","node":{"__id__":7},"_N$skeletonData":{"__uuid__":"bc1b4rXIxPFIFEN4zL8Xr5"}}],"_prefab":{"__type__":"cc.PrefabInfo","root":{"__id__":1},"asset":{"__uuid__":"6aUdia5YhCZK6I3fAbNUd2"},"fileId":"fdnKMxLJBMUqjG80frj+uC"},"_contentSize":{"__type__":"cc.Size","width":147,"height":182},"_position":{"__type__":"cc.Vec3","x":32,"y":24},"_scale":{"__type__":"cc.Vec3","x":0.6,"y":0.6,"z":1}},{"__type__":"cc.Node","_name":"left","_parent":{"__id__":6},"_active":false,"_level":3,"_components":[{"__type__":"sp.Skeleton","node":{"__id__":8},"_N$skeletonData":{"__uuid__":"bc1b4rXIxPFIFEN4zL8Xr5"}}],"_prefab":{"__type__":"cc.PrefabInfo","root":{"__id__":1},"asset":{"__uuid__":"6aUdia5YhCZK6I3fAbNUd2"},"fileId":"9c5Np/2n5EcLWZcU8/mCwh"},"_contentSize":{"__type__":"cc.Size","width":147,"height":182},"_position":{"__type__":"cc.Vec3","x":32,"y":24},"_scale":{"__type__":"cc.Vec3","x":-0.6,"y":0.6,"z":1}},{"__type__":"cc.Node","_name":"blue","_parent":{"__id__":1},"_children":[{"__id__":10},{"__id__":11}],"_active":false,"_level":2,"_prefab":{"__type__":"cc.PrefabInfo","root":{"__id__":1},"asset":{"__uuid__":"6aUdia5YhCZK6I3fAbNUd2"},"fileId":"84/HQV8JRDs7K4HkaK1LVE"},"_scale":{"__type__":"cc.Vec3","x":1,"y":1,"z":1}},{"__type__":"cc.Node","_name":"right","_parent":{"__id__":9},"_level":3,"_components":[{"__type__":"sp.Skeleton","node":{"__id__":10},"_N$skeletonData":{"__uuid__":"41qsZlHKhInIrOnE063oSB"}}],"_prefab":{"__type__":"cc.PrefabInfo","root":{"__id__":1},"asset":{"__uuid__":"6aUdia5YhCZK6I3fAbNUd2"},"fileId":"3d1lhsBShCa47hXBh108pb"},"_contentSize":{"__type__":"cc.Size","width":1500,"height":992},"_position":{"__type__":"cc.Vec3","x":32,"y":24},"_scale":{"__type__":"cc.Vec3","x":0.6,"y":0.6,"z":1}},{"__type__":"cc.Node","_name":"left","_parent":{"__id__":9},"_active":false,"_level":3,"_components":[{"__type__":"sp.Skeleton","node":{"__id__":11},"_N$skeletonData":{"__uuid__":"41qsZlHKhInIrOnE063oSB"}}],"_prefab":{"__type__":"cc.PrefabInfo","root":{"__id__":1},"asset":{"__uuid__":"6aUdia5YhCZK6I3fAbNUd2"},"fileId":"b59jfrVUdIHb5iogzCDJTE"},"_contentSize":{"__type__":"cc.Size","width":1500,"height":992},"_position":{"__type__":"cc.Vec3","x":32,"y":24},"_scale":{"__type__":"cc.Vec3","x":-0.6,"y":0.6,"z":1}},{"__type__":"cc.Node","_name":"green","_parent":{"__id__":1},"_children":[{"__id__":13},{"__id__":14}],"_active":false,"_level":2,"_prefab":{"__type__":"cc.PrefabInfo","root":{"__id__":1},"asset":{"__uuid__":"6aUdia5YhCZK6I3fAbNUd2"},"fileId":"63OdusGjZHIq7dkoI22NWa"},"_scale":{"__type__":"cc.Vec3","x":1,"y":1,"z":1}},{"__type__":"cc.Node","_name":"right","_parent":{"__id__":12},"_level":3,"_components":[{"__type__":"sp.Skeleton","node":{"__id__":13},"_N$skeletonData":{"__uuid__":"09VBDGBDhGZY8q8+h5xQuk"}}],"_prefab":{"__type__":"cc.PrefabInfo","root":{"__id__":1},"asset":{"__uuid__":"6aUdia5YhCZK6I3fAbNUd2"},"fileId":"18MNWMKG1EmY38kP6mzu8c"},"_contentSize":{"__type__":"cc.Size","width":1500,"height":992},"_position":{"__type__":"cc.Vec3","x":32,"y":24},"_scale":{"__type__":"cc.Vec3","x":0.6,"y":0.6,"z":1}},{"__type__":"cc.Node","_name":"left","_parent":{"__id__":12},"_active":false,"_level":3,"_components":[{"__type__":"sp.Skeleton","node":{"__id__":14},"_N$skeletonData":{"__uuid__":"09VBDGBDhGZY8q8+h5xQuk"}}],"_prefab":{"__type__":"cc.PrefabInfo","root":{"__id__":1},"asset":{"__uuid__":"6aUdia5YhCZK6I3fAbNUd2"},"fileId":"86XDXca9lPGYzswdc1R2z3"},"_contentSize":{"__type__":"cc.Size","width":1500,"height":992},"_position":{"__type__":"cc.Vec3","x":32,"y":24},"_scale":{"__type__":"cc.Vec3","x":-0.6,"y":0.6,"z":1}},{"__type__":"cc.Node","_name":"orange","_parent":{"__id__":1},"_children":[{"__id__":16},{"__id__":17}],"_active":false,"_level":2,"_prefab":{"__type__":"cc.PrefabInfo","root":{"__id__":1},"asset":{"__uuid__":"6aUdia5YhCZK6I3fAbNUd2"},"fileId":"42oy1NU5NOY5fNvhMAG/+b"},"_scale":{"__type__":"cc.Vec3","x":1,"y":1,"z":1}},{"__type__":"cc.Node","_name":"right","_parent":{"__id__":15},"_level":3,"_components":[{"__type__":"sp.Skeleton","node":{"__id__":16},"_N$skeletonData":{"__uuid__":"c9T6U1ti1L8JfjlHfEJUna"}}],"_prefab":{"__type__":"cc.PrefabInfo","root":{"__id__":1},"asset":{"__uuid__":"6aUdia5YhCZK6I3fAbNUd2"},"fileId":"b1mBynhYdNC7QKQDtUSUQ/"},"_contentSize":{"__type__":"cc.Size","width":1500,"height":992},"_position":{"__type__":"cc.Vec3","x":32,"y":24},"_scale":{"__type__":"cc.Vec3","x":0.6,"y":0.6,"z":1}},{"__type__":"cc.Node","_name":"left","_parent":{"__id__":15},"_active":false,"_level":3,"_components":[{"__type__":"sp.Skeleton","node":{"__id__":17},"_N$skeletonData":{"__uuid__":"c9T6U1ti1L8JfjlHfEJUna"}}],"_prefab":{"__type__":"cc.PrefabInfo","root":{"__id__":1},"asset":{"__uuid__":"6aUdia5YhCZK6I3fAbNUd2"},"fileId":"e0TMqaXSlK/oMXnQEDAMKu"},"_contentSize":{"__type__":"cc.Size","width":1500,"height":992},"_position":{"__type__":"cc.Vec3","x":32,"y":24},"_scale":{"__type__":"cc.Vec3","x":-0.6,"y":0.6,"z":1}},{"__type__":"cc.Node","_name":"purple","_parent":{"__id__":1},"_children":[{"__id__":19},{"__id__":20}],"_active":false,"_level":2,"_prefab":{"__type__":"cc.PrefabInfo","root":{"__id__":1},"asset":{"__uuid__":"6aUdia5YhCZK6I3fAbNUd2"},"fileId":"88+c6wzEFPqKwMdCfCEXt4"},"_scale":{"__type__":"cc.Vec3","x":1,"y":1,"z":1}},{"__type__":"cc.Node","_name":"right","_parent":{"__id__":18},"_level":3,"_components":[{"__type__":"sp.Skeleton","node":{"__id__":19},"_N$skeletonData":{"__uuid__":"86uMsYETpNr7+RQJuH/Ytm"}}],"_prefab":{"__type__":"cc.PrefabInfo","root":{"__id__":1},"asset":{"__uuid__":"6aUdia5YhCZK6I3fAbNUd2"},"fileId":"2bQA5VgMdNObtqx8lHRwH8"},"_contentSize":{"__type__":"cc.Size","width":1500,"height":992},"_position":{"__type__":"cc.Vec3","x":32,"y":24},"_scale":{"__type__":"cc.Vec3","x":0.6,"y":0.6,"z":1}},{"__type__":"cc.Node","_name":"left","_parent":{"__id__":18},"_active":false,"_level":3,"_components":[{"__type__":"sp.Skeleton","node":{"__id__":20},"_N$skeletonData":{"__uuid__":"86uMsYETpNr7+RQJuH/Ytm"}}],"_prefab":{"__type__":"cc.PrefabInfo","root":{"__id__":1},"asset":{"__uuid__":"6aUdia5YhCZK6I3fAbNUd2"},"fileId":"f7ZZFEqK9AF7OeZYkk9R60"},"_contentSize":{"__type__":"cc.Size","width":1500,"height":992},"_position":{"__type__":"cc.Vec3","x":32,"y":24},"_scale":{"__type__":"cc.Vec3","x":-0.6,"y":0.6,"z":1}},{"__type__":"cc.Node","_name":"red","_parent":{"__id__":1},"_children":[{"__id__":22},{"__id__":23}],"_active":false,"_level":2,"_prefab":{"__type__":"cc.PrefabInfo","root":{"__id__":1},"asset":{"__uuid__":"6aUdia5YhCZK6I3fAbNUd2"},"fileId":"bdC0Tf5QJCmJTXDC7PiZSV"},"_scale":{"__type__":"cc.Vec3","x":1,"y":1,"z":1}},{"__type__":"cc.Node","_name":"right","_parent":{"__id__":21},"_level":3,"_components":[{"__type__":"sp.Skeleton","node":{"__id__":22},"_N$skeletonData":{"__uuid__":"b3ZenH0jpC3L6jfe9iEkBV"}}],"_prefab":{"__type__":"cc.PrefabInfo","root":{"__id__":1},"asset":{"__uuid__":"6aUdia5YhCZK6I3fAbNUd2"},"fileId":"375LIMPdxMsacERNHFY8HW"},"_contentSize":{"__type__":"cc.Size","width":1500,"height":992},"_position":{"__type__":"cc.Vec3","x":32,"y":24},"_scale":{"__type__":"cc.Vec3","x":0.6,"y":0.6,"z":1}},{"__type__":"cc.Node","_name":"left","_parent":{"__id__":21},"_active":false,"_level":3,"_components":[{"__type__":"sp.Skeleton","node":{"__id__":23},"_N$skeletonData":{"__uuid__":"b3ZenH0jpC3L6jfe9iEkBV"}}],"_prefab":{"__type__":"cc.PrefabInfo","root":{"__id__":1},"asset":{"__uuid__":"6aUdia5YhCZK6I3fAbNUd2"},"fileId":"43MfMp/19MKJlajZhnTdXh"},"_contentSize":{"__type__":"cc.Size","width":1500,"height":992},"_position":{"__type__":"cc.Vec3","x":32,"y":24},"_scale":{"__type__":"cc.Vec3","x":-0.6,"y":0.6,"z":1}},{"__type__":"cc.Node","_name":"white","_parent":{"__id__":1},"_children":[{"__id__":25},{"__id__":26}],"_active":false,"_level":2,"_prefab":{"__type__":"cc.PrefabInfo","root":{"__id__":1},"asset":{"__uuid__":"6aUdia5YhCZK6I3fAbNUd2"},"fileId":"9835EcpZFGaZh21MxvPY37"},"_scale":{"__type__":"cc.Vec3","x":1,"y":1,"z":1}},{"__type__":"cc.Node","_name":"right","_parent":{"__id__":24},"_level":3,"_components":[{"__type__":"sp.Skeleton","node":{"__id__":25},"_N$skeletonData":{"__uuid__":"00cPDlKD1Cs6Q8PCav2h/S"}}],"_prefab":{"__type__":"cc.PrefabInfo","root":{"__id__":1},"asset":{"__uuid__":"6aUdia5YhCZK6I3fAbNUd2"},"fileId":"32yyQfoFNB7IfQdWzXkaSW"},"_contentSize":{"__type__":"cc.Size","width":1500,"height":992},"_position":{"__type__":"cc.Vec3","x":32,"y":24},"_scale":{"__type__":"cc.Vec3","x":0.6,"y":0.6,"z":1}},{"__type__":"cc.Node","_name":"left","_parent":{"__id__":24},"_active":false,"_level":3,"_components":[{"__type__":"sp.Skeleton","node":{"__id__":26},"_N$skeletonData":{"__uuid__":"00cPDlKD1Cs6Q8PCav2h/S"}}],"_prefab":{"__type__":"cc.PrefabInfo","root":{"__id__":1},"asset":{"__uuid__":"6aUdia5YhCZK6I3fAbNUd2"},"fileId":"28T7vqbm9P9JJBuD1Ji8KT"},"_contentSize":{"__type__":"cc.Size","width":1500,"height":992},"_position":{"__type__":"cc.Vec3","x":32,"y":24},"_scale":{"__type__":"cc.Vec3","x":-0.6,"y":0.6,"z":1}},{"__type__":"cc.Node","_name":"mucus","_parent":{"__id__":1},"_children":[{"__id__":28},{"__id__":29}],"_active":false,"_level":2,"_prefab":{"__type__":"cc.PrefabInfo","root":{"__id__":1},"asset":{"__uuid__":"6aUdia5YhCZK6I3fAbNUd2"},"fileId":"c9ZylCajRABItikGn42gV2"},"_scale":{"__type__":"cc.Vec3","x":1,"y":1,"z":1}},{"__type__":"cc.Node","_name":"right","_parent":{"__id__":27},"_level":3,"_components":[{"__type__":"sp.Skeleton","node":{"__id__":28},"_N$skeletonData":{"__uuid__":"edylFEql1MWrNWm4KqeMNw"}}],"_prefab":{"__type__":"cc.PrefabInfo","root":{"__id__":1},"asset":{"__uuid__":"6aUdia5YhCZK6I3fAbNUd2"},"fileId":"fbVHaM0OpE14B15QT9cFRA"},"_contentSize":{"__type__":"cc.Size","width":1500,"height":992},"_position":{"__type__":"cc.Vec3","x":32,"y":24},"_scale":{"__type__":"cc.Vec3","x":0.6,"y":0.6,"z":1}},{"__type__":"cc.Node","_name":"left","_parent":{"__id__":27},"_active":false,"_level":3,"_components":[{"__type__":"sp.Skeleton","node":{"__id__":29},"_N$skeletonData":{"__uuid__":"edylFEql1MWrNWm4KqeMNw"}}],"_prefab":{"__type__":"cc.PrefabInfo","root":{"__id__":1},"asset":{"__uuid__":"6aUdia5YhCZK6I3fAbNUd2"},"fileId":"4f7U2fL5VDqIU3EdHq/dNT"},"_contentSize":{"__type__":"cc.Size","width":1500,"height":992},"_position":{"__type__":"cc.Vec3","x":32,"y":24},"_scale":{"__type__":"cc.Vec3","x":-0.6,"y":0.6,"z":1}},{"__type__":"cc.Node","_name":"boom","_parent":{"__id__":1},"_children":[{"__id__":31},{"__id__":32}],"_active":false,"_level":2,"_prefab":{"__type__":"cc.PrefabInfo","root":{"__id__":1},"asset":{"__uuid__":"6aUdia5YhCZK6I3fAbNUd2"},"fileId":"adYeTdpQZIOZNCur1xb5LU"},"_scale":{"__type__":"cc.Vec3","x":1,"y":1,"z":1}},{"__type__":"cc.Node","_name":"right","_parent":{"__id__":30},"_level":3,"_components":[{"__type__":"sp.Skeleton","node":{"__id__":31},"_N$skeletonData":{"__uuid__":"b8I1ib4wJCyIMpdkt7as9p"}}],"_prefab":{"__type__":"cc.PrefabInfo","root":{"__id__":1},"asset":{"__uuid__":"6aUdia5YhCZK6I3fAbNUd2"},"fileId":"52TBPIug5APYnJQwjaSUzb"},"_contentSize":{"__type__":"cc.Size","width":1500,"height":992},"_position":{"__type__":"cc.Vec3","x":32,"y":24},"_scale":{"__type__":"cc.Vec3","x":0.6,"y":0.6,"z":1}},{"__type__":"cc.Node","_name":"left","_parent":{"__id__":30},"_active":false,"_level":3,"_components":[{"__type__":"sp.Skeleton","node":{"__id__":32},"_N$skeletonData":{"__uuid__":"b8I1ib4wJCyIMpdkt7as9p"}}],"_prefab":{"__type__":"cc.PrefabInfo","root":{"__id__":1},"asset":{"__uuid__":"6aUdia5YhCZK6I3fAbNUd2"},"fileId":"d0GMXKGKlKbK4aU1YNLML6"},"_contentSize":{"__type__":"cc.Size","width":1500,"height":992},"_position":{"__type__":"cc.Vec3","x":32,"y":24},"_scale":{"__type__":"cc.Vec3","x":-0.6,"y":0.6,"z":1}},{"__type__":"cc.Node","_name":"underAttack","_parent":{"__id__":1},"_active":false,"_level":2,"_components":[{"__type__":"sp.Skeleton","node":{"__id__":33},"defaultAnimation":"Chixu","_N$skeletonData":{"__uuid__":"9eN49+W7NMNYylvAQue+lM"}}],"_prefab":{"__type__":"cc.PrefabInfo","root":{"__id__":1},"asset":{"__uuid__":"6aUdia5YhCZK6I3fAbNUd2"},"fileId":"6bGd40jkBMyryfCAGULfHr"},"_contentSize":{"__type__":"cc.Size","width":50.89,"height":63.98},"_anchorPoint":{"__type__":"cc.Vec2"},"_position":{"__type__":"cc.Vec3","x":32,"y":19.8},"_scale":{"__type__":"cc.Vec3","x":1.5,"y":1.5,"z":1}},{"__type__":"cc.Node","_name":"arrow","_parent":{"__id__":1},"_active":false,"_level":2,"_components":[{"__type__":"cc.Sprite","node":{"__id__":34},"_spriteFrame":{"__uuid__":"31Wa56QjpCkaU88r3oCD4g"}}],"_prefab":{"__type__":"cc.PrefabInfo","root":{"__id__":1},"asset":{"__uuid__":"6aUdia5YhCZK6I3fAbNUd2"},"fileId":"ab33HxXbBKPKxTlGiUgf4l"},"_contentSize":{"__type__":"cc.Size","width":21,"height":85},"_anchorPoint":{"__type__":"cc.Vec2","x":0.5},"_scale":{"__type__":"cc.Vec3","x":1,"y":1,"z":1},"_rotationX":360,"_rotationY":360,"_quat":{"__type__":"cc.Quat","z":-1.2246467991473532e-16,"w":-1}}]