[{"__type__":"cc.Prefab","_name":"Trigger","data":{"__id__":1}},{"__type__":"cc.Node","_name":"Trigger","_children":[{"__id__":2},{"__id__":3}],"_level":1,"_components":[{"__type__":"8db96oAI/JJ/4caGzNPt0kZ","node":{"__id__":1}}],"_prefab":{"__type__":"cc.PrefabInfo","root":{"__id__":1},"asset":{"__uuid__":"2aaypS0IJIFYhzqVsDGSmN"},"fileId":"2278Y0E2hO0YHLG7moTo5p"},"_anchorPoint":{"__type__":"cc.Vec2"},"_scale":{"__type__":"cc.Vec3","x":1,"y":1,"z":1}},{"__type__":"cc.Node","_name":"Trigger_Burrow","_parent":{"__id__":1},"_active":false,"_level":2,"_components":[{"__type__":"sp.Skeleton","node":{"__id__":2},"defaultAnimation":"Off","_N$skeletonData":{"__uuid__":"39AvovtHhOgK+ike7xsT/R"}}],"_prefab":{"__type__":"cc.PrefabInfo","root":{"__id__":1},"asset":{"__uuid__":"2aaypS0IJIFYhzqVsDGSmN"},"fileId":"c8y69+Hk5CuIpbGpPjtbWd"},"_contentSize":{"__type__":"cc.Size","width":639,"height":1136},"_anchorPoint":{"__type__":"cc.Vec2"},"_position":{"__type__":"cc.Vec3","x":35,"y":5},"_scale":{"__type__":"cc.Vec3","x":1,"y":1,"z":1}},{"__type__":"cc.Node","_name":"Trigger_Stove","_parent":{"__id__":1},"_active":false,"_level":3,"_components":[{"__type__":"sp.Skeleton","node":{"__id__":3},"defaultAnimation":"Off","_N$skeletonData":{"__uuid__":"39AvovtHhOgK+ike7xsT/R"}}],"_prefab":{"__type__":"cc.PrefabInfo","root":{"__id__":1},"asset":{"__uuid__":"2aaypS0IJIFYhzqVsDGSmN"},"fileId":"949KhriblFYrVAngiKVZpz"},"_contentSize":{"__type__":"cc.Size","width":639,"height":1136},"_anchorPoint":{"__type__":"cc.Vec2"},"_position":{"__type__":"cc.Vec3","x":35,"y":5},"_scale":{"__type__":"cc.Vec3","x":1,"y":1,"z":1}}]