[{"__type__":"cc.SceneAsset","_name":"Map","scene":{"__id__":1},"asyncLoadAssets":null},{"__type__":"cc.Scene","_name":"New Node","_children":[{"__id__":2}],"_active":false,"_anchorPoint":{"__type__":"cc.Vec2"},"_scale":{"__type__":"cc.Vec3","x":0.33652366647127785,"y":0.33652366647127785,"z":1},"autoReleaseAssets":false},{"__type__":"cc.Node","_name":"Canvas","_parent":{"__id__":1},"_children":[{"__id__":3},{"__id__":4},{"__id__":5},{"__id__":9},{"__id__":13},{"__id__":17},{"__id__":32},{"__id__":33},{"__id__":54}],"_level":1,"_components":[{"__type__":"cc.Canvas","node":{"__id__":2},"_designResolution":{"__type__":"cc.Size","width":960,"height":1706},"_fitWidth":true,"_fitHeight":false}],"_contentSize":{"__type__":"cc.Size","width":960,"height":1706},"_position":{"__type__":"cc.Vec3","x":480,"y":853},"_scale":{"__type__":"cc.Vec3","x":1,"y":1,"z":1},"_id":"28kmIn7EpPpoXgab18xbmT"},{"__type__":"cc.Node","_name":"Main Camera","_parent":{"__id__":2},"_level":1,"_components":[{"__type__":"cc.Camera","node":{"__id__":3},"_clearFlags":7,"_depth":-1}],"_scale":{"__type__":"cc.Vec3","x":1,"y":1,"z":1}},{"__type__":"cc.Node","_name":"MapRoot","_parent":{"__id__":2},"_level":1,"_components":[{"__type__":"320339hlK1Lsr3rBNvJBIX/","node":{"__id__":4},"playerNode":{"__uuid__":"f9cr+KETdBHqtN/FSo6576"},"monsterBriNode":{"__uuid__":"ef5qNTO2VLOZIQt3wmHyDo"},"triggerNode":{"__uuid__":"2aaypS0IJIFYhzqVsDGSmN"},"triggerProgPre":{"__uuid__":"2c7hNfeD9GIrfYc8K9QnPs"},"diamondNode":{"__uuid__":"9bHG1vAPVBXaxaQjUU5L/L"},"DialoguePre":{"__uuid__":"e2FPCk3q1KdoEoNQt9+HEE"},"GuidePre":{"__uuid__":"41jpUEdnxEcY1c1r7FMPOf"},"StageGoalPre":{"__uuid__":"260EVxaq5BvJBKDeXv2//y"},"StageCompletePre":{"__uuid__":"c3rn5l8/tCEYqRYjPeQiyB"},"StageFailPre":{"__uuid__":"b9mJEHXv5JdqxdhbIBB8pb"},"SettingPre":{"__uuid__":"0eALf4nbBD+LC2TPy0PNiU"}}],"_scale":{"__type__":"cc.Vec3","x":1,"y":1,"z":1}},{"__type__":"cc.Node","_name":"Score","_parent":{"__id__":2},"_children":[{"__id__":6},{"__id__":7},{"__id__":8}],"_level":2,"_position":{"__type__":"cc.Vec3","x":-335,"y":806},"_scale":{"__type__":"cc.Vec3","x":1,"y":1,"z":1}},{"__type__":"cc.Node","_name":"bg","_parent":{"__id__":5},"_level":3,"_components":[{"__type__":"cc.Sprite","node":{"__id__":6},"_spriteFrame":{"__uuid__":"1fytj3coBMFooeruebgCwx"}}],"_color":{"__type__":"cc.Color"},"_contentSize":{"__type__":"cc.Size","width":177,"height":47},"_scale":{"__type__":"cc.Vec3","x":1,"y":1,"z":1}},{"__type__":"cc.Node","_name":"spr","_parent":{"__id__":5},"_level":3,"_components":[{"__type__":"cc.Sprite","node":{"__id__":7},"_spriteFrame":{"__uuid__":"e4ptvGWcBHQpfZCthQzoD+"}}],"_contentSize":{"__type__":"cc.Size","width":62,"height":62},"_position":{"__type__":"cc.Vec3","x":-101},"_scale":{"__type__":"cc.Vec3","x":1,"y":1,"z":1}},{"__type__":"cc.Node","_name":"num","_parent":{"__id__":5},"_level":3,"_components":[{"__type__":"cc.Label","node":{"__id__":8},"_srcBlendFactor":1,"_useOriginalSize":false,"_string":"0","_N$string":"0","_fontSize":30,"_lineHeight":35,"_N$file":{"__uuid__":"7ayuTvAx5NSIJwUPtdCD7i"},"_isSystemFontUsed":false,"_N$horizontalAlign":1,"_N$verticalAlign":1}],"_contentSize":{"__type__":"cc.Size","width":22.79,"height":35},"_anchorPoint":{"__type__":"cc.Vec2","y":0.5},"_position":{"__type__":"cc.Vec3","x":-65},"_scale":{"__type__":"cc.Vec3","x":1,"y":1,"z":1}},{"__type__":"cc.Node","_name":"Time","_parent":{"__id__":2},"_children":[{"__id__":10},{"__id__":11},{"__id__":12}],"_level":2,"_position":{"__type__":"cc.Vec3","x":-60,"y":806},"_scale":{"__type__":"cc.Vec3","x":1,"y":1,"z":1}},{"__type__":"cc.Node","_name":"bg","_parent":{"__id__":9},"_level":3,"_components":[{"__type__":"cc.Sprite","node":{"__id__":10},"_spriteFrame":{"__uuid__":"c1kjmXSXZD371gygBcEJKx"}}],"_color":{"__type__":"cc.Color"},"_contentSize":{"__type__":"cc.Size","width":139,"height":47},"_scale":{"__type__":"cc.Vec3","x":1,"y":1,"z":1}},{"__type__":"cc.Node","_name":"spr","_parent":{"__id__":9},"_level":3,"_components":[{"__type__":"cc.Sprite","node":{"__id__":11},"_spriteFrame":{"__uuid__":"5cy1R9Qm1I84SspRY85muJ"}}],"_contentSize":{"__type__":"cc.Size","width":66,"height":60},"_position":{"__type__":"cc.Vec3","x":-85},"_scale":{"__type__":"cc.Vec3","x":1,"y":1,"z":1}},{"__type__":"cc.Node","_name":"num","_parent":{"__id__":9},"_level":3,"_components":[{"__type__":"cc.Label","node":{"__id__":12},"_srcBlendFactor":1,"_string":"00:20","_N$string":"00:20","_fontSize":30,"_lineHeight":35,"_N$file":{"__uuid__":"7ayuTvAx5NSIJwUPtdCD7i"},"_isSystemFontUsed":false,"_N$horizontalAlign":1,"_N$verticalAlign":1}],"_contentSize":{"__type__":"cc.Size","width":107.75,"height":35},"_scale":{"__type__":"cc.Vec3","x":1,"y":1,"z":1}},{"__type__":"cc.Node","_name":"Life","_parent":{"__id__":2},"_children":[{"__id__":14},{"__id__":15},{"__id__":16}],"_level":2,"_position":{"__type__":"cc.Vec3","x":200,"y":806},"_scale":{"__type__":"cc.Vec3","x":1,"y":1,"z":1}},{"__type__":"cc.Node","_name":"bg","_parent":{"__id__":13},"_level":3,"_components":[{"__type__":"cc.Sprite","node":{"__id__":14},"_spriteFrame":{"__uuid__":"c1kjmXSXZD371gygBcEJKx"}}],"_color":{"__type__":"cc.Color"},"_contentSize":{"__type__":"cc.Size","width":139,"height":47},"_scale":{"__type__":"cc.Vec3","x":1,"y":1,"z":1}},{"__type__":"cc.Node","_name":"spr","_parent":{"__id__":13},"_level":3,"_components":[{"__type__":"cc.Sprite","node":{"__id__":15},"_spriteFrame":{"__uuid__":"bfVv5SRc9AOZ+2vCvuGsy0"}}],"_contentSize":{"__type__":"cc.Size","width":59,"height":53},"_position":{"__type__":"cc.Vec3","x":-70},"_scale":{"__type__":"cc.Vec3","x":1,"y":1,"z":1}},{"__type__":"cc.Node","_name":"num","_parent":{"__id__":13},"_level":3,"_components":[{"__type__":"cc.Label","node":{"__id__":16},"_srcBlendFactor":1,"_string":"3","_N$string":"3","_fontSize":30,"_lineHeight":35,"_N$file":{"__uuid__":"7ayuTvAx5NSIJwUPtdCD7i"},"_isSystemFontUsed":false,"_N$horizontalAlign":1,"_N$verticalAlign":1}],"_contentSize":{"__type__":"cc.Size","width":23.5,"height":35},"_scale":{"__type__":"cc.Vec3","x":1,"y":1,"z":1}},{"__type__":"cc.Node","_name":"Goal","_parent":{"__id__":2},"_children":[{"__id__":18},{"__id__":19},{"__id__":20},{"__id__":24},{"__id__":28}],"_level":2,"_position":{"__type__":"cc.Vec3","x":-410,"y":600},"_scale":{"__type__":"cc.Vec3","x":1,"y":1,"z":1}},{"__type__":"cc.Node","_name":"bg","_parent":{"__id__":17},"_level":3,"_components":[{"__type__":"cc.Sprite","node":{"__id__":18},"_spriteFrame":{"__uuid__":"bfRTu7JRxCkorwNARnC4wV"},"_sizeMode":0}],"_color":{"__type__":"cc.Color"},"_contentSize":{"__type__":"cc.Size","width":100,"height":320},"_anchorPoint":{"__type__":"cc.Vec2","x":0.5,"y":1},"_position":{"__type__":"cc.Vec3","y":160},"_scale":{"__type__":"cc.Vec3","x":1,"y":1,"z":1}},{"__type__":"cc.Node","_name":"lab","_parent":{"__id__":17},"_level":3,"_components":[{"__type__":"cc.Label","node":{"__id__":19},"_srcBlendFactor":1,"_string":"目标","_N$string":"目标","_fontSize":35,"_N$file":{"__uuid__":"7ayuTvAx5NSIJwUPtdCD7i"},"_isSystemFontUsed":false,"_N$horizontalAlign":1,"_N$verticalAlign":1}],"_contentSize":{"__type__":"cc.Size","width":70,"height":40},"_position":{"__type__":"cc.Vec3","y":132},"_scale":{"__type__":"cc.Vec3","x":1,"y":1,"z":1}},{"__type__":"cc.Node","_name":"goal1","_parent":{"__id__":17},"_children":[{"__id__":21},{"__id__":22},{"__id__":23}],"_level":3,"_components":[{"__type__":"cc.Sprite","node":{"__id__":20},"_sizeMode":0}],"_contentSize":{"__type__":"cc.Size","width":80,"height":80},"_position":{"__type__":"cc.Vec3","y":68},"_scale":{"__type__":"cc.Vec3","x":1,"y":1,"z":1}},{"__type__":"cc.Node","_name":"spr","_parent":{"__id__":20},"_level":4,"_components":[{"__type__":"cc.Sprite","node":{"__id__":21},"_sizeMode":0}],"_contentSize":{"__type__":"cc.Size","width":50,"height":50},"_position":{"__type__":"cc.Vec3","y":5},"_scale":{"__type__":"cc.Vec3","x":1,"y":1,"z":1}},{"__type__":"cc.Node","_name":"desc","_parent":{"__id__":20},"_level":4,"_components":[{"__type__":"cc.Label","node":{"__id__":22},"_srcBlendFactor":1,"_string":"x1","_N$string":"x1","_fontSize":20,"_lineHeight":25,"_N$file":{"__uuid__":"7ayuTvAx5NSIJwUPtdCD7i"},"_isSystemFontUsed":false,"_N$horizontalAlign":1,"_N$verticalAlign":1},{"__type__":"cc.LabelOutline","node":{"__id__":22},"_color":{"__type__":"cc.Color"},"_width":3}],"_contentSize":{"__type__":"cc.Size","width":30.18,"height":25},"_position":{"__type__":"cc.Vec3","y":-28},"_scale":{"__type__":"cc.Vec3","x":1,"y":1,"z":1}},{"__type__":"cc.Node","_name":"ok","_parent":{"__id__":20},"_active":false,"_level":4,"_components":[{"__type__":"cc.Sprite","node":{"__id__":23},"_spriteFrame":{"__uuid__":"34nEDW7ntKYbEHYOzlX52y"}}],"_contentSize":{"__type__":"cc.Size","width":78,"height":65},"_position":{"__type__":"cc.Vec3","x":20,"y":-20},"_scale":{"__type__":"cc.Vec3","x":0.5,"y":0.5,"z":1}},{"__type__":"cc.Node","_name":"goal2","_parent":{"__id__":17},"_children":[{"__id__":25},{"__id__":26},{"__id__":27}],"_level":3,"_components":[{"__type__":"cc.Sprite","node":{"__id__":24},"_sizeMode":0}],"_contentSize":{"__type__":"cc.Size","width":80,"height":80},"_position":{"__type__":"cc.Vec3","y":-22},"_scale":{"__type__":"cc.Vec3","x":1,"y":1,"z":1}},{"__type__":"cc.Node","_name":"spr","_parent":{"__id__":24},"_level":4,"_components":[{"__type__":"cc.Sprite","node":{"__id__":25},"_sizeMode":0}],"_contentSize":{"__type__":"cc.Size","width":50,"height":50},"_position":{"__type__":"cc.Vec3","y":5},"_scale":{"__type__":"cc.Vec3","x":1,"y":1,"z":1}},{"__type__":"cc.Node","_name":"desc","_parent":{"__id__":24},"_level":4,"_components":[{"__type__":"cc.Label","node":{"__id__":26},"_srcBlendFactor":1,"_string":"x1","_N$string":"x1","_fontSize":20,"_lineHeight":25,"_N$file":{"__uuid__":"7ayuTvAx5NSIJwUPtdCD7i"},"_isSystemFontUsed":false,"_N$horizontalAlign":1,"_N$verticalAlign":1},{"__type__":"cc.LabelOutline","node":{"__id__":26},"_color":{"__type__":"cc.Color"},"_width":3}],"_contentSize":{"__type__":"cc.Size","width":30.18,"height":25},"_position":{"__type__":"cc.Vec3","y":-28},"_scale":{"__type__":"cc.Vec3","x":1,"y":1,"z":1}},{"__type__":"cc.Node","_name":"ok","_parent":{"__id__":24},"_active":false,"_level":4,"_components":[{"__type__":"cc.Sprite","node":{"__id__":27},"_spriteFrame":{"__uuid__":"34nEDW7ntKYbEHYOzlX52y"}}],"_contentSize":{"__type__":"cc.Size","width":78,"height":65},"_position":{"__type__":"cc.Vec3","x":20,"y":-20},"_scale":{"__type__":"cc.Vec3","x":0.5,"y":0.5,"z":1}},{"__type__":"cc.Node","_name":"goal3","_parent":{"__id__":17},"_children":[{"__id__":29},{"__id__":30},{"__id__":31}],"_level":3,"_components":[{"__type__":"cc.Sprite","node":{"__id__":28},"_sizeMode":0}],"_contentSize":{"__type__":"cc.Size","width":80,"height":80},"_position":{"__type__":"cc.Vec3","y":-112},"_scale":{"__type__":"cc.Vec3","x":1,"y":1,"z":1}},{"__type__":"cc.Node","_name":"spr","_parent":{"__id__":28},"_level":4,"_components":[{"__type__":"cc.Sprite","node":{"__id__":29},"_sizeMode":0}],"_contentSize":{"__type__":"cc.Size","width":50,"height":50},"_position":{"__type__":"cc.Vec3","y":5},"_scale":{"__type__":"cc.Vec3","x":1,"y":1,"z":1}},{"__type__":"cc.Node","_name":"desc","_parent":{"__id__":28},"_level":4,"_components":[{"__type__":"cc.Label","node":{"__id__":30},"_srcBlendFactor":1,"_string":"x1","_N$string":"x1","_fontSize":20,"_lineHeight":25,"_N$file":{"__uuid__":"7ayuTvAx5NSIJwUPtdCD7i"},"_isSystemFontUsed":false,"_N$horizontalAlign":1,"_N$verticalAlign":1},{"__type__":"cc.LabelOutline","node":{"__id__":30},"_color":{"__type__":"cc.Color"},"_width":3}],"_contentSize":{"__type__":"cc.Size","width":30.18,"height":25},"_position":{"__type__":"cc.Vec3","y":-28},"_scale":{"__type__":"cc.Vec3","x":1,"y":1,"z":1}},{"__type__":"cc.Node","_name":"ok","_parent":{"__id__":28},"_active":false,"_level":4,"_components":[{"__type__":"cc.Sprite","node":{"__id__":31},"_spriteFrame":{"__uuid__":"34nEDW7ntKYbEHYOzlX52y"}}],"_contentSize":{"__type__":"cc.Size","width":78,"height":65},"_position":{"__type__":"cc.Vec3","x":20,"y":-20},"_scale":{"__type__":"cc.Vec3","x":0.5,"y":0.5,"z":1}},{"__type__":"cc.Node","_name":"TouchNode","_parent":{"__id__":2},"_level":1,"_components":[{"__type__":"968aaK4EtpAvIa7Uzs65OPX","node":{"__id__":32}}],"_scale":{"__type__":"cc.Vec3","x":1,"y":1,"z":1}},{"__type__":"cc.Node","_name":"PlayerSkill","_parent":{"__id__":2},"_children":[{"__id__":34},{"__id__":39},{"__id__":44},{"__id__":49}],"_level":2,"_components":[{"__type__":"619f9+OgVFLJKcBPdQ2oSIw","node":{"__id__":33}},{"__type__":"cc.Layout","node":{"__id__":33},"_layoutSize":{"__type__":"cc.Size","width":-40,"height":134},"_resize":1,"_N$layoutType":1,"_N$spacingX":40}],"_contentSize":{"__type__":"cc.Size","width":-40,"height":134},"_anchorPoint":{"__type__":"cc.Vec2","x":1,"y":0.5},"_position":{"__type__":"cc.Vec3","x":450,"y":-770},"_scale":{"__type__":"cc.Vec3","x":1,"y":1,"z":1}},{"__type__":"cc.Node","_name":"Ice","_parent":{"__id__":33},"_children":[{"__id__":35},{"__id__":38}],"_active":false,"_level":3,"_components":[{"__type__":"cc.Sprite","node":{"__id__":34},"_spriteFrame":{"__uuid__":"57B+LrnHFAYJXW7fcoYEYM"},"_type":1},{"__type__":"cc.Button","node":{"__id__":34},"clickEvents":[{"__type__":"cc.ClickEvent","target":{"__id__":33},"_componentId":"619f9+OgVFLJKcBPdQ2oSIw","handler":"onClickSkill","customEventData":"1"}],"_N$interactable":false,"_N$transition":3,"transition":3,"_N$normalColor":{"__type__":"cc.Color","r":255,"g":255,"b":255},"_N$pressedColor":{"__type__":"cc.Color","r":255,"g":255,"b":255},"pressedColor":{"__type__":"cc.Color","r":255,"g":255,"b":255},"_N$disabledColor":{"__type__":"cc.Color","r":255,"g":255,"b":255},"_N$normalSprite":{"__uuid__":"f0BIwQ8D5Ml7nTNQbh1YlS"},"_N$pressedSprite":{"__uuid__":"e97GVMl6JHh5Ml5qEDdSGa"},"pressedSprite":{"__uuid__":"e97GVMl6JHh5Ml5qEDdSGa"},"_N$hoverSprite":{"__uuid__":"f0BIwQ8D5Ml7nTNQbh1YlS"},"hoverSprite":{"__uuid__":"f0BIwQ8D5Ml7nTNQbh1YlS"},"_N$disabledSprite":{"__uuid__":"29FYIk+N1GYaeWH/q1NxQO"},"_N$target":{"__id__":34}}],"_color":{"__type__":"cc.Color","r":95,"g":78,"b":78},"_contentSize":{"__type__":"cc.Size","width":109,"height":113},"_position":{"__type__":"cc.Vec3","x":-501.5},"_scale":{"__type__":"cc.Vec3","x":1,"y":1,"z":1}},{"__type__":"cc.Node","_name":"power","_parent":{"__id__":34},"_children":[{"__id__":36}],"_level":4,"_components":[{"__type__":"cc.Sprite","node":{"__id__":35},"_spriteFrame":{"__uuid__":"d3Iulhog9Af7Bivrbwxens"},"_type":1},{"__type__":"cc.ProgressBar","node":{"__id__":35},"_N$barSprite":{"__id__":37},"_N$mode":2,"_N$progress":0,"_N$reverse":true}],"_contentSize":{"__type__":"cc.Size","width":134,"height":134},"_position":{"__type__":"cc.Vec3","y":4},"_scale":{"__type__":"cc.Vec3","x":1,"y":1,"z":1}},{"__type__":"cc.Node","_name":"bar","_parent":{"__id__":35},"_components":[{"__id__":37}],"_contentSize":{"__type__":"cc.Size","width":125,"height":125},"_scale":{"__type__":"cc.Vec3","x":1,"y":1,"z":1},"_rotationX":-90,"_rotationY":-90,"_quat":{"__type__":"cc.Quat","z":0.7071067811865475,"w":0.7071067811865476}},{"__type__":"cc.Sprite","node":{"__id__":36},"_spriteFrame":{"__uuid__":"49qZeoIZRMwrv6w7havG+f"},"_type":3,"_sizeMode":0,"_fillType":2,"_fillCenter":{"__type__":"cc.Vec2","x":0.5,"y":0.5},"_fillStart":1},{"__type__":"cc.Node","_name":"Full","_parent":{"__id__":34},"_active":false,"_level":4,"_components":[{"__type__":"cc.Sprite","node":{"__id__":38},"_spriteFrame":{"__uuid__":"8c20Sso/ZEn7NUfNSM+EBh"}}],"_contentSize":{"__type__":"cc.Size","width":40,"height":36},"_scale":{"__type__":"cc.Vec3","x":1,"y":1,"z":1}},{"__type__":"cc.Node","_name":"Water","_parent":{"__id__":33},"_children":[{"__id__":40},{"__id__":43}],"_active":false,"_level":3,"_components":[{"__type__":"cc.Sprite","node":{"__id__":39},"_spriteFrame":{"__uuid__":"264r5BgnZIIowojiqGt6eb"},"_type":1},{"__type__":"cc.Button","node":{"__id__":39},"clickEvents":[{"__type__":"cc.ClickEvent","target":{"__id__":33},"_componentId":"619f9+OgVFLJKcBPdQ2oSIw","handler":"onClickSkill","customEventData":"3"}],"_N$interactable":false,"_N$transition":3,"transition":3,"_N$normalColor":{"__type__":"cc.Color","r":255,"g":255,"b":255},"_N$pressedColor":{"__type__":"cc.Color","r":255,"g":255,"b":255},"pressedColor":{"__type__":"cc.Color","r":255,"g":255,"b":255},"_N$disabledColor":{"__type__":"cc.Color","r":255,"g":255,"b":255},"_N$normalSprite":{"__uuid__":"f0BIwQ8D5Ml7nTNQbh1YlS"},"_N$pressedSprite":{"__uuid__":"e97GVMl6JHh5Ml5qEDdSGa"},"pressedSprite":{"__uuid__":"e97GVMl6JHh5Ml5qEDdSGa"},"_N$hoverSprite":{"__uuid__":"f0BIwQ8D5Ml7nTNQbh1YlS"},"hoverSprite":{"__uuid__":"f0BIwQ8D5Ml7nTNQbh1YlS"},"_N$disabledSprite":{"__uuid__":"29FYIk+N1GYaeWH/q1NxQO"},"_N$target":{"__id__":39}}],"_color":{"__type__":"cc.Color","r":95,"g":78,"b":78},"_contentSize":{"__type__":"cc.Size","width":109,"height":113},"_position":{"__type__":"cc.Vec3","x":-54.5},"_scale":{"__type__":"cc.Vec3","x":1,"y":1,"z":1}},{"__type__":"cc.Node","_name":"power","_parent":{"__id__":39},"_children":[{"__id__":41}],"_level":4,"_components":[{"__type__":"cc.Sprite","node":{"__id__":40},"_spriteFrame":{"__uuid__":"d3Iulhog9Af7Bivrbwxens"},"_type":1},{"__type__":"cc.ProgressBar","node":{"__id__":40},"_N$barSprite":{"__id__":42},"_N$mode":2,"_N$progress":0,"_N$reverse":true}],"_contentSize":{"__type__":"cc.Size","width":134,"height":134},"_position":{"__type__":"cc.Vec3","y":4},"_scale":{"__type__":"cc.Vec3","x":1,"y":1,"z":1}},{"__type__":"cc.Node","_name":"bar","_parent":{"__id__":40},"_components":[{"__id__":42}],"_contentSize":{"__type__":"cc.Size","width":125,"height":125},"_scale":{"__type__":"cc.Vec3","x":1,"y":1,"z":1},"_rotationX":-90,"_rotationY":-90,"_quat":{"__type__":"cc.Quat","z":0.7071067811865475,"w":0.7071067811865476}},{"__type__":"cc.Sprite","node":{"__id__":41},"_spriteFrame":{"__uuid__":"49qZeoIZRMwrv6w7havG+f"},"_type":3,"_sizeMode":0,"_fillType":2,"_fillCenter":{"__type__":"cc.Vec2","x":0.5,"y":0.5},"_fillStart":1},{"__type__":"cc.Node","_name":"Full","_parent":{"__id__":39},"_active":false,"_level":4,"_components":[{"__type__":"cc.Sprite","node":{"__id__":43},"_spriteFrame":{"__uuid__":"8c20Sso/ZEn7NUfNSM+EBh"}}],"_contentSize":{"__type__":"cc.Size","width":40,"height":36},"_scale":{"__type__":"cc.Vec3","x":1,"y":1,"z":1}},{"__type__":"cc.Node","_name":"Fire","_parent":{"__id__":33},"_children":[{"__id__":45},{"__id__":48}],"_active":false,"_level":3,"_components":[{"__type__":"cc.Sprite","node":{"__id__":44},"_spriteFrame":{"__uuid__":"d8qbBy78FMRoWEaeaBI4jC"},"_type":1},{"__type__":"cc.Button","node":{"__id__":44},"clickEvents":[{"__type__":"cc.ClickEvent","target":{"__id__":33},"_componentId":"619f9+OgVFLJKcBPdQ2oSIw","handler":"onClickSkill","customEventData":"4"}],"_N$interactable":false,"_N$transition":3,"transition":3,"_N$normalColor":{"__type__":"cc.Color","r":255,"g":255,"b":255},"_N$pressedColor":{"__type__":"cc.Color","r":255,"g":255,"b":255},"pressedColor":{"__type__":"cc.Color","r":255,"g":255,"b":255},"_N$disabledColor":{"__type__":"cc.Color","r":255,"g":255,"b":255},"_N$normalSprite":{"__uuid__":"f0BIwQ8D5Ml7nTNQbh1YlS"},"_N$pressedSprite":{"__uuid__":"e97GVMl6JHh5Ml5qEDdSGa"},"pressedSprite":{"__uuid__":"e97GVMl6JHh5Ml5qEDdSGa"},"_N$hoverSprite":{"__uuid__":"f0BIwQ8D5Ml7nTNQbh1YlS"},"hoverSprite":{"__uuid__":"f0BIwQ8D5Ml7nTNQbh1YlS"},"_N$disabledSprite":{"__uuid__":"29FYIk+N1GYaeWH/q1NxQO"},"_N$target":{"__id__":44}}],"_color":{"__type__":"cc.Color","r":95,"g":78,"b":78},"_contentSize":{"__type__":"cc.Size","width":109,"height":113},"_position":{"__type__":"cc.Vec3","x":-54.5},"_scale":{"__type__":"cc.Vec3","x":1,"y":1,"z":1}},{"__type__":"cc.Node","_name":"power","_parent":{"__id__":44},"_children":[{"__id__":46}],"_level":4,"_components":[{"__type__":"cc.Sprite","node":{"__id__":45},"_spriteFrame":{"__uuid__":"d3Iulhog9Af7Bivrbwxens"},"_type":1,"_fillType":2,"_fillRange":1},{"__type__":"cc.ProgressBar","node":{"__id__":45},"_N$barSprite":{"__id__":47},"_N$mode":2,"_N$progress":0,"_N$reverse":true}],"_contentSize":{"__type__":"cc.Size","width":134,"height":134},"_position":{"__type__":"cc.Vec3","y":4},"_scale":{"__type__":"cc.Vec3","x":1,"y":1,"z":1}},{"__type__":"cc.Node","_name":"bar","_parent":{"__id__":45},"_components":[{"__id__":47}],"_contentSize":{"__type__":"cc.Size","width":125,"height":125},"_scale":{"__type__":"cc.Vec3","x":1,"y":1,"z":1},"_rotationX":-90,"_rotationY":-90,"_quat":{"__type__":"cc.Quat","z":0.7071067811865475,"w":0.7071067811865476}},{"__type__":"cc.Sprite","node":{"__id__":46},"_spriteFrame":{"__uuid__":"49qZeoIZRMwrv6w7havG+f"},"_type":3,"_sizeMode":0,"_fillType":2,"_fillCenter":{"__type__":"cc.Vec2","x":0.5,"y":0.5}},{"__type__":"cc.Node","_name":"Full","_parent":{"__id__":44},"_active":false,"_level":4,"_components":[{"__type__":"cc.Sprite","node":{"__id__":48},"_spriteFrame":{"__uuid__":"8c20Sso/ZEn7NUfNSM+EBh"}}],"_contentSize":{"__type__":"cc.Size","width":40,"height":36},"_scale":{"__type__":"cc.Vec3","x":1,"y":1,"z":1}},{"__type__":"cc.Node","_name":"Heart","_parent":{"__id__":33},"_children":[{"__id__":50},{"__id__":53}],"_active":false,"_level":3,"_components":[{"__type__":"cc.Sprite","node":{"__id__":49},"_spriteFrame":{"__uuid__":"5boJrwUJ5Mg7ff/ls9ndHd"},"_type":1},{"__type__":"cc.Button","node":{"__id__":49},"clickEvents":[{"__type__":"cc.ClickEvent","target":{"__id__":33},"_componentId":"619f9+OgVFLJKcBPdQ2oSIw","handler":"onClickSkill","customEventData":"2"}],"_N$interactable":false,"_N$transition":3,"transition":3,"_N$normalColor":{"__type__":"cc.Color","r":255,"g":255,"b":255},"_N$pressedColor":{"__type__":"cc.Color","r":255,"g":255,"b":255},"pressedColor":{"__type__":"cc.Color","r":255,"g":255,"b":255},"_N$disabledColor":{"__type__":"cc.Color","r":255,"g":255,"b":255},"_N$normalSprite":{"__uuid__":"f0BIwQ8D5Ml7nTNQbh1YlS"},"_N$pressedSprite":{"__uuid__":"e97GVMl6JHh5Ml5qEDdSGa"},"pressedSprite":{"__uuid__":"e97GVMl6JHh5Ml5qEDdSGa"},"_N$hoverSprite":{"__uuid__":"f0BIwQ8D5Ml7nTNQbh1YlS"},"hoverSprite":{"__uuid__":"f0BIwQ8D5Ml7nTNQbh1YlS"},"_N$disabledSprite":{"__uuid__":"29FYIk+N1GYaeWH/q1NxQO"},"_N$target":{"__id__":49}}],"_color":{"__type__":"cc.Color","r":95,"g":78,"b":78},"_contentSize":{"__type__":"cc.Size","width":109,"height":113},"_position":{"__type__":"cc.Vec3","x":-54.5},"_scale":{"__type__":"cc.Vec3","x":1,"y":1,"z":1}},{"__type__":"cc.Node","_name":"power","_parent":{"__id__":49},"_children":[{"__id__":51}],"_level":4,"_components":[{"__type__":"cc.Sprite","node":{"__id__":50},"_spriteFrame":{"__uuid__":"d3Iulhog9Af7Bivrbwxens"}},{"__type__":"cc.ProgressBar","node":{"__id__":50},"_N$barSprite":{"__id__":52},"_N$mode":2,"_N$progress":0,"_N$reverse":true}],"_contentSize":{"__type__":"cc.Size","width":134,"height":134},"_position":{"__type__":"cc.Vec3","y":4},"_scale":{"__type__":"cc.Vec3","x":1,"y":1,"z":1}},{"__type__":"cc.Node","_name":"bar","_parent":{"__id__":50},"_components":[{"__id__":52}],"_contentSize":{"__type__":"cc.Size","width":125,"height":125},"_scale":{"__type__":"cc.Vec3","x":1,"y":1,"z":1},"_rotationX":-90,"_rotationY":-90,"_quat":{"__type__":"cc.Quat","z":0.7071067811865475,"w":0.7071067811865476}},{"__type__":"cc.Sprite","node":{"__id__":51},"_spriteFrame":{"__uuid__":"49qZeoIZRMwrv6w7havG+f"},"_type":3,"_sizeMode":0,"_fillType":2,"_fillCenter":{"__type__":"cc.Vec2","x":0.5,"y":0.5},"_fillStart":1},{"__type__":"cc.Node","_name":"Full","_parent":{"__id__":49},"_active":false,"_level":4,"_components":[{"__type__":"cc.Sprite","node":{"__id__":53},"_spriteFrame":{"__uuid__":"8c20Sso/ZEn7NUfNSM+EBh"}}],"_contentSize":{"__type__":"cc.Size","width":40,"height":36},"_scale":{"__type__":"cc.Vec3","x":1,"y":1,"z":1}},{"__type__":"cc.Node","_name":"Pause","_parent":{"__id__":2},"_children":[{"__id__":55}],"_level":1,"_components":[{"__type__":"cc.Button","node":{"__id__":54},"clickEvents":[{"__type__":"cc.ClickEvent","target":{"__id__":4},"_componentId":"320339hlK1Lsr3rBNvJBIX/","handler":"onBtnPauseClick"}],"_N$transition":3,"transition":3,"_N$normalColor":{"__type__":"cc.Color","r":255,"g":255,"b":255},"_N$pressedColor":{"__type__":"cc.Color","r":255,"g":255,"b":255},"pressedColor":{"__type__":"cc.Color","r":255,"g":255,"b":255},"_N$disabledColor":{"__type__":"cc.Color","r":255,"g":255,"b":255},"_N$normalSprite":{"__uuid__":"f0BIwQ8D5Ml7nTNQbh1YlS"},"_N$pressedSprite":{"__uuid__":"e97GVMl6JHh5Ml5qEDdSGa"},"pressedSprite":{"__uuid__":"e97GVMl6JHh5Ml5qEDdSGa"},"_N$hoverSprite":{"__uuid__":"f0BIwQ8D5Ml7nTNQbh1YlS"},"hoverSprite":{"__uuid__":"f0BIwQ8D5Ml7nTNQbh1YlS"},"_N$disabledSprite":{"__uuid__":"29FYIk+N1GYaeWH/q1NxQO"},"_N$target":{"__id__":54}}],"_contentSize":{"__type__":"cc.Size","width":100,"height":100},"_position":{"__type__":"cc.Vec3","x":430,"y":803},"_scale":{"__type__":"cc.Vec3","x":1,"y":1,"z":1}},{"__type__":"cc.Node","_name":"spr","_parent":{"__id__":54},"_level":2,"_components":[{"__type__":"cc.Sprite","node":{"__id__":55},"_spriteFrame":{"__uuid__":"f5OVyeZoBBsoiG6F+IFDRw"}}],"_contentSize":{"__type__":"cc.Size","width":59,"height":59},"_scale":{"__type__":"cc.Vec3","x":1,"y":1,"z":1}}]