[{"__type__":"cc.Prefab","_name":"Boom","data":{"__id__":1}},{"__type__":"cc.Node","_name":"Boom","_children":[{"__id__":2},{"__id__":3},{"__id__":4}],"_level":1,"_components":[{"__type__":"3be1cv1S1hDXpKIEIxREVdJ","node":{"__id__":1}}],"_prefab":{"__type__":"cc.PrefabInfo","root":{"__id__":1},"asset":{"__uuid__":"a1+rXN2lxED4DfrCwpzrTD"},"fileId":"c8J9714YFP7obtpPKMQpMT"},"_contentSize":{"__type__":"cc.Size","width":64,"height":64},"_anchorPoint":{"__type__":"cc.Vec2"},"_scale":{"__type__":"cc.Vec3","x":1,"y":1,"z":1}},{"__type__":"cc.Node","_name":"Animaion","_parent":{"__id__":1},"_level":2,"_components":[{"__type__":"sp.Skeleton","node":{"__id__":2},"defaultAnimation":"Baozha","_N$skeletonData":{"__uuid__":"f8/JLgrM5LEJOzItoAyrxl"}}],"_prefab":{"__type__":"cc.PrefabInfo","root":{"__id__":1},"asset":{"__uuid__":"a1+rXN2lxED4DfrCwpzrTD"},"fileId":"a63seFl8JPMqQQhpBPzGfv"},"_contentSize":{"__type__":"cc.Size","width":962,"height":1730},"_anchorPoint":{"__type__":"cc.Vec2"},"_position":{"__type__":"cc.Vec3","x":32,"y":14.4},"_scale":{"__type__":"cc.Vec3","x":1,"y":1,"z":1}},{"__type__":"cc.Node","_name":"effect","_parent":{"__id__":1},"_active":false,"_level":2,"_components":[{"__type__":"2be35wKjAhMk4X06xXhZwvk","node":{"__id__":3}},{"__type__":"sp.Skeleton","node":{"__id__":3},"defaultAnimation":"Baozha","loop":false,"_N$skeletonData":{"__uuid__":"c8nQgFXblLT5IjPnr6LMMO"}}],"_prefab":{"__type__":"cc.PrefabInfo","root":{"__id__":1},"asset":{"__uuid__":"a1+rXN2lxED4DfrCwpzrTD"},"fileId":"6b3J7cK0VPAJuHeWx4nO3T"},"_contentSize":{"__type__":"cc.Size","width":962,"height":1730},"_anchorPoint":{"__type__":"cc.Vec2"},"_position":{"__type__":"cc.Vec3","x":32,"y":10},"_scale":{"__type__":"cc.Vec3","x":1,"y":1,"z":1}},{"__type__":"cc.Node","_name":"Warn","_parent":{"__id__":1},"_active":false,"_level":2,"_components":[{"__type__":"cc.Sprite","node":{"__id__":4},"_spriteFrame":{"__uuid__":"33vygWmg9FBYs3IRnCk6LZ"}}],"_prefab":{"__type__":"cc.PrefabInfo","root":{"__id__":1},"asset":{"__uuid__":"a1+rXN2lxED4DfrCwpzrTD"},"fileId":"60eKrNn41LB4RCamAtotcw"},"_contentSize":{"__type__":"cc.Size","width":64,"height":64},"_anchorPoint":{"__type__":"cc.Vec2"},"_scale":{"__type__":"cc.Vec3","x":1,"y":1,"z":1}}]