[{"__type__":"cc.Prefab","_name":"Setting","data":{"__id__":1}},{"__type__":"cc.Node","_name":"Setting","_children":[{"__id__":2},{"__id__":3}],"_level":1,"_components":[{"__type__":"cc.Button","node":{"__id__":1},"_N$target":{"__id__":1}},{"__type__":"77697MQc39LToX24WST7Ijc","node":{"__id__":1}}],"_prefab":{"__type__":"cc.PrefabInfo","root":{"__id__":1},"asset":{"__uuid__":"0eALf4nbBD+LC2TPy0PNiU"},"fileId":"3eCdx5mDhP56kAAlR8hgFQ"},"_contentSize":{"__type__":"cc.Size","width":1460,"height":2206},"_scale":{"__type__":"cc.Vec3","x":1,"y":1,"z":1}},{"__type__":"cc.Node","_name":"bg","_parent":{"__id__":1},"_level":3,"_components":[{"__type__":"cc.Sprite","node":{"__id__":2},"_spriteFrame":{"__uuid__":"c6aEsZi7ZLuYOy5nnW0Ibk"},"_sizeMode":0}],"_prefab":{"__type__":"cc.PrefabInfo","root":{"__id__":1},"asset":{"__uuid__":"0eALf4nbBD+LC2TPy0PNiU"},"fileId":"0bmXocHGZAV7GclkQO/zut"},"_opacity":100,"_color":{"__type__":"cc.Color"},"_contentSize":{"__type__":"cc.Size","width":1460,"height":2206},"_scale":{"__type__":"cc.Vec3","x":1,"y":1,"z":1}},{"__type__":"cc.Node","_name":"box","_parent":{"__id__":1},"_children":[{"__id__":4},{"__id__":5},{"__id__":8},{"__id__":9},{"__id__":18},{"__id__":19},{"__id__":27},{"__id__":35},{"__id__":37},{"__id__":39}],"_level":3,"_prefab":{"__type__":"cc.PrefabInfo","root":{"__id__":1},"asset":{"__uuid__":"0eALf4nbBD+LC2TPy0PNiU"},"fileId":"d5VCJG2FJGZpSLd5DycVp5"},"_contentSize":{"__type__":"cc.Size","width":800,"height":800},"_scale":{"__type__":"cc.Vec3","x":1,"y":1,"z":1}},{"__type__":"cc.Node","_name":"bg1","_parent":{"__id__":3},"_level":4,"_components":[{"__type__":"cc.Sprite","node":{"__id__":4},"_spriteFrame":{"__uuid__":"dfYWpFoPxIfJaDY6gYnCT2"},"_type":1,"_sizeMode":0}],"_prefab":{"__type__":"cc.PrefabInfo","root":{"__id__":1},"asset":{"__uuid__":"0eALf4nbBD+LC2TPy0PNiU"},"fileId":"2f1OB6+cpO0brH0CVMtMgQ"},"_contentSize":{"__type__":"cc.Size","width":627,"height":711},"_scale":{"__type__":"cc.Vec3","x":1,"y":1,"z":1},"_rotationX":-3,"_rotationY":-3,"_quat":{"__type__":"cc.Quat","z":0.026176948307873153,"w":0.9996573249755573}},{"__type__":"cc.Node","_name":"bg2","_parent":{"__id__":3},"_children":[{"__id__":6},{"__id__":7}],"_level":4,"_components":[{"__type__":"cc.Sprite","node":{"__id__":5},"_spriteFrame":{"__uuid__":"faaNIqbD1Ar6/pqAdxak38"},"_type":1,"_sizeMode":0}],"_prefab":{"__type__":"cc.PrefabInfo","root":{"__id__":1},"asset":{"__uuid__":"0eALf4nbBD+LC2TPy0PNiU"},"fileId":"75LXSxDxpF57JP3av8oaHU"},"_contentSize":{"__type__":"cc.Size","width":627,"height":720},"_position":{"__type__":"cc.Vec3","y":-8},"_scale":{"__type__":"cc.Vec3","x":1,"y":1,"z":1}},{"__type__":"cc.Node","_name":"Bg_Decorate_4","_parent":{"__id__":5},"_level":5,"_components":[{"__type__":"cc.Sprite","node":{"__id__":6},"_spriteFrame":{"__uuid__":"01Px1stkJPoLuRx/NYLdHY"}}],"_prefab":{"__type__":"cc.PrefabInfo","root":{"__id__":1},"asset":{"__uuid__":"0eALf4nbBD+LC2TPy0PNiU"},"fileId":"eb8Okf0mFI/q6rLeL3j/ys"},"_contentSize":{"__type__":"cc.Size","width":22,"height":33},"_position":{"__type__":"cc.Vec3","x":-303.5,"y":200},"_scale":{"__type__":"cc.Vec3","x":1,"y":1,"z":1}},{"__type__":"cc.Node","_name":"Bg_Decorate_3","_parent":{"__id__":5},"_level":5,"_components":[{"__type__":"cc.Sprite","node":{"__id__":7},"_spriteFrame":{"__uuid__":"98xDcSD71ER7K7FrzreuEq"}}],"_prefab":{"__type__":"cc.PrefabInfo","root":{"__id__":1},"asset":{"__uuid__":"0eALf4nbBD+LC2TPy0PNiU"},"fileId":"63tZVMQI1JYqlto5XOOqsq"},"_contentSize":{"__type__":"cc.Size","width":36,"height":37},"_position":{"__type__":"cc.Vec3","x":296.5,"y":-200},"_scale":{"__type__":"cc.Vec3","x":1,"y":1,"z":1}},{"__type__":"cc.Node","_name":"title","_parent":{"__id__":3},"_level":4,"_components":[{"__type__":"cc.Sprite","node":{"__id__":8},"_spriteFrame":{"__uuid__":"e5xK09kqlHJ6DR5Br2PDK/"}}],"_prefab":{"__type__":"cc.PrefabInfo","root":{"__id__":1},"asset":{"__uuid__":"0eALf4nbBD+LC2TPy0PNiU"},"fileId":"12YNpOfoVE2rSRuWYZQ9fm"},"_contentSize":{"__type__":"cc.Size","width":200,"height":89},"_position":{"__type__":"cc.Vec3","y":350},"_scale":{"__type__":"cc.Vec3","x":1,"y":1,"z":1}},{"__type__":"cc.Node","_name":"mute","_parent":{"__id__":3},"_children":[{"__id__":10},{"__id__":11}],"_level":4,"_components":[{"__type__":"cc.Sprite","node":{"__id__":9},"_spriteFrame":{"__uuid__":"7bn7+/6hhLVLXUI9RIakGR"},"_sizeMode":0}],"_prefab":{"__type__":"cc.PrefabInfo","root":{"__id__":1},"asset":{"__uuid__":"0eALf4nbBD+LC2TPy0PNiU"},"fileId":"b7zthxX0NAm5TCOybFLGWZ"},"_contentSize":{"__type__":"cc.Size","width":560,"height":76},"_position":{"__type__":"cc.Vec3","y":195},"_scale":{"__type__":"cc.Vec3","x":1,"y":1,"z":1}},{"__type__":"cc.Node","_name":"lab","_parent":{"__id__":9},"_level":5,"_components":[{"__type__":"cc.Label","node":{"__id__":10},"_srcBlendFactor":1,"_string":"静音模式","_N$string":"静音模式","_fontSize":30,"_lineHeight":35,"_N$file":{"__uuid__":"7ayuTvAx5NSIJwUPtdCD7i"},"_isSystemFontUsed":false,"_N$horizontalAlign":1,"_N$verticalAlign":1}],"_prefab":{"__type__":"cc.PrefabInfo","root":{"__id__":1},"asset":{"__uuid__":"0eALf4nbBD+LC2TPy0PNiU"},"fileId":"a24DmWTtpHS747ZD6cQHSn"},"_color":{"__type__":"cc.Color","r":87,"g":70,"b":43},"_contentSize":{"__type__":"cc.Size","width":120,"height":35},"_position":{"__type__":"cc.Vec3","x":-180},"_scale":{"__type__":"cc.Vec3","x":1,"y":1,"z":1}},{"__type__":"cc.Node","_name":"switch","_parent":{"__id__":9},"_children":[{"__id__":12},{"__id__":15}],"_level":5,"_components":[{"__type__":"cc.Button","node":{"__id__":11},"clickEvents":[{"__type__":"cc.ClickEvent","target":{"__id__":1},"_componentId":"77697MQc39LToX24WST7Ijc","handler":"onSwitchMuteClick"}],"_N$normalSprite":{"__uuid__":"d5UO17BXJGgpyhDayaogy7"},"_N$target":{"__id__":11}}],"_prefab":{"__type__":"cc.PrefabInfo","root":{"__id__":1},"asset":{"__uuid__":"0eALf4nbBD+LC2TPy0PNiU"},"fileId":"45TXbhOD9Fhq0Uj8t7RUc9"},"_contentSize":{"__type__":"cc.Size","width":100,"height":50},"_position":{"__type__":"cc.Vec3","x":176},"_scale":{"__type__":"cc.Vec3","x":1,"y":1,"z":1}},{"__type__":"cc.Node","_name":"on","_parent":{"__id__":11},"_children":[{"__id__":13},{"__id__":14}],"_active":false,"_level":6,"_components":[{"__type__":"cc.Sprite","node":{"__id__":12},"_spriteFrame":{"__uuid__":"dcixBm3EJD+qqHvfutLTaL"}}],"_prefab":{"__type__":"cc.PrefabInfo","root":{"__id__":1},"asset":{"__uuid__":"0eALf4nbBD+LC2TPy0PNiU"},"fileId":"a7TxDs/+5GMrvl6FY0x0g2"},"_contentSize":{"__type__":"cc.Size","width":109,"height":43},"_scale":{"__type__":"cc.Vec3","x":1,"y":1,"z":1}},{"__type__":"cc.Node","_name":"lab","_parent":{"__id__":12},"_level":7,"_components":[{"__type__":"cc.Label","node":{"__id__":13},"_srcBlendFactor":1,"_string":"on","_N$string":"on","_fontSize":26,"_lineHeight":30,"_N$file":{"__uuid__":"7ayuTvAx5NSIJwUPtdCD7i"},"_isSystemFontUsed":false,"_N$horizontalAlign":1,"_N$verticalAlign":1}],"_prefab":{"__type__":"cc.PrefabInfo","root":{"__id__":1},"asset":{"__uuid__":"0eALf4nbBD+LC2TPy0PNiU"},"fileId":"6fZOC1eZhGDbXbe4OjFg2h"},"_color":{"__type__":"cc.Color"},"_contentSize":{"__type__":"cc.Size","width":34.89,"height":30},"_position":{"__type__":"cc.Vec3","x":-25},"_scale":{"__type__":"cc.Vec3","x":1,"y":1,"z":1}},{"__type__":"cc.Node","_name":"spr","_parent":{"__id__":12},"_level":7,"_components":[{"__type__":"cc.Sprite","node":{"__id__":14},"_spriteFrame":{"__uuid__":"ecfDgwLxBEEL7fjqaVpOxE"}}],"_prefab":{"__type__":"cc.PrefabInfo","root":{"__id__":1},"asset":{"__uuid__":"0eALf4nbBD+LC2TPy0PNiU"},"fileId":"14APdKMu1NQaApgNdBiXb2"},"_contentSize":{"__type__":"cc.Size","width":54,"height":68},"_position":{"__type__":"cc.Vec3","x":30},"_scale":{"__type__":"cc.Vec3","x":1,"y":1,"z":1}},{"__type__":"cc.Node","_name":"off","_parent":{"__id__":11},"_children":[{"__id__":16},{"__id__":17}],"_level":6,"_components":[{"__type__":"cc.Sprite","node":{"__id__":15},"_spriteFrame":{"__uuid__":"dcixBm3EJD+qqHvfutLTaL"}}],"_prefab":{"__type__":"cc.PrefabInfo","root":{"__id__":1},"asset":{"__uuid__":"0eALf4nbBD+LC2TPy0PNiU"},"fileId":"7c3P0cCGRJ55rRT4Kih/7G"},"_contentSize":{"__type__":"cc.Size","width":109,"height":43},"_scale":{"__type__":"cc.Vec3","x":1,"y":1,"z":1}},{"__type__":"cc.Node","_name":"lab","_parent":{"__id__":15},"_level":7,"_components":[{"__type__":"cc.Label","node":{"__id__":16},"_srcBlendFactor":1,"_string":"off","_N$string":"off","_fontSize":26,"_lineHeight":30,"_N$file":{"__uuid__":"7ayuTvAx5NSIJwUPtdCD7i"},"_isSystemFontUsed":false,"_N$horizontalAlign":1,"_N$verticalAlign":1}],"_prefab":{"__type__":"cc.PrefabInfo","root":{"__id__":1},"asset":{"__uuid__":"0eALf4nbBD+LC2TPy0PNiU"},"fileId":"b74WmfRNNDZrC/N4Fh9vGl"},"_color":{"__type__":"cc.Color"},"_contentSize":{"__type__":"cc.Size","width":43.57,"height":30},"_position":{"__type__":"cc.Vec3","x":20},"_scale":{"__type__":"cc.Vec3","x":1,"y":1,"z":1}},{"__type__":"cc.Node","_name":"spr","_parent":{"__id__":15},"_level":7,"_components":[{"__type__":"cc.Sprite","node":{"__id__":17},"_spriteFrame":{"__uuid__":"ecfDgwLxBEEL7fjqaVpOxE"}}],"_prefab":{"__type__":"cc.PrefabInfo","root":{"__id__":1},"asset":{"__uuid__":"0eALf4nbBD+LC2TPy0PNiU"},"fileId":"5cfMJ6HABMHoJenDdHMGxv"},"_contentSize":{"__type__":"cc.Size","width":54,"height":68},"_position":{"__type__":"cc.Vec3","x":-35},"_scale":{"__type__":"cc.Vec3","x":1,"y":1,"z":1}},{"__type__":"cc.Node","_name":"bg3","_parent":{"__id__":3},"_level":4,"_components":[{"__type__":"cc.Sprite","node":{"__id__":18},"_spriteFrame":{"__uuid__":"7bn7+/6hhLVLXUI9RIakGR"},"_sizeMode":0}],"_prefab":{"__type__":"cc.PrefabInfo","root":{"__id__":1},"asset":{"__uuid__":"0eALf4nbBD+LC2TPy0PNiU"},"fileId":"b1H1trQhBMnpF31Pyl04WF"},"_contentSize":{"__type__":"cc.Size","width":560,"height":246},"_scale":{"__type__":"cc.Vec3","x":1,"y":1,"z":1}},{"__type__":"cc.Node","_name":"effect","_parent":{"__id__":3},"_children":[{"__id__":20},{"__id__":21},{"__id__":24}],"_level":4,"_prefab":{"__type__":"cc.PrefabInfo","root":{"__id__":1},"asset":{"__uuid__":"0eALf4nbBD+LC2TPy0PNiU"},"fileId":"b94X7FD2BLXYCXGULf2Skz"},"_position":{"__type__":"cc.Vec3","y":60},"_scale":{"__type__":"cc.Vec3","x":1,"y":1,"z":1}},{"__type__":"cc.Node","_name":"lab","_parent":{"__id__":19},"_level":4,"_components":[{"__type__":"cc.Label","node":{"__id__":20},"_srcBlendFactor":1,"_string":"音效","_N$string":"音效","_fontSize":30,"_lineHeight":35,"_N$file":{"__uuid__":"7ayuTvAx5NSIJwUPtdCD7i"},"_isSystemFontUsed":false,"_N$horizontalAlign":1,"_N$verticalAlign":1}],"_prefab":{"__type__":"cc.PrefabInfo","root":{"__id__":1},"asset":{"__uuid__":"0eALf4nbBD+LC2TPy0PNiU"},"fileId":"febwK1jX9EhobIgY68x+bp"},"_color":{"__type__":"cc.Color","r":87,"g":70,"b":43},"_contentSize":{"__type__":"cc.Size","width":60,"height":35},"_position":{"__type__":"cc.Vec3","x":-210},"_scale":{"__type__":"cc.Vec3","x":1,"y":1,"z":1}},{"__type__":"cc.Node","_name":"progress","_parent":{"__id__":19},"_children":[{"__id__":22}],"_level":4,"_components":[{"__type__":"cc.Sprite","node":{"__id__":21},"_spriteFrame":{"__uuid__":"61FNtuRUlE6YEfVYihnyC+"},"_type":1},{"__type__":"cc.ProgressBar","node":{"__id__":21},"_N$totalLength":360,"_N$barSprite":{"__id__":23},"_N$progress":0.5}],"_prefab":{"__type__":"cc.PrefabInfo","root":{"__id__":1},"asset":{"__uuid__":"0eALf4nbBD+LC2TPy0PNiU"},"fileId":"25+vs58c9KrKXuNCIDkgIg"},"_contentSize":{"__type__":"cc.Size","width":360,"height":38},"_position":{"__type__":"cc.Vec3","x":50},"_scale":{"__type__":"cc.Vec3","x":1,"y":1,"z":1}},{"__type__":"cc.Node","_name":"bar","_parent":{"__id__":21},"_components":[{"__id__":23}],"_prefab":{"__type__":"cc.PrefabInfo","root":{"__id__":1},"asset":{"__uuid__":"0eALf4nbBD+LC2TPy0PNiU"},"fileId":"ecnYam+EtII5XmDxdfZvyj"},"_contentSize":{"__type__":"cc.Size","width":180,"height":30},"_anchorPoint":{"__type__":"cc.Vec2","y":0.5},"_position":{"__type__":"cc.Vec3","x":-180},"_scale":{"__type__":"cc.Vec3","x":1,"y":1,"z":1}},{"__type__":"cc.Sprite","node":{"__id__":22},"_spriteFrame":{"__uuid__":"12QCOXN6xFrp6lMw3YvPoU"},"_type":1,"_sizeMode":0},{"__type__":"cc.Node","_name":"slider","_parent":{"__id__":19},"_children":[{"__id__":25}],"_level":4,"_components":[{"__type__":"cc.Slider","node":{"__id__":24},"slideEvents":[{"__type__":"cc.ClickEvent","target":{"__id__":1},"_componentId":"77697MQc39LToX24WST7Ijc","handler":"onHandleEffectSlider"}],"_N$handle":{"__id__":26}}],"_prefab":{"__type__":"cc.PrefabInfo","root":{"__id__":1},"asset":{"__uuid__":"0eALf4nbBD+LC2TPy0PNiU"},"fileId":"0c4+ma2NZH/pCHmIxnhNbk"},"_contentSize":{"__type__":"cc.Size","width":320,"height":30},"_position":{"__type__":"cc.Vec3","x":50},"_scale":{"__type__":"cc.Vec3","x":1,"y":1,"z":1}},{"__type__":"cc.Node","_name":"Handle","_parent":{"__id__":24},"_components":[{"__type__":"cc.Sprite","node":{"__id__":25},"_spriteFrame":{"__uuid__":"ecfDgwLxBEEL7fjqaVpOxE"},"_type":1},{"__id__":26}],"_prefab":{"__type__":"cc.PrefabInfo","root":{"__id__":1},"asset":{"__uuid__":"0eALf4nbBD+LC2TPy0PNiU"},"fileId":"bfjMAvlypLt7ePbWy3EaB9"},"_contentSize":{"__type__":"cc.Size","width":54,"height":68},"_scale":{"__type__":"cc.Vec3","x":1,"y":1,"z":1}},{"__type__":"cc.Button","node":{"__id__":25},"zoomScale":1.1,"_N$enableAutoGrayEffect":true,"_N$transition":3,"transition":3,"_N$normalColor":{"__type__":"cc.Color","r":255,"g":255,"b":255},"_N$pressedColor":{"__type__":"cc.Color","r":255,"g":255,"b":255},"pressedColor":{"__type__":"cc.Color","r":255,"g":255,"b":255},"_N$disabledColor":{"__type__":"cc.Color","r":255,"g":255,"b":255},"_N$normalSprite":{"__uuid__":"e7q6FL+VZEgLJUjVeDLic/"},"_N$pressedSprite":{"__uuid__":"e7q6FL+VZEgLJUjVeDLic/"},"pressedSprite":{"__uuid__":"e7q6FL+VZEgLJUjVeDLic/"},"_N$hoverSprite":{"__uuid__":"e7q6FL+VZEgLJUjVeDLic/"},"hoverSprite":{"__uuid__":"e7q6FL+VZEgLJUjVeDLic/"},"_N$disabledSprite":{"__uuid__":"29FYIk+N1GYaeWH/q1NxQO"},"_N$target":{"__id__":25}},{"__type__":"cc.Node","_name":"music","_parent":{"__id__":3},"_children":[{"__id__":28},{"__id__":29},{"__id__":32}],"_level":4,"_prefab":{"__type__":"cc.PrefabInfo","root":{"__id__":1},"asset":{"__uuid__":"0eALf4nbBD+LC2TPy0PNiU"},"fileId":"8ctxa9/VlMHaOUCOU/m9TX"},"_position":{"__type__":"cc.Vec3","y":-50},"_scale":{"__type__":"cc.Vec3","x":1,"y":1,"z":1}},{"__type__":"cc.Node","_name":"lab","_parent":{"__id__":27},"_level":4,"_components":[{"__type__":"cc.Label","node":{"__id__":28},"_srcBlendFactor":1,"_string":"音乐","_N$string":"音乐","_fontSize":30,"_lineHeight":35,"_N$file":{"__uuid__":"7ayuTvAx5NSIJwUPtdCD7i"},"_isSystemFontUsed":false,"_N$horizontalAlign":1,"_N$verticalAlign":1}],"_prefab":{"__type__":"cc.PrefabInfo","root":{"__id__":1},"asset":{"__uuid__":"0eALf4nbBD+LC2TPy0PNiU"},"fileId":"fal0ueuGZIBr40/IevEgql"},"_color":{"__type__":"cc.Color","r":87,"g":70,"b":43},"_contentSize":{"__type__":"cc.Size","width":60,"height":35},"_position":{"__type__":"cc.Vec3","x":-210},"_scale":{"__type__":"cc.Vec3","x":1,"y":1,"z":1}},{"__type__":"cc.Node","_name":"progress","_parent":{"__id__":27},"_children":[{"__id__":30}],"_level":4,"_components":[{"__type__":"cc.Sprite","node":{"__id__":29},"_spriteFrame":{"__uuid__":"61FNtuRUlE6YEfVYihnyC+"},"_type":1},{"__type__":"cc.ProgressBar","node":{"__id__":29},"_N$totalLength":360,"_N$barSprite":{"__id__":31},"_N$progress":0.5}],"_prefab":{"__type__":"cc.PrefabInfo","root":{"__id__":1},"asset":{"__uuid__":"0eALf4nbBD+LC2TPy0PNiU"},"fileId":"dagTjVzGlJRZUun5vj0hT1"},"_contentSize":{"__type__":"cc.Size","width":360,"height":38},"_position":{"__type__":"cc.Vec3","x":50},"_scale":{"__type__":"cc.Vec3","x":1,"y":1,"z":1}},{"__type__":"cc.Node","_name":"bar","_parent":{"__id__":29},"_components":[{"__id__":31}],"_prefab":{"__type__":"cc.PrefabInfo","root":{"__id__":1},"asset":{"__uuid__":"0eALf4nbBD+LC2TPy0PNiU"},"fileId":"90Cl+dj/hOqLEYNay+vX95"},"_contentSize":{"__type__":"cc.Size","width":180,"height":30},"_anchorPoint":{"__type__":"cc.Vec2","y":0.5},"_position":{"__type__":"cc.Vec3","x":-180},"_scale":{"__type__":"cc.Vec3","x":1,"y":1,"z":1}},{"__type__":"cc.Sprite","node":{"__id__":30},"_spriteFrame":{"__uuid__":"12QCOXN6xFrp6lMw3YvPoU"},"_type":1,"_sizeMode":0},{"__type__":"cc.Node","_name":"slider","_parent":{"__id__":27},"_children":[{"__id__":33}],"_level":4,"_components":[{"__type__":"cc.Slider","node":{"__id__":32},"slideEvents":[{"__type__":"cc.ClickEvent","target":{"__id__":1},"_componentId":"77697MQc39LToX24WST7Ijc","handler":"onHandleMusicSlider"}],"_N$handle":{"__id__":34}}],"_prefab":{"__type__":"cc.PrefabInfo","root":{"__id__":1},"asset":{"__uuid__":"0eALf4nbBD+LC2TPy0PNiU"},"fileId":"43XeRWtlxAtozq36BECTGW"},"_contentSize":{"__type__":"cc.Size","width":320,"height":30},"_position":{"__type__":"cc.Vec3","x":50},"_scale":{"__type__":"cc.Vec3","x":1,"y":1,"z":1}},{"__type__":"cc.Node","_name":"Handle","_parent":{"__id__":32},"_components":[{"__type__":"cc.Sprite","node":{"__id__":33},"_spriteFrame":{"__uuid__":"ecfDgwLxBEEL7fjqaVpOxE"},"_type":1},{"__id__":34}],"_prefab":{"__type__":"cc.PrefabInfo","root":{"__id__":1},"asset":{"__uuid__":"0eALf4nbBD+LC2TPy0PNiU"},"fileId":"2a6BrJBy5Lpa8NtfezkQYi"},"_contentSize":{"__type__":"cc.Size","width":54,"height":68},"_scale":{"__type__":"cc.Vec3","x":1,"y":1,"z":1}},{"__type__":"cc.Button","node":{"__id__":33},"zoomScale":1.1,"_N$enableAutoGrayEffect":true,"_N$transition":3,"transition":3,"_N$normalColor":{"__type__":"cc.Color","r":255,"g":255,"b":255},"_N$pressedColor":{"__type__":"cc.Color","r":255,"g":255,"b":255},"pressedColor":{"__type__":"cc.Color","r":255,"g":255,"b":255},"_N$disabledColor":{"__type__":"cc.Color","r":255,"g":255,"b":255},"_N$normalSprite":{"__uuid__":"e7q6FL+VZEgLJUjVeDLic/"},"_N$pressedSprite":{"__uuid__":"e7q6FL+VZEgLJUjVeDLic/"},"pressedSprite":{"__uuid__":"e7q6FL+VZEgLJUjVeDLic/"},"_N$hoverSprite":{"__uuid__":"e7q6FL+VZEgLJUjVeDLic/"},"hoverSprite":{"__uuid__":"e7q6FL+VZEgLJUjVeDLic/"},"_N$disabledSprite":{"__uuid__":"29FYIk+N1GYaeWH/q1NxQO"},"_N$target":{"__id__":33}},{"__type__":"cc.Node","_name":"btnExit","_parent":{"__id__":3},"_children":[{"__id__":36}],"_level":4,"_components":[{"__type__":"cc.Sprite","node":{"__id__":35},"_spriteFrame":{"__uuid__":"bfh5zPFBtItoEk+H3aUbx3"},"_type":1,"_sizeMode":0},{"__type__":"cc.Button","node":{"__id__":35},"zoomScale":1.1,"clickEvents":[{"__type__":"cc.ClickEvent","target":{"__id__":1},"_componentId":"77697MQc39LToX24WST7Ijc","handler":"onBtnExitClick"}],"_N$transition":3,"transition":3,"_N$normalColor":{"__type__":"cc.Color","r":255,"g":255,"b":255},"_N$pressedColor":{"__type__":"cc.Color","r":255,"g":255,"b":255},"pressedColor":{"__type__":"cc.Color","r":255,"g":255,"b":255},"_N$disabledColor":{"__type__":"cc.Color","r":255,"g":255,"b":255},"_N$normalSprite":{"__uuid__":"bfh5zPFBtItoEk+H3aUbx3"},"_N$pressedSprite":{"__uuid__":"e97GVMl6JHh5Ml5qEDdSGa"},"pressedSprite":{"__uuid__":"e97GVMl6JHh5Ml5qEDdSGa"},"_N$hoverSprite":{"__uuid__":"f0BIwQ8D5Ml7nTNQbh1YlS"},"hoverSprite":{"__uuid__":"f0BIwQ8D5Ml7nTNQbh1YlS"},"_N$disabledSprite":{"__uuid__":"29FYIk+N1GYaeWH/q1NxQO"},"_N$target":{"__id__":35}}],"_prefab":{"__type__":"cc.PrefabInfo","root":{"__id__":1},"asset":{"__uuid__":"0eALf4nbBD+LC2TPy0PNiU"},"fileId":"5dVg1lxSFBbYFuGJErjWPr"},"_contentSize":{"__type__":"cc.Size","width":200,"height":80},"_position":{"__type__":"cc.Vec3","x":-140,"y":-250},"_scale":{"__type__":"cc.Vec3","x":1,"y":1,"z":1}},{"__type__":"cc.Node","_name":"Label","_parent":{"__id__":35},"_components":[{"__type__":"cc.Label","node":{"__id__":36},"_srcBlendFactor":1,"_useOriginalSize":false,"_string":"退  出","_N$string":"退  出","_fontSize":32,"_enableWrapText":false,"_N$file":{"__uuid__":"7ayuTvAx5NSIJwUPtdCD7i"},"_isSystemFontUsed":false,"_N$horizontalAlign":1,"_N$verticalAlign":1},{"__type__":"cc.LabelOutline","node":{"__id__":36},"_color":{"__type__":"cc.Color","r":30,"g":8,"b":5},"_width":3}],"_prefab":{"__type__":"cc.PrefabInfo","root":{"__id__":1},"asset":{"__uuid__":"0eALf4nbBD+LC2TPy0PNiU"},"fileId":"2aUvFb1INE3Yn3+ZcjyBAO"},"_contentSize":{"__type__":"cc.Size","width":102,"height":40},"_scale":{"__type__":"cc.Vec3","x":1,"y":1,"z":1}},{"__type__":"cc.Node","_name":"btnReplay","_parent":{"__id__":3},"_children":[{"__id__":38}],"_level":4,"_components":[{"__type__":"cc.Sprite","node":{"__id__":37},"_spriteFrame":{"__uuid__":"bfh5zPFBtItoEk+H3aUbx3"},"_type":1,"_sizeMode":0},{"__type__":"cc.Button","node":{"__id__":37},"zoomScale":1.1,"clickEvents":[{"__type__":"cc.ClickEvent","target":{"__id__":1},"_componentId":"77697MQc39LToX24WST7Ijc","handler":"onBtnReplayClick"}],"_N$transition":3,"transition":3,"_N$normalColor":{"__type__":"cc.Color","r":255,"g":255,"b":255},"_N$pressedColor":{"__type__":"cc.Color","r":255,"g":255,"b":255},"pressedColor":{"__type__":"cc.Color","r":255,"g":255,"b":255},"_N$disabledColor":{"__type__":"cc.Color","r":255,"g":255,"b":255},"_N$normalSprite":{"__uuid__":"bfh5zPFBtItoEk+H3aUbx3"},"_N$pressedSprite":{"__uuid__":"e97GVMl6JHh5Ml5qEDdSGa"},"pressedSprite":{"__uuid__":"e97GVMl6JHh5Ml5qEDdSGa"},"_N$hoverSprite":{"__uuid__":"f0BIwQ8D5Ml7nTNQbh1YlS"},"hoverSprite":{"__uuid__":"f0BIwQ8D5Ml7nTNQbh1YlS"},"_N$disabledSprite":{"__uuid__":"29FYIk+N1GYaeWH/q1NxQO"},"_N$target":{"__id__":37}}],"_prefab":{"__type__":"cc.PrefabInfo","root":{"__id__":1},"asset":{"__uuid__":"0eALf4nbBD+LC2TPy0PNiU"},"fileId":"e2f17/XEFEEabfqidraIle"},"_contentSize":{"__type__":"cc.Size","width":200,"height":80},"_position":{"__type__":"cc.Vec3","x":140,"y":-250},"_scale":{"__type__":"cc.Vec3","x":1,"y":1,"z":1}},{"__type__":"cc.Node","_name":"Label","_parent":{"__id__":37},"_components":[{"__type__":"cc.Label","node":{"__id__":38},"_srcBlendFactor":1,"_useOriginalSize":false,"_string":"重  玩","_N$string":"重  玩","_fontSize":32,"_enableWrapText":false,"_N$file":{"__uuid__":"7ayuTvAx5NSIJwUPtdCD7i"},"_isSystemFontUsed":false,"_N$horizontalAlign":1,"_N$verticalAlign":1},{"__type__":"cc.LabelOutline","node":{"__id__":38},"_color":{"__type__":"cc.Color","r":30,"g":8,"b":5},"_width":3}],"_prefab":{"__type__":"cc.PrefabInfo","root":{"__id__":1},"asset":{"__uuid__":"0eALf4nbBD+LC2TPy0PNiU"},"fileId":"44EFcMUYdNj7d3qlBZvDzW"},"_contentSize":{"__type__":"cc.Size","width":102,"height":40},"_scale":{"__type__":"cc.Vec3","x":1,"y":1,"z":1}},{"__type__":"cc.Node","_name":"btnClose","_parent":{"__id__":3},"_level":4,"_components":[{"__type__":"cc.Sprite","node":{"__id__":39},"_spriteFrame":{"__uuid__":"19RQ4sCm9DSZuY2virIq2R"},"_sizeMode":0},{"__type__":"cc.Button","node":{"__id__":39},"zoomScale":1.1,"clickEvents":[{"__type__":"cc.ClickEvent","target":{"__id__":1},"_componentId":"77697MQc39LToX24WST7Ijc","handler":"onBtnCloseClick"}],"_N$transition":3,"transition":3,"_N$target":{"__id__":39}}],"_prefab":{"__type__":"cc.PrefabInfo","root":{"__id__":1},"asset":{"__uuid__":"0eALf4nbBD+LC2TPy0PNiU"},"fileId":"82vYJIii1A9o/FK4YFDIVR"},"_contentSize":{"__type__":"cc.Size","width":60,"height":60},"_position":{"__type__":"cc.Vec3","x":270,"y":310},"_scale":{"__type__":"cc.Vec3","x":1,"y":1,"z":1}}]