{"skeleton":{"hash":"PiDIrF3twzdEmXfO2KHKKdCwzh0","spine":"3.6.53","width":962,"height":1730,"images":"./images/"},"bones":[{"name":"root"},{"name":"Diamond","parent":"root","length":45.56,"rotation":90,"x":1.69,"y":27.28,"color":"000000ff"},{"name":"Guang","parent":"Diamond","rotation":-90,"x":22.15,"y":0.44},{"name":"Yingzi","parent":"root","x":-0.01,"y":0.3,"color":"000000ff"}],"slots":[{"name":"Bg","bone":"root"},{"name":"Yingzi","bone":"Yingzi","attachment":"Yingzi"},{"name":"Diamond","bone":"Diamond","attachment":"6"},{"name":"Guang2","bone":"Guang","color":"00ed21ff","attachment":"Guang10"},{"name":"Guang","bone":"Guang","blend":"additive"},{"name":"Diamond2","bone":"Diamond","attachment":"6","blend":"additive"}],"skins":{"default":{"Diamond":{"1":{"x":19.11,"y":-0.05,"rotation":-90,"width":29,"height":48},"2":{"x":17.11,"y":-0.55,"rotation":-90,"width":43,"height":43},"3":{"x":20.61,"y":-0.05,"rotation":-90,"width":46,"height":51},"4":{"x":21.11,"y":-0.05,"rotation":-90,"width":53,"height":51},"5":{"x":21.11,"y":-0.05,"rotation":-90,"width":53,"height":53},"6":{"x":27.61,"y":-0.05,"rotation":-90,"width":48,"height":66}},"Diamond2":{"1":{"x":19.11,"y":-0.05,"rotation":-90,"width":29,"height":48},"2":{"x":17.11,"y":-0.55,"rotation":-90,"width":43,"height":43},"3":{"x":20.61,"y":-0.05,"rotation":-90,"width":46,"height":51},"4":{"x":21.11,"y":-0.05,"rotation":-90,"width":53,"height":51},"5":{"x":21.11,"y":-0.05,"rotation":-90,"width":53,"height":53},"6":{"x":27.61,"y":-0.05,"rotation":-90,"width":48,"height":66}},"Guang":{"Guang1":{"x":-10.84,"y":25.07,"width":139,"height":142},"Guang2":{"x":2.66,"y":-2.43,"width":144,"height":155},"Guang3":{"x":-11.34,"y":-2.43,"width":156,"height":157},"Guang4":{"x":6.16,"y":-2.93,"width":171,"height":140},"Guang5":{"x":-7.34,"y":8.07,"width":156,"height":162},"Guang6":{"x":-7.34,"y":3.57,"width":130,"height":135},"Guang7":{"x":-1.34,"y":2.07,"width":116,"height":114},"Guang8":{"x":0.66,"y":1.57,"width":150,"height":149},"Guang9":{"x":-5.34,"y":-2.93,"width":138,"height":126},"Guang10":{"x":-4.34,"y":8.07,"width":146,"height":160},"Guang11":{"x":-0.34,"y":2.07,"width":102,"height":102}},"Guang2":{"Guang1":{"x":-10.84,"y":25.07,"width":139,"height":142},"Guang2":{"x":2.66,"y":-2.43,"width":144,"height":155},"Guang3":{"x":-11.34,"y":-2.43,"width":156,"height":157},"Guang4":{"x":6.16,"y":-2.93,"width":171,"height":140},"Guang5":{"x":-7.34,"y":8.07,"width":156,"height":162},"Guang6":{"x":-7.34,"y":3.57,"width":130,"height":135},"Guang7":{"x":-1.34,"y":2.07,"width":116,"height":114},"Guang8":{"x":0.66,"y":1.57,"width":150,"height":149},"Guang9":{"x":-5.34,"y":-2.93,"width":138,"height":126},"Guang10":{"x":-4.34,"y":8.07,"width":146,"height":160},"Guang11":{"x":-0.34,"y":2.07,"width":102,"height":102}},"Yingzi":{"Yingzi":{"x":0.31,"y":-0.02,"scaleX":0.678,"scaleY":0.678,"width":48,"height":21}}}},"animations":{"1":{"slots":{"Diamond":{"color":[{"time":0,"color":"ffffffff"}],"attachment":[{"time":0,"name":"1"}]},"Diamond2":{"color":[{"time":0,"color":"ffffff00"}],"attachment":[{"time":0,"name":"1"}]},"Guang":{"color":[{"time":0,"color":"ffffffa6"}],"attachment":[{"time":0,"name":null}]},"Guang2":{"color":[{"time":0,"color":"8bf5e5b1"}],"attachment":[{"time":0,"name":null}]},"Yingzi":{"color":[{"time":0,"color":"ffffffff"}]}},"bones":{"Diamond":{"rotate":[{"time":0,"angle":0}],"translate":[{"time":0,"x":0,"y":0}],"scale":[{"time":0,"x":1,"y":1}],"shear":[{"time":0,"x":0,"y":0}]},"root":{"rotate":[{"time":0,"angle":0}],"translate":[{"time":0,"x":0,"y":0}],"scale":[{"time":0,"x":1,"y":1}],"shear":[{"time":0,"x":0,"y":0}]},"Yingzi":{"rotate":[{"time":0,"angle":0}],"translate":[{"time":0,"x":0,"y":0}],"scale":[{"time":0,"x":1,"y":1}],"shear":[{"time":0,"x":0,"y":0}]},"Guang":{"rotate":[{"time":0,"angle":0}],"translate":[{"time":0,"x":-5.16,"y":-0.74}],"scale":[{"time":0,"x":1,"y":1}],"shear":[{"time":0,"x":0,"y":0}]}}},"2":{"slots":{"Diamond":{"color":[{"time":0,"color":"ffffffff"}],"attachment":[{"time":0,"name":"2"}]},"Diamond2":{"color":[{"time":0,"color":"ffffff00"}],"attachment":[{"time":0,"name":"2"}]},"Guang":{"color":[{"time":0,"color":"ffffffa6"}],"attachment":[{"time":0,"name":null}]},"Guang2":{"color":[{"time":0,"color":"52ef00b1"}],"attachment":[{"time":0,"name":null}]},"Yingzi":{"color":[{"time":0,"color":"ffffffff"}]}},"bones":{"Diamond":{"rotate":[{"time":0,"angle":0}],"translate":[{"time":0,"x":0,"y":0}],"scale":[{"time":0,"x":1,"y":1}],"shear":[{"time":0,"x":0,"y":0}]},"root":{"rotate":[{"time":0,"angle":0}],"translate":[{"time":0,"x":0,"y":0}],"scale":[{"time":0,"x":1,"y":1}],"shear":[{"time":0,"x":0,"y":0}]},"Yingzi":{"rotate":[{"time":0,"angle":0}],"translate":[{"time":0,"x":0,"y":0}],"scale":[{"time":0,"x":1,"y":1}],"shear":[{"time":0,"x":0,"y":0}]},"Guang":{"rotate":[{"time":0,"angle":0}],"translate":[{"time":0,"x":-5.16,"y":-0.74}],"scale":[{"time":0,"x":1,"y":1}],"shear":[{"time":0,"x":0,"y":0}]}}},"3":{"slots":{"Diamond":{"color":[{"time":0,"color":"ffffffff"}],"attachment":[{"time":0,"name":"3"}]},"Diamond2":{"color":[{"time":0,"color":"ffffff00"}],"attachment":[{"time":0,"name":"3"}]},"Guang":{"color":[{"time":0,"color":"ffffffa6"}],"attachment":[{"time":0,"name":null}]},"Guang2":{"color":[{"time":0,"color":"00a0ffb1"}],"attachment":[{"time":0,"name":null}]},"Yingzi":{"color":[{"time":0,"color":"ffffffff"}]}},"bones":{"Diamond":{"rotate":[{"time":0,"angle":0}],"translate":[{"time":0,"x":0,"y":0}],"scale":[{"time":0,"x":1,"y":1}],"shear":[{"time":0,"x":0,"y":0}]},"root":{"rotate":[{"time":0,"angle":0}],"translate":[{"time":0,"x":0,"y":0}],"scale":[{"time":0,"x":1,"y":1}],"shear":[{"time":0,"x":0,"y":0}]},"Yingzi":{"rotate":[{"time":0,"angle":0}],"translate":[{"time":0,"x":0,"y":0}],"scale":[{"time":0,"x":1,"y":1}],"shear":[{"time":0,"x":0,"y":0}]},"Guang":{"rotate":[{"time":0,"angle":0}],"translate":[{"time":0,"x":-5.16,"y":-0.74}],"scale":[{"time":0,"x":1,"y":1}],"shear":[{"time":0,"x":0,"y":0}]}}},"4":{"slots":{"Diamond":{"color":[{"time":0,"color":"ffffffff"}],"attachment":[{"time":0,"name":"4"}]},"Diamond2":{"color":[{"time":0,"color":"ffffff00"}],"attachment":[{"time":0,"name":"4"}]},"Guang":{"color":[{"time":0,"color":"ffffffa6"}],"attachment":[{"time":0,"name":null}]},"Guang2":{"color":[{"time":0,"color":"cb00ffb1"}],"attachment":[{"time":0,"name":null}]},"Yingzi":{"color":[{"time":0,"color":"ffffffff"}]}},"bones":{"Diamond":{"rotate":[{"time":0,"angle":0}],"translate":[{"time":0,"x":0,"y":0}],"scale":[{"time":0,"x":1,"y":1}],"shear":[{"time":0,"x":0,"y":0}]},"root":{"rotate":[{"time":0,"angle":0}],"translate":[{"time":0,"x":0,"y":0}],"scale":[{"time":0,"x":1,"y":1}],"shear":[{"time":0,"x":0,"y":0}]},"Yingzi":{"rotate":[{"time":0,"angle":0}],"translate":[{"time":0,"x":0,"y":0}],"scale":[{"time":0,"x":1,"y":1}],"shear":[{"time":0,"x":0,"y":0}]},"Guang":{"rotate":[{"time":0,"angle":0}],"translate":[{"time":0,"x":-5.16,"y":-0.74}],"scale":[{"time":0,"x":1,"y":1}],"shear":[{"time":0,"x":0,"y":0}]}}},"5":{"slots":{"Diamond":{"color":[{"time":0,"color":"ffffffff"}],"attachment":[{"time":0,"name":"5"}]},"Diamond2":{"color":[{"time":0,"color":"ffffff00"}],"attachment":[{"time":0,"name":"5"}]},"Guang":{"color":[{"time":0,"color":"ffffffa6"}],"attachment":[{"time":0,"name":null}]},"Guang2":{"color":[{"time":0,"color":"ff9904b1"}],"attachment":[{"time":0,"name":null}]},"Yingzi":{"color":[{"time":0,"color":"ffffffff"}]}},"bones":{"Diamond":{"rotate":[{"time":0,"angle":0}],"translate":[{"time":0,"x":0,"y":0}],"scale":[{"time":0,"x":1,"y":1}],"shear":[{"time":0,"x":0,"y":0}]},"root":{"rotate":[{"time":0,"angle":0}],"translate":[{"time":0,"x":0,"y":0}],"scale":[{"time":0,"x":1,"y":1}],"shear":[{"time":0,"x":0,"y":0}]},"Yingzi":{"rotate":[{"time":0,"angle":0}],"translate":[{"time":0,"x":0,"y":0}],"scale":[{"time":0,"x":1,"y":1}],"shear":[{"time":0,"x":0,"y":0}]},"Guang":{"rotate":[{"time":0,"angle":0}],"translate":[{"time":0,"x":-5.16,"y":-0.74}],"scale":[{"time":0,"x":1,"y":1}],"shear":[{"time":0,"x":0,"y":0}]}}},"6":{"slots":{"Diamond":{"color":[{"time":0,"color":"ffffffff"}],"attachment":[{"time":0,"name":"6"}]},"Diamond2":{"color":[{"time":0,"color":"ffffff00"}],"attachment":[{"time":0,"name":"6"}]},"Guang":{"color":[{"time":0,"color":"ffffffa6"}],"attachment":[{"time":0,"name":null}]},"Guang2":{"color":[{"time":0,"color":"ff9904b1"}],"attachment":[{"time":0,"name":null}]},"Yingzi":{"color":[{"time":0,"color":"ffffffff"}]}},"bones":{"Diamond":{"rotate":[{"time":0,"angle":0}],"translate":[{"time":0,"x":0,"y":0}],"scale":[{"time":0,"x":1,"y":1}],"shear":[{"time":0,"x":0,"y":0}]},"root":{"rotate":[{"time":0,"angle":0}],"translate":[{"time":0,"x":0,"y":0}],"scale":[{"time":0,"x":1,"y":1}],"shear":[{"time":0,"x":0,"y":0}]},"Yingzi":{"rotate":[{"time":0,"angle":0}],"translate":[{"time":0,"x":0,"y":0}],"scale":[{"time":0,"x":1,"y":1}],"shear":[{"time":0,"x":0,"y":0}]},"Guang":{"rotate":[{"time":0,"angle":0}],"translate":[{"time":0,"x":-5.16,"y":-0.74}],"scale":[{"time":0,"x":1,"y":1}],"shear":[{"time":0,"x":0,"y":0}]}}},"7":{"slots":{"Diamond":{"color":[{"time":0,"color":"ffffffff","curve":"stepped"},{"time":0.1,"color":"ffffffff"},{"time":0.2667,"color":"ffffff00"},{"time":0.4333,"color":"ffffffff","curve":"stepped"},{"time":1,"color":"ffffffff"}],"attachment":[{"time":0,"name":null},{"time":0.2667,"name":"1"},{"time":1,"name":"1"}]},"Diamond2":{"color":[{"time":0,"color":"ffffff00"},{"time":0.2667,"color":"ffffffff"},{"time":0.7667,"color":"ffffff00","curve":"stepped"},{"time":1,"color":"ffffff00"}],"attachment":[{"time":0,"name":null},{"time":0.2667,"name":"1"},{"time":1,"name":"1"}]},"Guang":{"color":[{"time":0,"color":"ffffff33"},{"time":0.2333,"color":"ffffffa6","curve":"stepped"},{"time":0.3333,"color":"ffffffa6"},{"time":0.4333,"color":"00ed2000","curve":"stepped"},{"time":1,"color":"00ed2000"}],"attachment":[{"time":0,"name":"Guang1"},{"time":0.0333,"name":"Guang2"},{"time":0.0667,"name":"Guang3"},{"time":0.1,"name":"Guang4"},{"time":0.1333,"name":"Guang5"},{"time":0.1667,"name":"Guang6"},{"time":0.2,"name":"Guang7"},{"time":0.2333,"name":"Guang8"},{"time":0.2667,"name":"Guang9"},{"time":0.3,"name":"Guang10"},{"time":0.3333,"name":"Guang11"},{"time":0.4333,"name":null},{"time":1,"name":null}]},"Guang2":{"color":[{"time":0,"color":"ffffff15"},{"time":0.2333,"color":"8bf5e5b1","curve":"stepped"},{"time":0.3333,"color":"8bf5e5b1"},{"time":0.4333,"color":"8af5e400","curve":"stepped"},{"time":1,"color":"8af5e400"}],"attachment":[{"time":0,"name":"Guang1"},{"time":0.0333,"name":"Guang2"},{"time":0.0667,"name":"Guang3"},{"time":0.1,"name":"Guang4"},{"time":0.1333,"name":"Guang5"},{"time":0.1667,"name":"Guang6"},{"time":0.2,"name":"Guang7"},{"time":0.2333,"name":"Guang8"},{"time":0.2667,"name":"Guang9"},{"time":0.3,"name":"Guang10"},{"time":0.3333,"name":"Guang11"},{"time":0.4333,"name":null},{"time":1,"name":null}]},"Yingzi":{"color":[{"time":0,"color":"ffffff00","curve":"stepped"},{"time":0.2667,"color":"ffffff00"},{"time":0.4333,"color":"ffffffff"},{"time":0.6,"color":"ffffffd7"},{"time":0.7667,"color":"ffffffff","curve":"stepped"},{"time":1,"color":"ffffffff"}]}},"bones":{"Diamond":{"rotate":[{"time":0,"angle":0,"curve":"stepped"},{"time":1,"angle":0}],"translate":[{"time":0,"x":0,"y":0},{"time":0.2667,"x":0,"y":6.58},{"time":0.4333,"x":0,"y":-2.03},{"time":0.6,"x":0,"y":1.78},{"time":0.7667,"x":0,"y":-1.13},{"time":1,"x":0,"y":0}],"scale":[{"time":0,"x":1,"y":1,"curve":"stepped"},{"time":1,"x":1,"y":1}],"shear":[{"time":0,"x":0,"y":0,"curve":"stepped"},{"time":1,"x":0,"y":0}]},"Yingzi":{"rotate":[{"time":0,"angle":0,"curve":"stepped"},{"time":1,"angle":0}],"translate":[{"time":0,"x":0,"y":0,"curve":"stepped"},{"time":1,"x":0,"y":0}],"scale":[{"time":0,"x":1,"y":1},{"time":0.2667,"x":0.9,"y":1},{"time":0.4333,"x":1.1,"y":1},{"time":0.6,"x":0.95,"y":1},{"time":0.7667,"x":1.05,"y":1},{"time":1,"x":1,"y":1}],"shear":[{"time":0,"x":0,"y":0,"curve":"stepped"},{"time":1,"x":0,"y":0}]},"Guang":{"rotate":[{"time":0,"angle":0,"curve":"stepped"},{"time":1,"angle":0}],"translate":[{"time":0,"x":-5.16,"y":-0.74,"curve":"stepped"},{"time":1,"x":-5.16,"y":-0.74}],"scale":[{"time":0,"x":1,"y":1,"curve":"stepped"},{"time":0.3333,"x":1,"y":1},{"time":0.4333,"x":1.6,"y":1.6,"curve":"stepped"},{"time":1,"x":1.6,"y":1.6}],"shear":[{"time":0,"x":0,"y":0,"curve":"stepped"},{"time":1,"x":0,"y":0}]},"root":{"rotate":[{"time":0,"angle":0,"curve":"stepped"},{"time":1,"angle":0}],"translate":[{"time":0,"x":0,"y":0,"curve":"stepped"},{"time":1,"x":0,"y":0}],"scale":[{"time":0,"x":1,"y":1,"curve":"stepped"},{"time":1,"x":1,"y":1}],"shear":[{"time":0,"x":0,"y":0,"curve":"stepped"},{"time":1,"x":0,"y":0}]}}},"8":{"slots":{"Diamond":{"color":[{"time":0,"color":"ffffffff","curve":"stepped"},{"time":0.1,"color":"ffffffff"},{"time":0.2667,"color":"ffffff00"},{"time":0.4333,"color":"ffffffff","curve":"stepped"},{"time":1,"color":"ffffffff"}],"attachment":[{"time":0,"name":"1"},{"time":0.2667,"name":"2"},{"time":1,"name":"2"}]},"Diamond2":{"color":[{"time":0,"color":"ffffff00"},{"time":0.2667,"color":"ffffffff"},{"time":0.7667,"color":"ffffff00","curve":"stepped"},{"time":1,"color":"ffffff00"}],"attachment":[{"time":0,"name":"1"},{"time":0.2667,"name":"2"},{"time":1,"name":"2"}]},"Guang":{"color":[{"time":0,"color":"ffffffa6","curve":"stepped"},{"time":0.3333,"color":"ffffffa6"},{"time":0.4333,"color":"00ed2000","curve":"stepped"},{"time":1,"color":"00ed2000"}],"attachment":[{"time":0,"name":"Guang1"},{"time":0.0333,"name":"Guang2"},{"time":0.0667,"name":"Guang3"},{"time":0.1,"name":"Guang4"},{"time":0.1333,"name":"Guang5"},{"time":0.1667,"name":"Guang6"},{"time":0.2,"name":"Guang7"},{"time":0.2333,"name":"Guang8"},{"time":0.2667,"name":"Guang9"},{"time":0.3,"name":"Guang10"},{"time":0.3333,"name":"Guang11"},{"time":0.4333,"name":null},{"time":1,"name":null}]},"Guang2":{"color":[{"time":0,"color":"8bf5e5b1"},{"time":0.2333,"color":"52ef00b1","curve":"stepped"},{"time":0.3333,"color":"52ef00b1"},{"time":0.4333,"color":"00ed2000","curve":"stepped"},{"time":1,"color":"00ed2000"}],"attachment":[{"time":0,"name":"Guang1"},{"time":0.0333,"name":"Guang2"},{"time":0.0667,"name":"Guang3"},{"time":0.1,"name":"Guang4"},{"time":0.1333,"name":"Guang5"},{"time":0.1667,"name":"Guang6"},{"time":0.2,"name":"Guang7"},{"time":0.2333,"name":"Guang8"},{"time":0.2667,"name":"Guang9"},{"time":0.3,"name":"Guang10"},{"time":0.3333,"name":"Guang11"},{"time":0.4333,"name":null},{"time":1,"name":null}]},"Yingzi":{"color":[{"time":0,"color":"ffffffff"},{"time":0.2667,"color":"ffffffb2"},{"time":0.4333,"color":"ffffffff"},{"time":0.6,"color":"ffffffd7"},{"time":0.7667,"color":"ffffffff","curve":"stepped"},{"time":1,"color":"ffffffff"}]}},"bones":{"Diamond":{"rotate":[{"time":0,"angle":0,"curve":"stepped"},{"time":1,"angle":0}],"translate":[{"time":0,"x":0,"y":0},{"time":0.2667,"x":0,"y":6.58},{"time":0.4333,"x":0,"y":-2.03},{"time":0.6,"x":0,"y":1.78},{"time":0.7667,"x":0,"y":-1.13},{"time":1,"x":0,"y":0}],"scale":[{"time":0,"x":1,"y":1,"curve":"stepped"},{"time":1,"x":1,"y":1}],"shear":[{"time":0,"x":0,"y":0,"curve":"stepped"},{"time":1,"x":0,"y":0}]},"Yingzi":{"rotate":[{"time":0,"angle":0,"curve":"stepped"},{"time":1,"angle":0}],"translate":[{"time":0,"x":0,"y":0,"curve":"stepped"},{"time":1,"x":0,"y":0}],"scale":[{"time":0,"x":1,"y":1},{"time":0.2667,"x":0.9,"y":1},{"time":0.4333,"x":1.1,"y":1},{"time":0.6,"x":0.95,"y":1},{"time":0.7667,"x":1.05,"y":1},{"time":1,"x":1,"y":1}],"shear":[{"time":0,"x":0,"y":0,"curve":"stepped"},{"time":1,"x":0,"y":0}]},"Guang":{"rotate":[{"time":0,"angle":0,"curve":"stepped"},{"time":1,"angle":0}],"translate":[{"time":0,"x":-5.16,"y":-0.74,"curve":"stepped"},{"time":1,"x":-5.16,"y":-0.74}],"scale":[{"time":0,"x":1,"y":1,"curve":"stepped"},{"time":0.3333,"x":1,"y":1},{"time":0.4333,"x":1.6,"y":1.6,"curve":"stepped"},{"time":1,"x":1.6,"y":1.6}],"shear":[{"time":0,"x":0,"y":0,"curve":"stepped"},{"time":1,"x":0,"y":0}]},"root":{"rotate":[{"time":0,"angle":0,"curve":"stepped"},{"time":1,"angle":0}],"translate":[{"time":0,"x":0,"y":0,"curve":"stepped"},{"time":1,"x":0,"y":0}],"scale":[{"time":0,"x":1,"y":1,"curve":"stepped"},{"time":1,"x":1,"y":1}],"shear":[{"time":0,"x":0,"y":0,"curve":"stepped"},{"time":1,"x":0,"y":0}]}}},"9":{"slots":{"Diamond":{"color":[{"time":0,"color":"ffffffff","curve":"stepped"},{"time":0.1,"color":"ffffffff"},{"time":0.2667,"color":"ffffff00"},{"time":0.4333,"color":"ffffffff","curve":"stepped"},{"time":1,"color":"ffffffff"}],"attachment":[{"time":0,"name":"2"},{"time":0.2667,"name":"3"},{"time":1,"name":"3"}]},"Diamond2":{"color":[{"time":0,"color":"ffffff00"},{"time":0.2667,"color":"ffffffff"},{"time":0.7667,"color":"ffffff00","curve":"stepped"},{"time":1,"color":"ffffff00"}],"attachment":[{"time":0,"name":"2"},{"time":0.2667,"name":"3"},{"time":1,"name":"3"}]},"Guang":{"color":[{"time":0,"color":"ffffffa6","curve":"stepped"},{"time":0.3333,"color":"ffffffa6"},{"time":0.4333,"color":"00ed2000","curve":"stepped"},{"time":1,"color":"00ed2000"}],"attachment":[{"time":0,"name":"Guang1"},{"time":0.0333,"name":"Guang2"},{"time":0.0667,"name":"Guang3"},{"time":0.1,"name":"Guang4"},{"time":0.1333,"name":"Guang5"},{"time":0.1667,"name":"Guang6"},{"time":0.2,"name":"Guang7"},{"time":0.2333,"name":"Guang8"},{"time":0.2667,"name":"Guang9"},{"time":0.3,"name":"Guang10"},{"time":0.3333,"name":"Guang11"},{"time":0.4333,"name":null},{"time":1,"name":null}]},"Guang2":{"color":[{"time":0,"color":"52ef00b1"},{"time":0.2333,"color":"00a0ffb1","curve":"stepped"},{"time":0.3333,"color":"00a0ffb1"},{"time":0.4333,"color":"009fff00","curve":"stepped"},{"time":1,"color":"009fff00"}],"attachment":[{"time":0,"name":"Guang1"},{"time":0.0333,"name":"Guang2"},{"time":0.0667,"name":"Guang3"},{"time":0.1,"name":"Guang4"},{"time":0.1333,"name":"Guang5"},{"time":0.1667,"name":"Guang6"},{"time":0.2,"name":"Guang7"},{"time":0.2333,"name":"Guang8"},{"time":0.2667,"name":"Guang9"},{"time":0.3,"name":"Guang10"},{"time":0.3333,"name":"Guang11"},{"time":0.4333,"name":null},{"time":1,"name":null}]},"Yingzi":{"color":[{"time":0,"color":"ffffffff"},{"time":0.2667,"color":"ffffffb2"},{"time":0.4333,"color":"ffffffff"},{"time":0.6,"color":"ffffffd7"},{"time":0.7667,"color":"ffffffff","curve":"stepped"},{"time":1,"color":"ffffffff"}]}},"bones":{"Diamond":{"rotate":[{"time":0,"angle":0,"curve":"stepped"},{"time":1,"angle":0}],"translate":[{"time":0,"x":0,"y":0},{"time":0.2667,"x":0,"y":6.58},{"time":0.4333,"x":0,"y":-2.03},{"time":0.6,"x":0,"y":1.78},{"time":0.7667,"x":0,"y":-1.13},{"time":1,"x":0,"y":0}],"scale":[{"time":0,"x":1,"y":1,"curve":"stepped"},{"time":1,"x":1,"y":1}],"shear":[{"time":0,"x":0,"y":0,"curve":"stepped"},{"time":1,"x":0,"y":0}]},"Yingzi":{"rotate":[{"time":0,"angle":0,"curve":"stepped"},{"time":1,"angle":0}],"translate":[{"time":0,"x":0,"y":0,"curve":"stepped"},{"time":1,"x":0,"y":0}],"scale":[{"time":0,"x":1,"y":1},{"time":0.2667,"x":0.9,"y":1},{"time":0.4333,"x":1.1,"y":1},{"time":0.6,"x":0.95,"y":1},{"time":0.7667,"x":1.05,"y":1},{"time":1,"x":1,"y":1}],"shear":[{"time":0,"x":0,"y":0,"curve":"stepped"},{"time":1,"x":0,"y":0}]},"Guang":{"rotate":[{"time":0,"angle":0,"curve":"stepped"},{"time":1,"angle":0}],"translate":[{"time":0,"x":-5.16,"y":-0.74,"curve":"stepped"},{"time":1,"x":-5.16,"y":-0.74}],"scale":[{"time":0,"x":1,"y":1,"curve":"stepped"},{"time":0.3333,"x":1,"y":1},{"time":0.4333,"x":1.6,"y":1.6,"curve":"stepped"},{"time":1,"x":1.6,"y":1.6}],"shear":[{"time":0,"x":0,"y":0,"curve":"stepped"},{"time":1,"x":0,"y":0}]},"root":{"rotate":[{"time":0,"angle":0,"curve":"stepped"},{"time":1,"angle":0}],"translate":[{"time":0,"x":0,"y":0,"curve":"stepped"},{"time":1,"x":0,"y":0}],"scale":[{"time":0,"x":1,"y":1,"curve":"stepped"},{"time":1,"x":1,"y":1}],"shear":[{"time":0,"x":0,"y":0,"curve":"stepped"},{"time":1,"x":0,"y":0}]}}},"10":{"slots":{"Diamond":{"color":[{"time":0,"color":"ffffffff","curve":"stepped"},{"time":0.1,"color":"ffffffff"},{"time":0.2667,"color":"ffffff00"},{"time":0.4333,"color":"ffffffff","curve":"stepped"},{"time":1,"color":"ffffffff"}],"attachment":[{"time":0,"name":"3"},{"time":0.2667,"name":"4"},{"time":1,"name":"4"}]},"Diamond2":{"color":[{"time":0,"color":"ffffff00"},{"time":0.2667,"color":"ffffffff"},{"time":0.7667,"color":"ffffff00","curve":"stepped"},{"time":1,"color":"ffffff00"}],"attachment":[{"time":0,"name":"3"},{"time":0.2667,"name":"4"},{"time":1,"name":"4"}]},"Guang":{"color":[{"time":0,"color":"ffffffa6","curve":"stepped"},{"time":0.3333,"color":"ffffffa6"},{"time":0.4333,"color":"00ed2000","curve":"stepped"},{"time":1,"color":"00ed2000"}],"attachment":[{"time":0,"name":"Guang1"},{"time":0.0333,"name":"Guang2"},{"time":0.0667,"name":"Guang3"},{"time":0.1,"name":"Guang4"},{"time":0.1333,"name":"Guang5"},{"time":0.1667,"name":"Guang6"},{"time":0.2,"name":"Guang7"},{"time":0.2333,"name":"Guang8"},{"time":0.2667,"name":"Guang9"},{"time":0.3,"name":"Guang10"},{"time":0.3333,"name":"Guang11"},{"time":0.4333,"name":null},{"time":1,"name":null}]},"Guang2":{"color":[{"time":0,"color":"00a0ffb1","curve":[0.25,0,1,0.39]},{"time":0.2333,"color":"cb00ffb1","curve":"stepped"},{"time":0.3333,"color":"cb00ffb1"},{"time":0.4333,"color":"ca00ff00","curve":"stepped"},{"time":1,"color":"ca00ff00"}],"attachment":[{"time":0,"name":"Guang1"},{"time":0.0333,"name":"Guang2"},{"time":0.0667,"name":"Guang3"},{"time":0.1,"name":"Guang4"},{"time":0.1333,"name":"Guang5"},{"time":0.1667,"name":"Guang6"},{"time":0.2,"name":"Guang7"},{"time":0.2333,"name":"Guang8"},{"time":0.2667,"name":"Guang9"},{"time":0.3,"name":"Guang10"},{"time":0.3333,"name":"Guang11"},{"time":0.4333,"name":null},{"time":1,"name":null}]},"Yingzi":{"color":[{"time":0,"color":"ffffffff"},{"time":0.2667,"color":"ffffffb2"},{"time":0.4333,"color":"ffffffff"},{"time":0.6,"color":"ffffffd7"},{"time":0.7667,"color":"ffffffff","curve":"stepped"},{"time":1,"color":"ffffffff"}]}},"bones":{"Diamond":{"rotate":[{"time":0,"angle":0,"curve":"stepped"},{"time":1,"angle":0}],"translate":[{"time":0,"x":0,"y":0},{"time":0.2667,"x":0,"y":6.58},{"time":0.4333,"x":0,"y":-2.03},{"time":0.6,"x":0,"y":1.78},{"time":0.7667,"x":0,"y":-1.13},{"time":1,"x":0,"y":0}],"scale":[{"time":0,"x":1,"y":1,"curve":"stepped"},{"time":1,"x":1,"y":1}],"shear":[{"time":0,"x":0,"y":0,"curve":"stepped"},{"time":1,"x":0,"y":0}]},"Yingzi":{"rotate":[{"time":0,"angle":0,"curve":"stepped"},{"time":1,"angle":0}],"translate":[{"time":0,"x":0,"y":0,"curve":"stepped"},{"time":1,"x":0,"y":0}],"scale":[{"time":0,"x":1,"y":1},{"time":0.2667,"x":0.9,"y":1},{"time":0.4333,"x":1.1,"y":1},{"time":0.6,"x":0.95,"y":1},{"time":0.7667,"x":1.05,"y":1},{"time":1,"x":1,"y":1}],"shear":[{"time":0,"x":0,"y":0,"curve":"stepped"},{"time":1,"x":0,"y":0}]},"Guang":{"rotate":[{"time":0,"angle":0,"curve":"stepped"},{"time":1,"angle":0}],"translate":[{"time":0,"x":-5.16,"y":-0.74,"curve":"stepped"},{"time":1,"x":-5.16,"y":-0.74}],"scale":[{"time":0,"x":1,"y":1,"curve":"stepped"},{"time":0.3333,"x":1,"y":1},{"time":0.4333,"x":1.6,"y":1.6,"curve":"stepped"},{"time":1,"x":1.6,"y":1.6}],"shear":[{"time":0,"x":0,"y":0,"curve":"stepped"},{"time":1,"x":0,"y":0}]},"root":{"rotate":[{"time":0,"angle":0,"curve":"stepped"},{"time":1,"angle":0}],"translate":[{"time":0,"x":0,"y":0,"curve":"stepped"},{"time":1,"x":0,"y":0}],"scale":[{"time":0,"x":1,"y":1,"curve":"stepped"},{"time":1,"x":1,"y":1}],"shear":[{"time":0,"x":0,"y":0,"curve":"stepped"},{"time":1,"x":0,"y":0}]}}},"11":{"slots":{"Diamond":{"color":[{"time":0,"color":"ffffffff","curve":"stepped"},{"time":0.1,"color":"ffffffff"},{"time":0.2667,"color":"ffffff00"},{"time":0.4333,"color":"ffffffff","curve":"stepped"},{"time":1,"color":"ffffffff"}],"attachment":[{"time":0,"name":"4"},{"time":0.2667,"name":"5"},{"time":1,"name":"5"}]},"Diamond2":{"color":[{"time":0,"color":"ffffff00"},{"time":0.2667,"color":"ffffffff"},{"time":0.7667,"color":"ffffff00","curve":"stepped"},{"time":1,"color":"ffffff00"}],"attachment":[{"time":0,"name":"4"},{"time":0.2667,"name":"5"},{"time":1,"name":"5"}]},"Guang":{"color":[{"time":0,"color":"ffffffa6","curve":"stepped"},{"time":0.3333,"color":"ffffffa6"},{"time":0.4333,"color":"00ed2000","curve":"stepped"},{"time":1,"color":"00ed2000"}],"attachment":[{"time":0,"name":"Guang1"},{"time":0.0333,"name":"Guang2"},{"time":0.0667,"name":"Guang3"},{"time":0.1,"name":"Guang4"},{"time":0.1333,"name":"Guang5"},{"time":0.1667,"name":"Guang6"},{"time":0.2,"name":"Guang7"},{"time":0.2333,"name":"Guang8"},{"time":0.2667,"name":"Guang9"},{"time":0.3,"name":"Guang10"},{"time":0.3333,"name":"Guang11"},{"time":0.4333,"name":null},{"time":1,"name":null}]},"Guang2":{"color":[{"time":0,"color":"cb00ffb1"},{"time":0.2333,"color":"ff9904b1","curve":"stepped"},{"time":0.3333,"color":"ff9904b1"},{"time":0.4333,"color":"ff980300","curve":"stepped"},{"time":1,"color":"ff980300"}],"attachment":[{"time":0,"name":"Guang1"},{"time":0.0333,"name":"Guang2"},{"time":0.0667,"name":"Guang3"},{"time":0.1,"name":"Guang4"},{"time":0.1333,"name":"Guang5"},{"time":0.1667,"name":"Guang6"},{"time":0.2,"name":"Guang7"},{"time":0.2333,"name":"Guang8"},{"time":0.2667,"name":"Guang9"},{"time":0.3,"name":"Guang10"},{"time":0.3333,"name":"Guang11"},{"time":0.4333,"name":null},{"time":1,"name":null}]},"Yingzi":{"color":[{"time":0,"color":"ffffffff"},{"time":0.2667,"color":"ffffffb2"},{"time":0.4333,"color":"ffffffff"},{"time":0.6,"color":"ffffffd7"},{"time":0.7667,"color":"ffffffff","curve":"stepped"},{"time":1,"color":"ffffffff"}]}},"bones":{"Diamond":{"rotate":[{"time":0,"angle":0,"curve":"stepped"},{"time":1,"angle":0}],"translate":[{"time":0,"x":0,"y":0},{"time":0.2667,"x":0,"y":6.58},{"time":0.4333,"x":0,"y":-2.03},{"time":0.6,"x":0,"y":1.78},{"time":0.7667,"x":0,"y":-1.13},{"time":1,"x":0,"y":0}],"scale":[{"time":0,"x":1,"y":1,"curve":"stepped"},{"time":1,"x":1,"y":1}],"shear":[{"time":0,"x":0,"y":0,"curve":"stepped"},{"time":1,"x":0,"y":0}]},"Yingzi":{"rotate":[{"time":0,"angle":0,"curve":"stepped"},{"time":1,"angle":0}],"translate":[{"time":0,"x":0,"y":0,"curve":"stepped"},{"time":1,"x":0,"y":0}],"scale":[{"time":0,"x":1,"y":1},{"time":0.2667,"x":0.9,"y":1},{"time":0.4333,"x":1.1,"y":1},{"time":0.6,"x":0.95,"y":1},{"time":0.7667,"x":1.05,"y":1},{"time":1,"x":1,"y":1}],"shear":[{"time":0,"x":0,"y":0,"curve":"stepped"},{"time":1,"x":0,"y":0}]},"Guang":{"rotate":[{"time":0,"angle":0,"curve":"stepped"},{"time":1,"angle":0}],"translate":[{"time":0,"x":-5.16,"y":-0.74,"curve":"stepped"},{"time":1,"x":-5.16,"y":-0.74}],"scale":[{"time":0,"x":1,"y":1,"curve":"stepped"},{"time":0.3333,"x":1,"y":1},{"time":0.4333,"x":1.6,"y":1.6,"curve":"stepped"},{"time":1,"x":1.6,"y":1.6}],"shear":[{"time":0,"x":0,"y":0,"curve":"stepped"},{"time":1,"x":0,"y":0}]},"root":{"rotate":[{"time":0,"angle":0,"curve":"stepped"},{"time":1,"angle":0}],"translate":[{"time":0,"x":0,"y":0,"curve":"stepped"},{"time":1,"x":0,"y":0}],"scale":[{"time":0,"x":1,"y":1,"curve":"stepped"},{"time":1,"x":1,"y":1}],"shear":[{"time":0,"x":0,"y":0,"curve":"stepped"},{"time":1,"x":0,"y":0}]}}},"12":{"slots":{"Diamond":{"color":[{"time":0,"color":"ffffffff","curve":"stepped"},{"time":0.1,"color":"ffffffff"},{"time":0.2667,"color":"ffffff00"},{"time":0.4333,"color":"ffffffff","curve":"stepped"},{"time":1,"color":"ffffffff"}],"attachment":[{"time":0,"name":"5"},{"time":0.2667,"name":"6"},{"time":1,"name":"6"}]},"Diamond2":{"color":[{"time":0,"color":"ffffff00"},{"time":0.2667,"color":"ffffffff"},{"time":0.7667,"color":"ffffff00","curve":"stepped"},{"time":1,"color":"ffffff00"}],"attachment":[{"time":0,"name":"5"},{"time":0.2667,"name":"6"},{"time":1,"name":"6"}]},"Guang":{"color":[{"time":0,"color":"ffffffa6","curve":"stepped"},{"time":0.3333,"color":"ffffffa6"},{"time":0.4333,"color":"00ed2000","curve":"stepped"},{"time":1,"color":"00ed2000"}],"attachment":[{"time":0,"name":"Guang1"},{"time":0.0333,"name":"Guang2"},{"time":0.0667,"name":"Guang3"},{"time":0.1,"name":"Guang4"},{"time":0.1333,"name":"Guang5"},{"time":0.1667,"name":"Guang6"},{"time":0.2,"name":"Guang7"},{"time":0.2333,"name":"Guang8"},{"time":0.2667,"name":"Guang9"},{"time":0.3,"name":"Guang10"},{"time":0.3333,"name":"Guang11"},{"time":0.4333,"name":null},{"time":1,"name":null}]},"Guang2":{"color":[{"time":0,"color":"ff9904b1"},{"time":0.2333,"color":"ef2a00b1","curve":"stepped"},{"time":0.3333,"color":"ef2a00b1"},{"time":0.4333,"color":"ef2a0000","curve":"stepped"},{"time":1,"color":"ef2a0000"}],"attachment":[{"time":0,"name":"Guang1"},{"time":0.0333,"name":"Guang2"},{"time":0.0667,"name":"Guang3"},{"time":0.1,"name":"Guang4"},{"time":0.1333,"name":"Guang5"},{"time":0.1667,"name":"Guang6"},{"time":0.2,"name":"Guang7"},{"time":0.2333,"name":"Guang8"},{"time":0.2667,"name":"Guang9"},{"time":0.3,"name":"Guang10"},{"time":0.3333,"name":"Guang11"},{"time":0.4333,"name":null},{"time":1,"name":null}]},"Yingzi":{"color":[{"time":0,"color":"ffffffff"},{"time":0.2667,"color":"ffffffb2"},{"time":0.4333,"color":"ffffffff"},{"time":0.6,"color":"ffffffd7"},{"time":0.7667,"color":"ffffffff","curve":"stepped"},{"time":1,"color":"ffffffff"}]}},"bones":{"Diamond":{"rotate":[{"time":0,"angle":0,"curve":"stepped"},{"time":1,"angle":0}],"translate":[{"time":0,"x":0,"y":0},{"time":0.2667,"x":0,"y":6.58},{"time":0.4333,"x":0,"y":-2.03},{"time":0.6,"x":0,"y":1.78},{"time":0.7667,"x":0,"y":-1.13},{"time":1,"x":0,"y":0}],"scale":[{"time":0,"x":1,"y":1,"curve":"stepped"},{"time":1,"x":1,"y":1}],"shear":[{"time":0,"x":0,"y":0,"curve":"stepped"},{"time":1,"x":0,"y":0}]},"Yingzi":{"rotate":[{"time":0,"angle":0,"curve":"stepped"},{"time":1,"angle":0}],"translate":[{"time":0,"x":0,"y":0,"curve":"stepped"},{"time":1,"x":0,"y":0}],"scale":[{"time":0,"x":1,"y":1},{"time":0.2667,"x":0.9,"y":1},{"time":0.4333,"x":1.1,"y":1},{"time":0.6,"x":0.95,"y":1},{"time":0.7667,"x":1.05,"y":1},{"time":1,"x":1,"y":1}],"shear":[{"time":0,"x":0,"y":0,"curve":"stepped"},{"time":1,"x":0,"y":0}]},"Guang":{"rotate":[{"time":0,"angle":0,"curve":"stepped"},{"time":1,"angle":0}],"translate":[{"time":0,"x":-5.16,"y":-0.74,"curve":"stepped"},{"time":1,"x":-5.16,"y":-0.74}],"scale":[{"time":0,"x":1,"y":1,"curve":"stepped"},{"time":0.3333,"x":1,"y":1},{"time":0.4333,"x":1.6,"y":1.6,"curve":"stepped"},{"time":1,"x":1.6,"y":1.6}],"shear":[{"time":0,"x":0,"y":0,"curve":"stepped"},{"time":1,"x":0,"y":0}]},"root":{"rotate":[{"time":0,"angle":0,"curve":"stepped"},{"time":1,"angle":0}],"translate":[{"time":0,"x":0,"y":0,"curve":"stepped"},{"time":1,"x":0,"y":0}],"scale":[{"time":0,"x":1,"y":1,"curve":"stepped"},{"time":1,"x":1,"y":1}],"shear":[{"time":0,"x":0,"y":0,"curve":"stepped"},{"time":1,"x":0,"y":0}]}}}}}