{"__type__":"sp.SkeletonData","_name":"Jiguan","_native":"raw-skeleton.json","_skeletonJson":{"skeleton":{"hash":"y+K9pm06wyqKe07varwqoP+cw+k","spine":"3.6.53","width":639,"height":1136,"images":"./images/"},"bones":[{"name":"root"},{"name":"Shu","parent":"root","length":64,"rotation":90,"x":-0.99,"y":3.01}],"slots":[{"name":"Bg","bone":"root"},{"name":"Shu","bone":"Shu","attachment":"Shu"}],"skins":{"default":{"Shu":{"Shu":{"x":37,"y":-1,"scaleX":1.45,"scaleY":1.45,"rotation":-90,"width":28,"height":61}}}},"animations":{"Off":{"bones":{"Shu":{"rotate":[{"time":0,"angle":0}],"translate":[{"time":0,"x":0,"y":0}],"scale":[{"time":0,"x":0.097,"y":1}],"shear":[{"time":0,"x":0,"y":0}]},"root":{"rotate":[{"time":0,"angle":0}],"translate":[{"time":0,"x":0,"y":0}],"scale":[{"time":0,"x":1,"y":1}],"shear":[{"time":0,"x":0,"y":0}]}}},"Off_to_On":{"bones":{"Shu":{"rotate":[{"time":0,"angle":0,"curve":"stepped"},{"time":0.3667,"angle":0}],"translate":[{"time":0,"x":0,"y":0,"curve":"stepped"},{"time":0.3667,"x":0,"y":0}],"scale":[{"time":0,"x":0.097,"y":1},{"time":0.1,"x":1.237,"y":1},{"time":0.1667,"x":0.856,"y":1.125},{"time":0.2667,"x":1,"y":1,"curve":"stepped"},{"time":0.3667,"x":1,"y":1}],"shear":[{"time":0,"x":0,"y":0,"curve":"stepped"},{"time":0.3667,"x":0,"y":0}]},"root":{"rotate":[{"time":0,"angle":0,"curve":"stepped"},{"time":0.3667,"angle":0}],"translate":[{"time":0,"x":0,"y":0,"curve":"stepped"},{"time":0.3667,"x":0,"y":0}],"scale":[{"time":0,"x":1,"y":1,"curve":"stepped"},{"time":0.3667,"x":1,"y":1}],"shear":[{"time":0,"x":0,"y":0,"curve":"stepped"},{"time":0.3667,"x":0,"y":0}]}}},"On":{"bones":{"Shu":{"rotate":[{"time":0,"angle":0}],"translate":[{"time":0,"x":0,"y":0}],"scale":[{"time":0,"x":1,"y":1}],"shear":[{"time":0,"x":0,"y":0}]},"root":{"rotate":[{"time":0,"angle":0}],"translate":[{"time":0,"x":0,"y":0}],"scale":[{"time":0,"x":1,"y":1}],"shear":[{"time":0,"x":0,"y":0}]}}},"On_to_Off":{"bones":{"Shu":{"rotate":[{"time":0,"angle":0,"curve":"stepped"},{"time":0.3333,"angle":0}],"translate":[{"time":0,"x":0,"y":0,"curve":"stepped"},{"time":0.3333,"x":0,"y":0}],"scale":[{"time":0,"x":1,"y":1},{"time":0.1,"x":1.119,"y":0.974},{"time":0.3333,"x":0.097,"y":1}],"shear":[{"time":0,"x":0,"y":0,"curve":"stepped"},{"time":0.3333,"x":0,"y":0}]},"root":{"rotate":[{"time":0,"angle":0,"curve":"stepped"},{"time":0.3333,"angle":0}],"translate":[{"time":0,"x":0,"y":0,"curve":"stepped"},{"time":0.3333,"x":0,"y":0}],"scale":[{"time":0,"x":1,"y":1,"curve":"stepped"},{"time":0.3333,"x":1,"y":1}],"shear":[{"time":0,"x":0,"y":0,"curve":"stepped"},{"time":0.3333,"x":0,"y":0}]}}}}},"_atlasText":"\nJiguan.png\nsize: 128,32\nformat: RGBA8888\nfilter: Linear,Linear\nrepeat: none\nShu\n  rotate: true\n  xy: 2, 2\n  size: 28, 61\n  orig: 28, 61\n  offset: 0, 0\n  index: -1\n","textures":[{"__uuid__":"2de4Zm/mJGuKJghWwW4D4l"}],"textureNames":["Jiguan.png"]}