[{"__type__":"cc.Prefab","_name":"SkillInfo","data":{"__id__":1}},{"__type__":"cc.Node","_name":"SkillInfo","_children":[{"__id__":2},{"__id__":3}],"_level":1,"_components":[{"__type__":"cc.Button","node":{"__id__":1},"_N$target":{"__id__":1}}],"_prefab":{"__type__":"cc.PrefabInfo","root":{"__id__":1},"asset":{"__uuid__":"39rCKh2kFNzI1B//mY52PW"},"fileId":"9631Q2bTFIrJ2TzeCptygE"},"_contentSize":{"__type__":"cc.Size","width":750,"height":1334},"_scale":{"__type__":"cc.Vec3","x":1,"y":1,"z":1}},{"__type__":"cc.Node","_name":"bg","_parent":{"__id__":1},"_level":3,"_components":[{"__type__":"cc.Sprite","node":{"__id__":2},"_spriteFrame":{"__uuid__":"c6aEsZi7ZLuYOy5nnW0Ibk"},"_sizeMode":0}],"_prefab":{"__type__":"cc.PrefabInfo","root":{"__id__":1},"asset":{"__uuid__":"39rCKh2kFNzI1B//mY52PW"},"fileId":"1cv3QY6ixMEoGuL075QSq3"},"_opacity":100,"_color":{"__type__":"cc.Color"},"_contentSize":{"__type__":"cc.Size","width":750,"height":1334},"_scale":{"__type__":"cc.Vec3","x":1,"y":1,"z":1}},{"__type__":"cc.Node","_name":"box","_parent":{"__id__":1},"_children":[{"__id__":4},{"__id__":5},{"__id__":6},{"__id__":8},{"__id__":25},{"__id__":38}],"_level":3,"_prefab":{"__type__":"cc.PrefabInfo","root":{"__id__":1},"asset":{"__uuid__":"39rCKh2kFNzI1B//mY52PW"},"fileId":"e1tY/NMBlIYKowFDCxOvFE"},"_scale":{"__type__":"cc.Vec3","x":1,"y":1,"z":1}},{"__type__":"cc.Node","_name":"bg1","_parent":{"__id__":3},"_level":4,"_components":[{"__type__":"cc.Sprite","node":{"__id__":4},"_spriteFrame":{"__uuid__":"dfYWpFoPxIfJaDY6gYnCT2"},"_type":1,"_sizeMode":0}],"_prefab":{"__type__":"cc.PrefabInfo","root":{"__id__":1},"asset":{"__uuid__":"39rCKh2kFNzI1B//mY52PW"},"fileId":"06c7kNBZBM/pHf107lM5Af"},"_contentSize":{"__type__":"cc.Size","width":627,"height":711},"_scale":{"__type__":"cc.Vec3","x":1,"y":1,"z":1},"_rotationX":-3,"_rotationY":-3,"_quat":{"__type__":"cc.Quat","z":0.026176948307873153,"w":0.9996573249755573}},{"__type__":"cc.Node","_name":"bg2","_parent":{"__id__":3},"_level":4,"_components":[{"__type__":"cc.Sprite","node":{"__id__":5},"_spriteFrame":{"__uuid__":"faaNIqbD1Ar6/pqAdxak38"},"_type":1,"_sizeMode":0}],"_prefab":{"__type__":"cc.PrefabInfo","root":{"__id__":1},"asset":{"__uuid__":"39rCKh2kFNzI1B//mY52PW"},"fileId":"926LyiT+tHcLqEBXIu8QK8"},"_contentSize":{"__type__":"cc.Size","width":627,"height":720},"_position":{"__type__":"cc.Vec3","y":-6},"_scale":{"__type__":"cc.Vec3","x":1,"y":1,"z":1}},{"__type__":"cc.Node","_name":"title","_parent":{"__id__":3},"_children":[{"__id__":7}],"_level":4,"_components":[{"__type__":"cc.Sprite","node":{"__id__":6},"_spriteFrame":{"__uuid__":"3aBatjJvxCC7g/xZ0KIN7Q"},"_sizeMode":0}],"_prefab":{"__type__":"cc.PrefabInfo","root":{"__id__":1},"asset":{"__uuid__":"39rCKh2kFNzI1B//mY52PW"},"fileId":"ee17j1XXZOJJxVsJBVlncY"},"_contentSize":{"__type__":"cc.Size","width":620,"height":69},"_position":{"__type__":"cc.Vec3","y":316},"_scale":{"__type__":"cc.Vec3","x":1,"y":1,"z":1}},{"__type__":"cc.Node","_name":"lab","_parent":{"__id__":6},"_level":5,"_components":[{"__type__":"cc.Label","node":{"__id__":7},"_srcBlendFactor":1,"_string":"技能详情","_N$string":"技能详情","_fontSize":35,"_N$file":{"__uuid__":"7ayuTvAx5NSIJwUPtdCD7i"},"_isSystemFontUsed":false,"_N$horizontalAlign":1,"_N$verticalAlign":1}],"_prefab":{"__type__":"cc.PrefabInfo","root":{"__id__":1},"asset":{"__uuid__":"39rCKh2kFNzI1B//mY52PW"},"fileId":"57Qh+WCQ9MF46DTUb0fSF9"},"_color":{"__type__":"cc.Color","r":86,"g":52,"b":28},"_contentSize":{"__type__":"cc.Size","width":140,"height":40},"_scale":{"__type__":"cc.Vec3","x":1,"y":1,"z":1}},{"__type__":"cc.Node","_name":"skill","_parent":{"__id__":3},"_children":[{"__id__":9},{"__id__":13},{"__id__":17},{"__id__":21}],"_active":false,"_level":4,"_components":[{"__type__":"cc.Layout","node":{"__id__":8},"_layoutSize":{"__type__":"cc.Size","width":550,"height":580},"_resize":1,"_N$layoutType":2,"_N$spacingY":20}],"_prefab":{"__type__":"cc.PrefabInfo","root":{"__id__":1},"asset":{"__uuid__":"39rCKh2kFNzI1B//mY52PW"},"fileId":"01HZA37e5GmbAfu898TciS"},"_contentSize":{"__type__":"cc.Size","width":550,"height":580},"_anchorPoint":{"__type__":"cc.Vec2","x":0.5,"y":1},"_position":{"__type__":"cc.Vec3","y":256},"_scale":{"__type__":"cc.Vec3","x":1,"y":1,"z":1}},{"__type__":"cc.Node","_name":"skill1","_parent":{"__id__":8},"_children":[{"__id__":10},{"__id__":11},{"__id__":12}],"_level":5,"_components":[{"__type__":"cc.Sprite","node":{"__id__":9},"_spriteFrame":{"__uuid__":"7bn7+/6hhLVLXUI9RIakGR"},"_sizeMode":0}],"_prefab":{"__type__":"cc.PrefabInfo","root":{"__id__":1},"asset":{"__uuid__":"39rCKh2kFNzI1B//mY52PW"},"fileId":"29SLu/holEiLb+kMTuicfY"},"_contentSize":{"__type__":"cc.Size","width":550,"height":130},"_position":{"__type__":"cc.Vec3","y":-65},"_scale":{"__type__":"cc.Vec3","x":1,"y":1,"z":1}},{"__type__":"cc.Node","_name":"spr","_parent":{"__id__":9},"_level":6,"_components":[{"__type__":"cc.Sprite","node":{"__id__":10},"_spriteFrame":{"__uuid__":"57B+LrnHFAYJXW7fcoYEYM"}}],"_prefab":{"__type__":"cc.PrefabInfo","root":{"__id__":1},"asset":{"__uuid__":"39rCKh2kFNzI1B//mY52PW"},"fileId":"b5DlHHEs5MaKriKRzUfcJm"},"_contentSize":{"__type__":"cc.Size","width":109,"height":113},"_position":{"__type__":"cc.Vec3","x":-205},"_scale":{"__type__":"cc.Vec3","x":1,"y":1,"z":1}},{"__type__":"cc.Node","_name":"name","_parent":{"__id__":9},"_level":6,"_components":[{"__type__":"cc.Label","node":{"__id__":11},"_srcBlendFactor":1,"_string":"寒冰箭","_N$string":"寒冰箭","_fontSize":26,"_lineHeight":31,"_N$file":{"__uuid__":"7ayuTvAx5NSIJwUPtdCD7i"},"_isSystemFontUsed":false,"_N$horizontalAlign":1,"_N$verticalAlign":1}],"_prefab":{"__type__":"cc.PrefabInfo","root":{"__id__":1},"asset":{"__uuid__":"39rCKh2kFNzI1B//mY52PW"},"fileId":"04IYThaU5Dppi1tGMG/VJm"},"_color":{"__type__":"cc.Color","r":129,"g":74,"b":11},"_contentSize":{"__type__":"cc.Size","width":78,"height":31},"_anchorPoint":{"__type__":"cc.Vec2","y":0.5},"_position":{"__type__":"cc.Vec3","x":-131,"y":30},"_scale":{"__type__":"cc.Vec3","x":1,"y":1,"z":1}},{"__type__":"cc.Node","_name":"desc","_parent":{"__id__":9},"_level":6,"_components":[{"__type__":"cc.Label","node":{"__id__":12},"_srcBlendFactor":1,"_string":"立即将哥布林全体冻结无法移动，持续5秒。","_N$string":"立即将哥布林全体冻结无法移动，持续5秒。","_fontSize":22,"_lineHeight":25,"_N$file":{"__uuid__":"7ayuTvAx5NSIJwUPtdCD7i"},"_isSystemFontUsed":false,"_N$verticalAlign":1,"_N$overflow":3}],"_prefab":{"__type__":"cc.PrefabInfo","root":{"__id__":1},"asset":{"__uuid__":"39rCKh2kFNzI1B//mY52PW"},"fileId":"2123/WtmRGZam035zaKjxM"},"_color":{"__type__":"cc.Color","r":87,"g":70,"b":43},"_contentSize":{"__type__":"cc.Size","width":396,"height":50},"_anchorPoint":{"__type__":"cc.Vec2","x":0.5,"y":1},"_position":{"__type__":"cc.Vec3","x":66,"y":12},"_scale":{"__type__":"cc.Vec3","x":1,"y":1,"z":1}},{"__type__":"cc.Node","_name":"skill2","_parent":{"__id__":8},"_children":[{"__id__":14},{"__id__":15},{"__id__":16}],"_level":5,"_components":[{"__type__":"cc.Sprite","node":{"__id__":13},"_spriteFrame":{"__uuid__":"7bn7+/6hhLVLXUI9RIakGR"},"_sizeMode":0}],"_prefab":{"__type__":"cc.PrefabInfo","root":{"__id__":1},"asset":{"__uuid__":"39rCKh2kFNzI1B//mY52PW"},"fileId":"c3s1lY+KdLS6MnD7XTkUsw"},"_contentSize":{"__type__":"cc.Size","width":550,"height":130},"_position":{"__type__":"cc.Vec3","y":-215},"_scale":{"__type__":"cc.Vec3","x":1,"y":1,"z":1}},{"__type__":"cc.Node","_name":"spr","_parent":{"__id__":13},"_level":6,"_components":[{"__type__":"cc.Sprite","node":{"__id__":14},"_spriteFrame":{"__uuid__":"5boJrwUJ5Mg7ff/ls9ndHd"}}],"_prefab":{"__type__":"cc.PrefabInfo","root":{"__id__":1},"asset":{"__uuid__":"39rCKh2kFNzI1B//mY52PW"},"fileId":"9fzciZcRhOk5xtGedi9EzN"},"_contentSize":{"__type__":"cc.Size","width":109,"height":113},"_position":{"__type__":"cc.Vec3","x":-205},"_scale":{"__type__":"cc.Vec3","x":1,"y":1,"z":1}},{"__type__":"cc.Node","_name":"name","_parent":{"__id__":13},"_level":6,"_components":[{"__type__":"cc.Label","node":{"__id__":15},"_srcBlendFactor":1,"_string":"寒冰箭","_N$string":"寒冰箭","_fontSize":26,"_lineHeight":31,"_N$file":{"__uuid__":"7ayuTvAx5NSIJwUPtdCD7i"},"_isSystemFontUsed":false,"_N$horizontalAlign":1,"_N$verticalAlign":1}],"_prefab":{"__type__":"cc.PrefabInfo","root":{"__id__":1},"asset":{"__uuid__":"39rCKh2kFNzI1B//mY52PW"},"fileId":"adrO22ff9ACoh+qi/o9gBJ"},"_color":{"__type__":"cc.Color","r":129,"g":74,"b":11},"_contentSize":{"__type__":"cc.Size","width":78,"height":31},"_anchorPoint":{"__type__":"cc.Vec2","y":0.5},"_position":{"__type__":"cc.Vec3","x":-131,"y":30},"_scale":{"__type__":"cc.Vec3","x":1,"y":1,"z":1}},{"__type__":"cc.Node","_name":"desc","_parent":{"__id__":13},"_level":6,"_components":[{"__type__":"cc.Label","node":{"__id__":16},"_srcBlendFactor":1,"_string":"立即将哥布林全体冻结无法移动，持续5秒。","_N$string":"立即将哥布林全体冻结无法移动，持续5秒。","_fontSize":22,"_lineHeight":25,"_N$file":{"__uuid__":"7ayuTvAx5NSIJwUPtdCD7i"},"_isSystemFontUsed":false,"_N$verticalAlign":1,"_N$overflow":3}],"_prefab":{"__type__":"cc.PrefabInfo","root":{"__id__":1},"asset":{"__uuid__":"39rCKh2kFNzI1B//mY52PW"},"fileId":"0b6m4pLVpAH7JgUCh1CwvA"},"_color":{"__type__":"cc.Color","r":87,"g":70,"b":43},"_contentSize":{"__type__":"cc.Size","width":396,"height":50},"_anchorPoint":{"__type__":"cc.Vec2","x":0.5,"y":1},"_position":{"__type__":"cc.Vec3","x":66,"y":12},"_scale":{"__type__":"cc.Vec3","x":1,"y":1,"z":1}},{"__type__":"cc.Node","_name":"skill3","_parent":{"__id__":8},"_children":[{"__id__":18},{"__id__":19},{"__id__":20}],"_level":5,"_components":[{"__type__":"cc.Sprite","node":{"__id__":17},"_spriteFrame":{"__uuid__":"7bn7+/6hhLVLXUI9RIakGR"},"_sizeMode":0}],"_prefab":{"__type__":"cc.PrefabInfo","root":{"__id__":1},"asset":{"__uuid__":"39rCKh2kFNzI1B//mY52PW"},"fileId":"8aTkWhqv9DRpcBtGzkPrZh"},"_contentSize":{"__type__":"cc.Size","width":550,"height":130},"_position":{"__type__":"cc.Vec3","y":-365},"_scale":{"__type__":"cc.Vec3","x":1,"y":1,"z":1}},{"__type__":"cc.Node","_name":"spr","_parent":{"__id__":17},"_level":6,"_components":[{"__type__":"cc.Sprite","node":{"__id__":18},"_spriteFrame":{"__uuid__":"264r5BgnZIIowojiqGt6eb"}}],"_prefab":{"__type__":"cc.PrefabInfo","root":{"__id__":1},"asset":{"__uuid__":"39rCKh2kFNzI1B//mY52PW"},"fileId":"e1ufI5xINOyoOR2hMwvlY7"},"_contentSize":{"__type__":"cc.Size","width":109,"height":113},"_position":{"__type__":"cc.Vec3","x":-205},"_scale":{"__type__":"cc.Vec3","x":1,"y":1,"z":1}},{"__type__":"cc.Node","_name":"name","_parent":{"__id__":17},"_level":6,"_components":[{"__type__":"cc.Label","node":{"__id__":19},"_srcBlendFactor":1,"_string":"寒冰箭","_N$string":"寒冰箭","_fontSize":26,"_lineHeight":31,"_N$file":{"__uuid__":"7ayuTvAx5NSIJwUPtdCD7i"},"_isSystemFontUsed":false,"_N$horizontalAlign":1,"_N$verticalAlign":1}],"_prefab":{"__type__":"cc.PrefabInfo","root":{"__id__":1},"asset":{"__uuid__":"39rCKh2kFNzI1B//mY52PW"},"fileId":"5c7FJNGzpIKbniJ6sy+04D"},"_color":{"__type__":"cc.Color","r":129,"g":74,"b":11},"_contentSize":{"__type__":"cc.Size","width":78,"height":31},"_anchorPoint":{"__type__":"cc.Vec2","y":0.5},"_position":{"__type__":"cc.Vec3","x":-131,"y":30},"_scale":{"__type__":"cc.Vec3","x":1,"y":1,"z":1}},{"__type__":"cc.Node","_name":"desc","_parent":{"__id__":17},"_level":6,"_components":[{"__type__":"cc.Label","node":{"__id__":20},"_srcBlendFactor":1,"_string":"立即将哥布林全体冻结无法移动，持续5秒。","_N$string":"立即将哥布林全体冻结无法移动，持续5秒。","_fontSize":22,"_lineHeight":25,"_N$file":{"__uuid__":"7ayuTvAx5NSIJwUPtdCD7i"},"_isSystemFontUsed":false,"_N$verticalAlign":1,"_N$overflow":3}],"_prefab":{"__type__":"cc.PrefabInfo","root":{"__id__":1},"asset":{"__uuid__":"39rCKh2kFNzI1B//mY52PW"},"fileId":"b1EvtgEIJPqZ4J1x68J+kS"},"_color":{"__type__":"cc.Color","r":87,"g":70,"b":43},"_contentSize":{"__type__":"cc.Size","width":396,"height":50},"_anchorPoint":{"__type__":"cc.Vec2","x":0.5,"y":1},"_position":{"__type__":"cc.Vec3","x":66,"y":12},"_scale":{"__type__":"cc.Vec3","x":1,"y":1,"z":1}},{"__type__":"cc.Node","_name":"skill4","_parent":{"__id__":8},"_children":[{"__id__":22},{"__id__":23},{"__id__":24}],"_level":5,"_components":[{"__type__":"cc.Sprite","node":{"__id__":21},"_spriteFrame":{"__uuid__":"7bn7+/6hhLVLXUI9RIakGR"},"_sizeMode":0}],"_prefab":{"__type__":"cc.PrefabInfo","root":{"__id__":1},"asset":{"__uuid__":"39rCKh2kFNzI1B//mY52PW"},"fileId":"b1jR32IEZMCKTEFowWXxS7"},"_contentSize":{"__type__":"cc.Size","width":550,"height":130},"_position":{"__type__":"cc.Vec3","y":-515},"_scale":{"__type__":"cc.Vec3","x":1,"y":1,"z":1}},{"__type__":"cc.Node","_name":"spr","_parent":{"__id__":21},"_level":6,"_components":[{"__type__":"cc.Sprite","node":{"__id__":22},"_spriteFrame":{"__uuid__":"d8qbBy78FMRoWEaeaBI4jC"}}],"_prefab":{"__type__":"cc.PrefabInfo","root":{"__id__":1},"asset":{"__uuid__":"39rCKh2kFNzI1B//mY52PW"},"fileId":"d0D1f5NpBIf6jbQ3TzlPmV"},"_contentSize":{"__type__":"cc.Size","width":109,"height":113},"_position":{"__type__":"cc.Vec3","x":-205},"_scale":{"__type__":"cc.Vec3","x":1,"y":1,"z":1}},{"__type__":"cc.Node","_name":"name","_parent":{"__id__":21},"_level":6,"_components":[{"__type__":"cc.Label","node":{"__id__":23},"_srcBlendFactor":1,"_string":"寒冰箭","_N$string":"寒冰箭","_fontSize":26,"_lineHeight":31,"_N$file":{"__uuid__":"7ayuTvAx5NSIJwUPtdCD7i"},"_isSystemFontUsed":false,"_N$horizontalAlign":1,"_N$verticalAlign":1}],"_prefab":{"__type__":"cc.PrefabInfo","root":{"__id__":1},"asset":{"__uuid__":"39rCKh2kFNzI1B//mY52PW"},"fileId":"00TlYCwsZDb6CtWAqpJlWs"},"_color":{"__type__":"cc.Color","r":129,"g":74,"b":11},"_contentSize":{"__type__":"cc.Size","width":78,"height":31},"_anchorPoint":{"__type__":"cc.Vec2","y":0.5},"_position":{"__type__":"cc.Vec3","x":-131,"y":30},"_scale":{"__type__":"cc.Vec3","x":1,"y":1,"z":1}},{"__type__":"cc.Node","_name":"desc","_parent":{"__id__":21},"_level":6,"_components":[{"__type__":"cc.Label","node":{"__id__":24},"_srcBlendFactor":1,"_string":"立即将哥布林全体冻结无法移动，持续5秒。","_N$string":"立即将哥布林全体冻结无法移动，持续5秒。","_fontSize":22,"_lineHeight":25,"_N$file":{"__uuid__":"7ayuTvAx5NSIJwUPtdCD7i"},"_isSystemFontUsed":false,"_N$verticalAlign":1,"_N$overflow":3}],"_prefab":{"__type__":"cc.PrefabInfo","root":{"__id__":1},"asset":{"__uuid__":"39rCKh2kFNzI1B//mY52PW"},"fileId":"bc+KyWiHJN6qHNpprd+1eC"},"_color":{"__type__":"cc.Color","r":87,"g":70,"b":43},"_contentSize":{"__type__":"cc.Size","width":396,"height":50},"_anchorPoint":{"__type__":"cc.Vec2","x":0.5,"y":1},"_position":{"__type__":"cc.Vec3","x":66,"y":12},"_scale":{"__type__":"cc.Vec3","x":1,"y":1,"z":1}},{"__type__":"cc.Node","_name":"lock","_parent":{"__id__":3},"_children":[{"__id__":26},{"__id__":29},{"__id__":32},{"__id__":35}],"_active":false,"_level":4,"_components":[{"__type__":"cc.Layout","node":{"__id__":25},"_layoutSize":{"__type__":"cc.Size","width":550,"height":580},"_resize":1,"_N$spacingY":20}],"_prefab":{"__type__":"cc.PrefabInfo","root":{"__id__":1},"asset":{"__uuid__":"39rCKh2kFNzI1B//mY52PW"},"fileId":"75o4W3/GlPnILHscHLXM0n"},"_contentSize":{"__type__":"cc.Size","width":550,"height":580},"_anchorPoint":{"__type__":"cc.Vec2","x":0.5,"y":1},"_position":{"__type__":"cc.Vec3","y":256},"_scale":{"__type__":"cc.Vec3","x":1,"y":1,"z":1}},{"__type__":"cc.Node","_name":"lock1","_parent":{"__id__":25},"_children":[{"__id__":27},{"__id__":28}],"_level":5,"_components":[{"__type__":"cc.Sprite","node":{"__id__":26},"_spriteFrame":{"__uuid__":"bfRTu7JRxCkorwNARnC4wV"},"_type":1,"_sizeMode":0}],"_prefab":{"__type__":"cc.PrefabInfo","root":{"__id__":1},"asset":{"__uuid__":"39rCKh2kFNzI1B//mY52PW"},"fileId":"2cGK2gV0NHN7+saSdzMYkl"},"_contentSize":{"__type__":"cc.Size","width":550,"height":130},"_position":{"__type__":"cc.Vec3","y":-65},"_scale":{"__type__":"cc.Vec3","x":1,"y":1,"z":1}},{"__type__":"cc.Node","_name":"spr","_parent":{"__id__":26},"_level":6,"_components":[{"__type__":"cc.Sprite","node":{"__id__":27},"_spriteFrame":{"__uuid__":"35CZ/HWYxF55+jCFG/7pwl"}}],"_prefab":{"__type__":"cc.PrefabInfo","root":{"__id__":1},"asset":{"__uuid__":"39rCKh2kFNzI1B//mY52PW"},"fileId":"e1pHegvxVEVbOIWSctrgH6"},"_contentSize":{"__type__":"cc.Size","width":45,"height":59},"_position":{"__type__":"cc.Vec3","x":-85},"_scale":{"__type__":"cc.Vec3","x":1,"y":1,"z":1}},{"__type__":"cc.Node","_name":"desc","_parent":{"__id__":26},"_level":6,"_components":[{"__type__":"cc.Label","node":{"__id__":28},"_srcBlendFactor":1,"_string":"第0关解锁","_N$string":"第0关解锁","_fontSize":30,"_lineHeight":35,"_N$file":{"__uuid__":"7ayuTvAx5NSIJwUPtdCD7i"},"_isSystemFontUsed":false,"_N$horizontalAlign":1,"_N$verticalAlign":1}],"_prefab":{"__type__":"cc.PrefabInfo","root":{"__id__":1},"asset":{"__uuid__":"39rCKh2kFNzI1B//mY52PW"},"fileId":"edb7yyef1JLYg5+8/XPf8b"},"_contentSize":{"__type__":"cc.Size","width":142.79,"height":35},"_anchorPoint":{"__type__":"cc.Vec2","y":0.5},"_position":{"__type__":"cc.Vec3","x":-40},"_scale":{"__type__":"cc.Vec3","x":1,"y":1,"z":1}},{"__type__":"cc.Node","_name":"lock2","_parent":{"__id__":25},"_children":[{"__id__":30},{"__id__":31}],"_level":5,"_components":[{"__type__":"cc.Sprite","node":{"__id__":29},"_spriteFrame":{"__uuid__":"bfRTu7JRxCkorwNARnC4wV"},"_type":1,"_sizeMode":0}],"_prefab":{"__type__":"cc.PrefabInfo","root":{"__id__":1},"asset":{"__uuid__":"39rCKh2kFNzI1B//mY52PW"},"fileId":"2fSLKvP4tFDoAMNCmxDTpc"},"_contentSize":{"__type__":"cc.Size","width":550,"height":130},"_position":{"__type__":"cc.Vec3","y":-215},"_scale":{"__type__":"cc.Vec3","x":1,"y":1,"z":1}},{"__type__":"cc.Node","_name":"spr","_parent":{"__id__":29},"_level":6,"_components":[{"__type__":"cc.Sprite","node":{"__id__":30},"_spriteFrame":{"__uuid__":"35CZ/HWYxF55+jCFG/7pwl"}}],"_prefab":{"__type__":"cc.PrefabInfo","root":{"__id__":1},"asset":{"__uuid__":"39rCKh2kFNzI1B//mY52PW"},"fileId":"00M4Xq4KVIKJdc2bG5ZdM1"},"_contentSize":{"__type__":"cc.Size","width":45,"height":59},"_position":{"__type__":"cc.Vec3","x":-85},"_scale":{"__type__":"cc.Vec3","x":1,"y":1,"z":1}},{"__type__":"cc.Node","_name":"desc","_parent":{"__id__":29},"_level":6,"_components":[{"__type__":"cc.Label","node":{"__id__":31},"_srcBlendFactor":1,"_string":"第0关解锁","_N$string":"第0关解锁","_fontSize":30,"_lineHeight":35,"_N$file":{"__uuid__":"7ayuTvAx5NSIJwUPtdCD7i"},"_isSystemFontUsed":false,"_N$horizontalAlign":1,"_N$verticalAlign":1}],"_prefab":{"__type__":"cc.PrefabInfo","root":{"__id__":1},"asset":{"__uuid__":"39rCKh2kFNzI1B//mY52PW"},"fileId":"6dv961zHFEV6uuam3Bo5qT"},"_contentSize":{"__type__":"cc.Size","width":142.79,"height":35},"_anchorPoint":{"__type__":"cc.Vec2","y":0.5},"_position":{"__type__":"cc.Vec3","x":-40},"_scale":{"__type__":"cc.Vec3","x":1,"y":1,"z":1}},{"__type__":"cc.Node","_name":"lock3","_parent":{"__id__":25},"_children":[{"__id__":33},{"__id__":34}],"_level":5,"_components":[{"__type__":"cc.Sprite","node":{"__id__":32},"_spriteFrame":{"__uuid__":"bfRTu7JRxCkorwNARnC4wV"},"_type":1,"_sizeMode":0}],"_prefab":{"__type__":"cc.PrefabInfo","root":{"__id__":1},"asset":{"__uuid__":"39rCKh2kFNzI1B//mY52PW"},"fileId":"b756PeAhdN45jKqe7mfBF2"},"_contentSize":{"__type__":"cc.Size","width":550,"height":130},"_position":{"__type__":"cc.Vec3","y":-365},"_scale":{"__type__":"cc.Vec3","x":1,"y":1,"z":1}},{"__type__":"cc.Node","_name":"spr","_parent":{"__id__":32},"_level":6,"_components":[{"__type__":"cc.Sprite","node":{"__id__":33},"_spriteFrame":{"__uuid__":"35CZ/HWYxF55+jCFG/7pwl"}}],"_prefab":{"__type__":"cc.PrefabInfo","root":{"__id__":1},"asset":{"__uuid__":"39rCKh2kFNzI1B//mY52PW"},"fileId":"c9pfh4rB9PZohoXbkFKtr6"},"_contentSize":{"__type__":"cc.Size","width":45,"height":59},"_position":{"__type__":"cc.Vec3","x":-85},"_scale":{"__type__":"cc.Vec3","x":1,"y":1,"z":1}},{"__type__":"cc.Node","_name":"desc","_parent":{"__id__":32},"_level":6,"_components":[{"__type__":"cc.Label","node":{"__id__":34},"_srcBlendFactor":1,"_string":"第0关解锁","_N$string":"第0关解锁","_fontSize":30,"_lineHeight":35,"_N$file":{"__uuid__":"7ayuTvAx5NSIJwUPtdCD7i"},"_isSystemFontUsed":false,"_N$horizontalAlign":1,"_N$verticalAlign":1}],"_prefab":{"__type__":"cc.PrefabInfo","root":{"__id__":1},"asset":{"__uuid__":"39rCKh2kFNzI1B//mY52PW"},"fileId":"1evTjKyDBJqo2A+sttGXzd"},"_contentSize":{"__type__":"cc.Size","width":142.79,"height":35},"_anchorPoint":{"__type__":"cc.Vec2","y":0.5},"_position":{"__type__":"cc.Vec3","x":-40},"_scale":{"__type__":"cc.Vec3","x":1,"y":1,"z":1}},{"__type__":"cc.Node","_name":"lock4","_parent":{"__id__":25},"_children":[{"__id__":36},{"__id__":37}],"_level":5,"_components":[{"__type__":"cc.Sprite","node":{"__id__":35},"_spriteFrame":{"__uuid__":"bfRTu7JRxCkorwNARnC4wV"},"_type":1,"_sizeMode":0}],"_prefab":{"__type__":"cc.PrefabInfo","root":{"__id__":1},"asset":{"__uuid__":"39rCKh2kFNzI1B//mY52PW"},"fileId":"beZY2H8YJPsZ1IpXjHnGBL"},"_contentSize":{"__type__":"cc.Size","width":550,"height":130},"_position":{"__type__":"cc.Vec3","y":-515},"_scale":{"__type__":"cc.Vec3","x":1,"y":1,"z":1}},{"__type__":"cc.Node","_name":"spr","_parent":{"__id__":35},"_level":6,"_components":[{"__type__":"cc.Sprite","node":{"__id__":36},"_spriteFrame":{"__uuid__":"35CZ/HWYxF55+jCFG/7pwl"}}],"_prefab":{"__type__":"cc.PrefabInfo","root":{"__id__":1},"asset":{"__uuid__":"39rCKh2kFNzI1B//mY52PW"},"fileId":"d2FjJWnrRBvqjw7utFLXkH"},"_contentSize":{"__type__":"cc.Size","width":45,"height":59},"_position":{"__type__":"cc.Vec3","x":-85},"_scale":{"__type__":"cc.Vec3","x":1,"y":1,"z":1}},{"__type__":"cc.Node","_name":"desc","_parent":{"__id__":35},"_level":6,"_components":[{"__type__":"cc.Label","node":{"__id__":37},"_srcBlendFactor":1,"_string":"第0关解锁","_N$string":"第0关解锁","_fontSize":30,"_lineHeight":35,"_N$file":{"__uuid__":"7ayuTvAx5NSIJwUPtdCD7i"},"_isSystemFontUsed":false,"_N$horizontalAlign":1,"_N$verticalAlign":1}],"_prefab":{"__type__":"cc.PrefabInfo","root":{"__id__":1},"asset":{"__uuid__":"39rCKh2kFNzI1B//mY52PW"},"fileId":"33lyqLtrNDZbg+DUl7DpR4"},"_contentSize":{"__type__":"cc.Size","width":142.79,"height":35},"_anchorPoint":{"__type__":"cc.Vec2","y":0.5},"_position":{"__type__":"cc.Vec3","x":-40},"_scale":{"__type__":"cc.Vec3","x":1,"y":1,"z":1}},{"__type__":"cc.Node","_name":"btnClose","_parent":{"__id__":3},"_level":4,"_components":[{"__type__":"cc.Sprite","node":{"__id__":38},"_spriteFrame":{"__uuid__":"19RQ4sCm9DSZuY2virIq2R"}},{"__type__":"cc.Button","node":{"__id__":38},"zoomScale":1.1,"_N$transition":3,"transition":3}],"_prefab":{"__type__":"cc.PrefabInfo","root":{"__id__":1},"asset":{"__uuid__":"39rCKh2kFNzI1B//mY52PW"},"fileId":"e7/iMxkSNMTIBJ5bGlys+N"},"_contentSize":{"__type__":"cc.Size","width":55,"height":54},"_position":{"__type__":"cc.Vec3","x":270,"y":316},"_scale":{"__type__":"cc.Vec3","x":1,"y":1,"z":1}}]