{"__type__":"sp.SkeletonData","_name":"Du","_native":"raw-skeleton.json","_skeletonJson":{"skeleton":{"hash":"m/Q5l1jBejNaiJx+AwW3wsxUCJU","spine":"3.6.53","width":639,"height":1136,"images":"./images/"},"bones":[{"name":"root"},{"name":"Du","parent":"root","rotation":90,"x":-68.76,"y":138.51,"scaleX":1.678,"scaleY":1.678,"color":"d700ffff"},{"name":"Guang","parent":"root","x":73.32,"y":-59.18}],"slots":[{"name":"Bg","bone":"root"},{"name":"Du","bone":"Du","attachment":"Du06"},{"name":"Guang","bone":"Guang","attachment":"tongyong_zhiliao_00020"}],"skins":{"default":{"Du":{"Du01":{"width":119,"height":120},"Du02":{"width":119,"height":119},"Du03":{"width":119,"height":119},"Du04":{"rotation":-90,"width":119,"height":119},"Du05":{"rotation":-90,"width":119,"height":119},"Du06":{"x":2.6,"rotation":-90,"width":119,"height":124},"Du07":{"rotation":-90,"width":119,"height":120},"Du08":{"rotation":-90,"width":119,"height":119},"Du09":{"rotation":-90,"width":119,"height":120},"Du10":{"rotation":-90,"width":119,"height":119},"Du11":{"rotation":-90,"width":119,"height":120},"Du12":{"rotation":-90,"width":119,"height":120},"Du13":{"rotation":-90,"width":119,"height":120},"Du14":{"rotation":-90,"width":119,"height":118},"Du15":{"rotation":-90,"width":119,"height":118},"Du16":{"rotation":-90,"width":120,"height":118}},"Guang":{"tongyong_zhiliao_00004":{"x":-2.37,"y":53,"width":150,"height":152},"tongyong_zhiliao_00006":{"x":-2.37,"y":53,"width":150,"height":152},"tongyong_zhiliao_00007":{"x":-2.37,"y":53,"width":150,"height":152},"tongyong_zhiliao_00008":{"x":-2.37,"y":53,"width":150,"height":152},"tongyong_zhiliao_00010":{"x":-2.37,"y":53,"width":150,"height":152},"tongyong_zhiliao_00012":{"x":-2.37,"y":53,"width":150,"height":152},"tongyong_zhiliao_00013":{"x":-2.37,"y":53,"width":150,"height":152},"tongyong_zhiliao_00015":{"x":-2.37,"y":53,"width":150,"height":152},"tongyong_zhiliao_00017":{"x":-2.37,"y":53,"width":150,"height":152},"tongyong_zhiliao_00020":{"x":-2.37,"y":53,"width":150,"height":152}}}},"animations":{"Chixu":{"slots":{"Du":{"color":[{"time":0,"color":"bababaff","curve":"stepped"},{"time":1.0667,"color":"bababaff"}],"attachment":[{"time":0,"name":"Du01"},{"time":0.0667,"name":"Du02"},{"time":0.1333,"name":"Du03"},{"time":0.2,"name":"Du04"},{"time":0.2667,"name":"Du05"},{"time":0.3333,"name":"Du06"},{"time":0.4,"name":"Du07"},{"time":0.4667,"name":"Du08"},{"time":0.5333,"name":"Du09"},{"time":0.6,"name":"Du10"},{"time":0.6667,"name":"Du11"},{"time":0.7333,"name":"Du12"},{"time":0.8,"name":"Du13"},{"time":0.8667,"name":"Du14"},{"time":0.9333,"name":"Du15"},{"time":1,"name":"Du16"},{"time":1.0667,"name":"Du01"}]},"Guang":{"attachment":[{"time":0,"name":null},{"time":1.0667,"name":null}]}},"bones":{"Du":{"rotate":[{"time":0,"angle":0,"curve":"stepped"},{"time":1.0667,"angle":0}],"translate":[{"time":0,"x":68.7,"y":-105.13,"curve":"stepped"},{"time":1.0667,"x":68.7,"y":-105.13}],"scale":[{"time":0,"x":0.373,"y":0.369,"curve":"stepped"},{"time":1.0667,"x":0.373,"y":0.369}],"shear":[{"time":0,"x":0,"y":0,"curve":"stepped"},{"time":1.0667,"x":0,"y":0}]},"root":{"rotate":[{"time":0,"angle":0,"curve":"stepped"},{"time":1.0667,"angle":0}],"translate":[{"time":0,"x":0,"y":0,"curve":"stepped"},{"time":1.0667,"x":0,"y":0}],"scale":[{"time":0,"x":1,"y":1,"curve":"stepped"},{"time":1.0667,"x":1,"y":1}],"shear":[{"time":0,"x":0,"y":0,"curve":"stepped"},{"time":1.0667,"x":0,"y":0}]},"Guang":{"rotate":[{"time":0,"angle":0,"curve":"stepped"},{"time":1.0667,"angle":0}],"translate":[{"time":0,"x":-71.98,"y":66.44,"curve":"stepped"},{"time":1.0667,"x":-71.98,"y":66.44}],"scale":[{"time":0,"x":1,"y":1,"curve":"stepped"},{"time":1.0667,"x":1,"y":1}],"shear":[{"time":0,"x":0,"y":0,"curve":"stepped"},{"time":1.0667,"x":0,"y":0}]}}},"Xiaochu":{"slots":{"Du":{"color":[{"time":0,"color":"bababaff","curve":"stepped"},{"time":0.2667,"color":"bababaff"},{"time":0.7333,"color":"bababa00"},{"time":1.0667,"color":"bababaff"}],"attachment":[{"time":0,"name":"Du01"},{"time":0.0667,"name":"Du02"},{"time":0.1333,"name":"Du03"},{"time":0.2,"name":"Du04"},{"time":0.2667,"name":"Du05"},{"time":0.3333,"name":"Du06"},{"time":0.4,"name":"Du07"},{"time":0.4667,"name":"Du08"},{"time":0.5333,"name":"Du09"},{"time":0.6,"name":"Du10"},{"time":0.6667,"name":"Du11"},{"time":0.7333,"name":"Du12"},{"time":0.8,"name":"Du13"},{"time":0.8667,"name":"Du14"},{"time":0.9333,"name":"Du15"},{"time":1,"name":"Du16"},{"time":1.0667,"name":"Du01"}]},"Guang":{"attachment":[{"time":0,"name":null},{"time":0.0667,"name":"tongyong_zhiliao_00004"},{"time":0.1333,"name":"tongyong_zhiliao_00006"},{"time":0.2,"name":"tongyong_zhiliao_00007"},{"time":0.2667,"name":"tongyong_zhiliao_00008"},{"time":0.3333,"name":"tongyong_zhiliao_00010"},{"time":0.4,"name":"tongyong_zhiliao_00012"},{"time":0.4667,"name":"tongyong_zhiliao_00013"},{"time":0.5333,"name":"tongyong_zhiliao_00015"},{"time":0.6,"name":"tongyong_zhiliao_00017"},{"time":0.6667,"name":"tongyong_zhiliao_00020"},{"time":0.7333,"name":null},{"time":1.0667,"name":null}]}},"bones":{"Du":{"rotate":[{"time":0,"angle":0,"curve":"stepped"},{"time":1.0667,"angle":0}],"translate":[{"time":0,"x":68.7,"y":-105.13,"curve":"stepped"},{"time":1.0667,"x":68.7,"y":-105.13}],"scale":[{"time":0,"x":0.373,"y":0.369,"curve":"stepped"},{"time":1.0667,"x":0.373,"y":0.369}],"shear":[{"time":0,"x":0,"y":0,"curve":"stepped"},{"time":1.0667,"x":0,"y":0}]},"root":{"rotate":[{"time":0,"angle":0,"curve":"stepped"},{"time":1.0667,"angle":0}],"translate":[{"time":0,"x":0,"y":0,"curve":"stepped"},{"time":1.0667,"x":0,"y":0}],"scale":[{"time":0,"x":1,"y":1,"curve":"stepped"},{"time":1.0667,"x":1,"y":1}],"shear":[{"time":0,"x":0,"y":0,"curve":"stepped"},{"time":1.0667,"x":0,"y":0}]},"Guang":{"rotate":[{"time":0,"angle":0,"curve":"stepped"},{"time":1.0667,"angle":0}],"translate":[{"time":0,"x":-71.98,"y":55.6,"curve":"stepped"},{"time":1.0667,"x":-71.98,"y":55.6}],"scale":[{"time":0,"x":0.769,"y":0.769,"curve":"stepped"},{"time":1.0667,"x":0.769,"y":0.769}],"shear":[{"time":0,"x":0,"y":0,"curve":"stepped"},{"time":1.0667,"x":0,"y":0}]}}}}},"_atlasText":"\nDu.png\nsize: 1024,1024\nformat: RGBA8888\nfilter: Linear,Linear\nrepeat: none\nDu01\n  rotate: false\n  xy: 154, 403\n  size: 119, 120\n  orig: 119, 120\n  offset: 0, 0\n  index: -1\nDu02\n  rotate: false\n  xy: 2, 2\n  size: 119, 119\n  orig: 119, 119\n  offset: 0, 0\n  index: -1\nDu03\n  rotate: false\n  xy: 852, 866\n  size: 119, 119\n  orig: 119, 119\n  offset: 0, 0\n  index: -1\nDu04\n  rotate: false\n  xy: 732, 744\n  size: 119, 119\n  orig: 119, 119\n  offset: 0, 0\n  index: -1\nDu05\n  rotate: false\n  xy: 853, 745\n  size: 119, 119\n  orig: 119, 119\n  offset: 0, 0\n  index: -1\nDu06\n  rotate: false\n  xy: 2, 245\n  size: 119, 124\n  orig: 119, 124\n  offset: 0, 0\n  index: -1\nDu07\n  rotate: false\n  xy: 306, 557\n  size: 119, 120\n  orig: 119, 120\n  offset: 0, 0\n  index: -1\nDu08\n  rotate: false\n  xy: 154, 282\n  size: 119, 119\n  orig: 119, 119\n  offset: 0, 0\n  index: -1\nDu09\n  rotate: false\n  xy: 458, 711\n  size: 119, 120\n  orig: 119, 120\n  offset: 0, 0\n  index: -1\nDu10\n  rotate: false\n  xy: 123, 161\n  size: 119, 119\n  orig: 119, 119\n  offset: 0, 0\n  index: -1\nDu11\n  rotate: false\n  xy: 610, 865\n  size: 119, 120\n  orig: 119, 120\n  offset: 0, 0\n  index: -1\nDu12\n  rotate: false\n  xy: 2, 123\n  size: 119, 120\n  orig: 119, 120\n  offset: 0, 0\n  index: -1\nDu13\n  rotate: false\n  xy: 731, 865\n  size: 119, 120\n  orig: 119, 120\n  offset: 0, 0\n  index: -1\nDu14\n  rotate: false\n  xy: 123, 41\n  size: 119, 118\n  orig: 119, 118\n  offset: 0, 0\n  index: -1\nDu15\n  rotate: false\n  xy: 306, 437\n  size: 119, 118\n  orig: 119, 118\n  offset: 0, 0\n  index: -1\nDu16\n  rotate: false\n  xy: 610, 745\n  size: 120, 118\n  orig: 120, 118\n  offset: 0, 0\n  index: -1\ntongyong_zhiliao_00004\n  rotate: false\n  xy: 2, 679\n  size: 150, 152\n  orig: 150, 152\n  offset: 0, 0\n  index: -1\ntongyong_zhiliao_00006\n  rotate: false\n  xy: 154, 833\n  size: 150, 152\n  orig: 150, 152\n  offset: 0, 0\n  index: -1\ntongyong_zhiliao_00007\n  rotate: false\n  xy: 2, 525\n  size: 150, 152\n  orig: 150, 152\n  offset: 0, 0\n  index: -1\ntongyong_zhiliao_00008\n  rotate: false\n  xy: 154, 679\n  size: 150, 152\n  orig: 150, 152\n  offset: 0, 0\n  index: -1\ntongyong_zhiliao_00010\n  rotate: false\n  xy: 306, 833\n  size: 150, 152\n  orig: 150, 152\n  offset: 0, 0\n  index: -1\ntongyong_zhiliao_00012\n  rotate: false\n  xy: 2, 371\n  size: 150, 152\n  orig: 150, 152\n  offset: 0, 0\n  index: -1\ntongyong_zhiliao_00013\n  rotate: false\n  xy: 154, 525\n  size: 150, 152\n  orig: 150, 152\n  offset: 0, 0\n  index: -1\ntongyong_zhiliao_00015\n  rotate: false\n  xy: 306, 679\n  size: 150, 152\n  orig: 150, 152\n  offset: 0, 0\n  index: -1\ntongyong_zhiliao_00017\n  rotate: false\n  xy: 458, 833\n  size: 150, 152\n  orig: 150, 152\n  offset: 0, 0\n  index: -1\ntongyong_zhiliao_00020\n  rotate: false\n  xy: 2, 833\n  size: 150, 152\n  orig: 150, 152\n  offset: 0, 0\n  index: -1\n","textures":[{"__uuid__":"d9brHegqxIpYBnXVse7ROz"}],"textureNames":["Du.png"]}