[{"__type__":"cc.Prefab","_name":"RoleChoice","data":{"__id__":1}},{"__type__":"cc.Node","_name":"RoleChoice","_children":[{"__id__":2},{"__id__":3}],"_level":1,"_components":[{"__type__":"e07f9s+IYxDeLipaiTPmVt2","node":{"__id__":1}}],"_prefab":{"__type__":"cc.PrefabInfo","root":{"__id__":1},"asset":{"__uuid__":"75Y4KO2alIHZwl24LNmH5N"},"fileId":"41/FLKvxNNorSN9XDrghOa"},"_contentSize":{"__type__":"cc.Size","width":750,"height":1334},"_scale":{"__type__":"cc.Vec3","x":1,"y":1,"z":1}},{"__type__":"cc.Node","_name":"Cover","_parent":{"__id__":1},"_level":2,"_components":[{"__type__":"cc.Sprite","node":{"__id__":2},"_spriteFrame":{"__uuid__":"a2MjXRFdtLlYQ5ouAFv/+R"},"_sizeMode":0},{"__type__":"cc.Button","node":{"__id__":2},"_N$target":{"__id__":2}}],"_prefab":{"__type__":"cc.PrefabInfo","root":{"__id__":1},"asset":{"__uuid__":"75Y4KO2alIHZwl24LNmH5N"},"fileId":"0e/++WM5NFFJ1cAsz9BEVp"},"_opacity":100,"_color":{"__type__":"cc.Color"},"_contentSize":{"__type__":"cc.Size","width":760,"height":1334},"_scale":{"__type__":"cc.Vec3","x":1,"y":1,"z":1}},{"__type__":"cc.Node","_name":"box","_parent":{"__id__":1},"_children":[{"__id__":4},{"__id__":5},{"__id__":8},{"__id__":10},{"__id__":65},{"__id__":89}],"_level":2,"_prefab":{"__type__":"cc.PrefabInfo","root":{"__id__":1},"asset":{"__uuid__":"75Y4KO2alIHZwl24LNmH5N"},"fileId":"f4a4+IMg9FGrzXx71XQSut"},"_scale":{"__type__":"cc.Vec3","x":1,"y":1,"z":1}},{"__type__":"cc.Node","_name":"bg1","_parent":{"__id__":3},"_level":3,"_components":[{"__type__":"cc.Sprite","node":{"__id__":4},"_spriteFrame":{"__uuid__":"dfYWpFoPxIfJaDY6gYnCT2"},"_type":1,"_sizeMode":0}],"_prefab":{"__type__":"cc.PrefabInfo","root":{"__id__":1},"asset":{"__uuid__":"75Y4KO2alIHZwl24LNmH5N"},"fileId":"29vZanCxVJULYLtcVSwwIp"},"_contentSize":{"__type__":"cc.Size","width":627,"height":925},"_position":{"__type__":"cc.Vec3","y":7},"_scale":{"__type__":"cc.Vec3","x":1,"y":1,"z":1},"_rotationX":-3,"_rotationY":-3,"_quat":{"__type__":"cc.Quat","z":0.026176948307873153,"w":0.9996573249755573}},{"__type__":"cc.Node","_name":"bg2","_parent":{"__id__":3},"_children":[{"__id__":6},{"__id__":7}],"_level":3,"_components":[{"__type__":"cc.Sprite","node":{"__id__":5},"_spriteFrame":{"__uuid__":"faaNIqbD1Ar6/pqAdxak38"},"_type":1,"_sizeMode":0}],"_prefab":{"__type__":"cc.PrefabInfo","root":{"__id__":1},"asset":{"__uuid__":"75Y4KO2alIHZwl24LNmH5N"},"fileId":"b4r1xEUsJIwKAf0Wo6el7z"},"_contentSize":{"__type__":"cc.Size","width":627,"height":935},"_position":{"__type__":"cc.Vec3","y":2},"_scale":{"__type__":"cc.Vec3","x":1,"y":1,"z":1}},{"__type__":"cc.Node","_name":"Bg_Decorate_4","_parent":{"__id__":5},"_level":4,"_components":[{"__type__":"cc.Sprite","node":{"__id__":6},"_spriteFrame":{"__uuid__":"01Px1stkJPoLuRx/NYLdHY"}}],"_prefab":{"__type__":"cc.PrefabInfo","root":{"__id__":1},"asset":{"__uuid__":"75Y4KO2alIHZwl24LNmH5N"},"fileId":"9dhznH3cNOx6aRWyQY+jdX"},"_contentSize":{"__type__":"cc.Size","width":22,"height":33},"_position":{"__type__":"cc.Vec3","x":-303.5,"y":250},"_scale":{"__type__":"cc.Vec3","x":1,"y":1,"z":1}},{"__type__":"cc.Node","_name":"Bg_Decorate_3","_parent":{"__id__":5},"_level":4,"_components":[{"__type__":"cc.Sprite","node":{"__id__":7},"_spriteFrame":{"__uuid__":"98xDcSD71ER7K7FrzreuEq"}}],"_prefab":{"__type__":"cc.PrefabInfo","root":{"__id__":1},"asset":{"__uuid__":"75Y4KO2alIHZwl24LNmH5N"},"fileId":"aboLhh3X5DcJZmo2LeZKUk"},"_contentSize":{"__type__":"cc.Size","width":36,"height":37},"_position":{"__type__":"cc.Vec3","x":296.5,"y":-100},"_scale":{"__type__":"cc.Vec3","x":1,"y":1,"z":1}},{"__type__":"cc.Node","_name":"title","_parent":{"__id__":3},"_children":[{"__id__":9}],"_level":3,"_components":[{"__type__":"cc.Sprite","node":{"__id__":8},"_spriteFrame":{"__uuid__":"3aBatjJvxCC7g/xZ0KIN7Q"},"_sizeMode":0}],"_prefab":{"__type__":"cc.PrefabInfo","root":{"__id__":1},"asset":{"__uuid__":"75Y4KO2alIHZwl24LNmH5N"},"fileId":"543tzabZ1Au76+04eNWaxY"},"_contentSize":{"__type__":"cc.Size","width":620,"height":69},"_position":{"__type__":"cc.Vec3","y":433},"_scale":{"__type__":"cc.Vec3","x":1,"y":1,"z":1}},{"__type__":"cc.Node","_name":"lab","_parent":{"__id__":8},"_level":4,"_components":[{"__type__":"cc.Label","node":{"__id__":9},"_srcBlendFactor":1,"_string":"角色选择","_N$string":"角色选择","_N$file":{"__uuid__":"7ayuTvAx5NSIJwUPtdCD7i"},"_isSystemFontUsed":false,"_N$horizontalAlign":1,"_N$verticalAlign":1}],"_prefab":{"__type__":"cc.PrefabInfo","root":{"__id__":1},"asset":{"__uuid__":"75Y4KO2alIHZwl24LNmH5N"},"fileId":"7dZ39uSlJK8qhht6Wi3t90"},"_color":{"__type__":"cc.Color","r":86,"g":52,"b":28},"_contentSize":{"__type__":"cc.Size","width":160,"height":40},"_scale":{"__type__":"cc.Vec3","x":1,"y":1,"z":1}},{"__type__":"cc.Node","_name":"BigRole","_parent":{"__id__":3},"_children":[{"__id__":11},{"__id__":29},{"__id__":47}],"_level":3,"_prefab":{"__type__":"cc.PrefabInfo","root":{"__id__":1},"asset":{"__uuid__":"75Y4KO2alIHZwl24LNmH5N"},"fileId":"34rJ+ZOJJA6Kegpg4Afinh"},"_contentSize":{"__type__":"cc.Size","width":96,"height":112},"_position":{"__type__":"cc.Vec3","x":-154,"y":141},"_scale":{"__type__":"cc.Vec3","x":1,"y":1,"z":1}},{"__type__":"cc.Node","_name":"1","_parent":{"__id__":10},"_children":[{"__id__":12},{"__id__":13},{"__id__":15},{"__id__":20},{"__id__":25},{"__id__":27}],"_active":false,"_level":3,"_prefab":{"__type__":"cc.PrefabInfo","root":{"__id__":1},"asset":{"__uuid__":"75Y4KO2alIHZwl24LNmH5N"},"fileId":"8cNvoBP9JFR6xPpfdUJnjD"},"_contentSize":{"__type__":"cc.Size","width":272,"height":377},"_position":{"__type__":"cc.Vec3","x":10,"y":46},"_scale":{"__type__":"cc.Vec3","x":1,"y":1,"z":1}},{"__type__":"cc.Node","_name":"spine","_parent":{"__id__":11},"_level":4,"_components":[{"__type__":"sp.Skeleton","node":{"__id__":12},"defaultAnimation":"Stand","_N$skeletonData":{"__uuid__":"b9vUwaQSlAdosdFuTDqdAP"}}],"_prefab":{"__type__":"cc.PrefabInfo","root":{"__id__":1},"asset":{"__uuid__":"75Y4KO2alIHZwl24LNmH5N"},"fileId":"dcIvV7poxDqYNzMLy9MWCj"},"_contentSize":{"__type__":"cc.Size","width":1500,"height":992},"_position":{"__type__":"cc.Vec3","y":-140},"_scale":{"__type__":"cc.Vec3","x":1.6,"y":1.6,"z":1}},{"__type__":"cc.Node","_name":"nameBG","_parent":{"__id__":11},"_children":[{"__id__":14}],"_level":4,"_components":[{"__type__":"cc.Sprite","node":{"__id__":13},"_spriteFrame":{"__uuid__":"27DE9rBOdH94FPjp6Va08Q"}}],"_prefab":{"__type__":"cc.PrefabInfo","root":{"__id__":1},"asset":{"__uuid__":"75Y4KO2alIHZwl24LNmH5N"},"fileId":"608Rsj8shO7L7ab8skiw6l"},"_contentSize":{"__type__":"cc.Size","width":205,"height":55},"_position":{"__type__":"cc.Vec3","x":255,"y":174},"_scale":{"__type__":"cc.Vec3","x":1,"y":1,"z":1}},{"__type__":"cc.Node","_name":"name","_parent":{"__id__":13},"_level":5,"_components":[{"__type__":"cc.Label","node":{"__id__":14},"_srcBlendFactor":1,"_useOriginalSize":false,"_string":"Joyce","_N$string":"Joyce","_fontSize":30,"_lineHeight":35,"_N$file":{"__uuid__":"7ayuTvAx5NSIJwUPtdCD7i"},"_isSystemFontUsed":false,"_N$horizontalAlign":1,"_N$verticalAlign":1}],"_prefab":{"__type__":"cc.PrefabInfo","root":{"__id__":1},"asset":{"__uuid__":"75Y4KO2alIHZwl24LNmH5N"},"fileId":"c8qCI5nWVN1q3s72b+xMFk"},"_color":{"__type__":"cc.Color","r":129,"g":74,"b":11},"_contentSize":{"__type__":"cc.Size","width":97.97,"height":35},"_scale":{"__type__":"cc.Vec3","x":1,"y":1,"z":1}},{"__type__":"cc.Node","_name":"speed","_parent":{"__id__":11},"_children":[{"__id__":16},{"__id__":18},{"__id__":19}],"_level":4,"_components":[{"__type__":"cc.Sprite","node":{"__id__":15},"_spriteFrame":{"__uuid__":"76OK2xqBZAGrIGAUBsmujR"},"_type":1,"_sizeMode":0},{"__type__":"cc.ProgressBar","node":{"__id__":15},"_N$totalLength":242,"_N$barSprite":{"__id__":17},"_N$progress":0.5}],"_prefab":{"__type__":"cc.PrefabInfo","root":{"__id__":1},"asset":{"__uuid__":"75Y4KO2alIHZwl24LNmH5N"},"fileId":"dc7bRxVb1FeYCg6LzVXxIp"},"_contentSize":{"__type__":"cc.Size","width":242,"height":32},"_position":{"__type__":"cc.Vec3","x":279,"y":97},"_scale":{"__type__":"cc.Vec3","x":1,"y":1,"z":1}},{"__type__":"cc.Node","_name":"bar","_parent":{"__id__":15},"_components":[{"__id__":17}],"_prefab":{"__type__":"cc.PrefabInfo","root":{"__id__":1},"asset":{"__uuid__":"75Y4KO2alIHZwl24LNmH5N"},"fileId":"68R0A21PtLp6dJu6tq5Vo7"},"_contentSize":{"__type__":"cc.Size","width":121,"height":32},"_anchorPoint":{"__type__":"cc.Vec2","y":0.5},"_position":{"__type__":"cc.Vec3","x":-121},"_scale":{"__type__":"cc.Vec3","x":1,"y":1,"z":1}},{"__type__":"cc.Sprite","node":{"__id__":16},"_spriteFrame":{"__uuid__":"bdvNICzDdG0ZJUouw+qlw9"},"_type":1,"_sizeMode":0},{"__type__":"cc.Node","_name":"name","_parent":{"__id__":15},"_level":5,"_components":[{"__type__":"cc.Label","node":{"__id__":18},"_srcBlendFactor":1,"_useOriginalSize":false,"_string":"移动速度","_N$string":"移动速度","_fontSize":23,"_lineHeight":25,"_N$file":{"__uuid__":"7ayuTvAx5NSIJwUPtdCD7i"},"_isSystemFontUsed":false,"_N$horizontalAlign":1,"_N$verticalAlign":1}],"_prefab":{"__type__":"cc.PrefabInfo","root":{"__id__":1},"asset":{"__uuid__":"75Y4KO2alIHZwl24LNmH5N"},"fileId":"f8iJHvWSVDTbgpSyVDbHpG"},"_color":{"__type__":"cc.Color","r":87,"g":83,"b":59},"_contentSize":{"__type__":"cc.Size","width":92,"height":25},"_position":{"__type__":"cc.Vec3","x":-72,"y":30},"_scale":{"__type__":"cc.Vec3","x":1,"y":1,"z":1}},{"__type__":"cc.Node","_name":"percent","_parent":{"__id__":15},"_level":5,"_components":[{"__type__":"cc.Label","node":{"__id__":19},"_srcBlendFactor":1,"_useOriginalSize":false,"_string":"50%","_N$string":"50%","_fontSize":22,"_lineHeight":25,"_N$file":{"__uuid__":"7ayuTvAx5NSIJwUPtdCD7i"},"_isSystemFontUsed":false,"_N$horizontalAlign":1,"_N$verticalAlign":1},{"__type__":"cc.LabelOutline","node":{"__id__":19},"_color":{"__type__":"cc.Color","r":30,"g":8,"b":5},"_width":3}],"_prefab":{"__type__":"cc.PrefabInfo","root":{"__id__":1},"asset":{"__uuid__":"75Y4KO2alIHZwl24LNmH5N"},"fileId":"70YmmYdmpDQZXsiE5VfqWZ"},"_contentSize":{"__type__":"cc.Size","width":62.2,"height":25},"_anchorPoint":{"__type__":"cc.Vec2","x":1,"y":0.5},"_position":{"__type__":"cc.Vec3","x":115},"_scale":{"__type__":"cc.Vec3","x":1,"y":1,"z":1}},{"__type__":"cc.Node","_name":"reset","_parent":{"__id__":11},"_children":[{"__id__":21},{"__id__":23},{"__id__":24}],"_level":4,"_components":[{"__type__":"cc.Sprite","node":{"__id__":20},"_spriteFrame":{"__uuid__":"76OK2xqBZAGrIGAUBsmujR"},"_type":1,"_sizeMode":0},{"__type__":"cc.ProgressBar","node":{"__id__":20},"_N$totalLength":242,"_N$barSprite":{"__id__":22},"_N$progress":0.5}],"_prefab":{"__type__":"cc.PrefabInfo","root":{"__id__":1},"asset":{"__uuid__":"75Y4KO2alIHZwl24LNmH5N"},"fileId":"efTL9r7NNKfb/PgmjQLOap"},"_contentSize":{"__type__":"cc.Size","width":242,"height":32},"_position":{"__type__":"cc.Vec3","x":279,"y":24.8},"_scale":{"__type__":"cc.Vec3","x":1,"y":1,"z":1}},{"__type__":"cc.Node","_name":"bar","_parent":{"__id__":20},"_components":[{"__id__":22}],"_prefab":{"__type__":"cc.PrefabInfo","root":{"__id__":1},"asset":{"__uuid__":"75Y4KO2alIHZwl24LNmH5N"},"fileId":"89gD8lJpBOq746l/rpD/tg"},"_contentSize":{"__type__":"cc.Size","width":121,"height":32},"_anchorPoint":{"__type__":"cc.Vec2","y":0.5},"_position":{"__type__":"cc.Vec3","x":-121},"_scale":{"__type__":"cc.Vec3","x":1,"y":1,"z":1}},{"__type__":"cc.Sprite","node":{"__id__":21},"_spriteFrame":{"__uuid__":"07lYlpolxGd5wtamZ+0n7w"},"_type":1,"_sizeMode":0},{"__type__":"cc.Node","_name":"name","_parent":{"__id__":20},"_level":5,"_components":[{"__type__":"cc.Label","node":{"__id__":23},"_srcBlendFactor":1,"_useOriginalSize":false,"_string":"恢复速度","_N$string":"恢复速度","_fontSize":23,"_lineHeight":25,"_N$file":{"__uuid__":"7ayuTvAx5NSIJwUPtdCD7i"},"_isSystemFontUsed":false,"_N$horizontalAlign":1,"_N$verticalAlign":1}],"_prefab":{"__type__":"cc.PrefabInfo","root":{"__id__":1},"asset":{"__uuid__":"75Y4KO2alIHZwl24LNmH5N"},"fileId":"a1aG8nO8tAB67X6QtYO9eR"},"_color":{"__type__":"cc.Color","r":87,"g":83,"b":59},"_contentSize":{"__type__":"cc.Size","width":92,"height":25},"_position":{"__type__":"cc.Vec3","x":-72,"y":30},"_scale":{"__type__":"cc.Vec3","x":1,"y":1,"z":1}},{"__type__":"cc.Node","_name":"percent","_parent":{"__id__":20},"_level":5,"_components":[{"__type__":"cc.Label","node":{"__id__":24},"_srcBlendFactor":1,"_useOriginalSize":false,"_string":"50%","_N$string":"50%","_fontSize":22,"_lineHeight":25,"_N$file":{"__uuid__":"7ayuTvAx5NSIJwUPtdCD7i"},"_isSystemFontUsed":false,"_N$horizontalAlign":1,"_N$verticalAlign":1},{"__type__":"cc.LabelOutline","node":{"__id__":24},"_color":{"__type__":"cc.Color","r":30,"g":8,"b":5},"_width":3}],"_prefab":{"__type__":"cc.PrefabInfo","root":{"__id__":1},"asset":{"__uuid__":"75Y4KO2alIHZwl24LNmH5N"},"fileId":"cfsYTqxnxDHINhxqFWr0Zi"},"_contentSize":{"__type__":"cc.Size","width":62.2,"height":25},"_anchorPoint":{"__type__":"cc.Vec2","x":1,"y":0.5},"_position":{"__type__":"cc.Vec3","x":115},"_scale":{"__type__":"cc.Vec3","x":1,"y":1,"z":1}},{"__type__":"cc.Node","_name":"ChoiceBtn","_parent":{"__id__":11},"_children":[{"__id__":26}],"_level":4,"_components":[{"__type__":"cc.Sprite","node":{"__id__":25},"_spriteFrame":{"__uuid__":"bfh5zPFBtItoEk+H3aUbx3"},"_type":1},{"__type__":"cc.Button","node":{"__id__":25},"zoomScale":1.1,"clickEvents":[{"__type__":"cc.ClickEvent","target":{"__id__":1},"_componentId":"e07f9s+IYxDeLipaiTPmVt2","handler":"onClickComfire"}],"_N$transition":3,"transition":3,"_N$normalColor":{"__type__":"cc.Color","r":255,"g":255,"b":255},"_N$pressedColor":{"__type__":"cc.Color","r":255,"g":255,"b":255},"pressedColor":{"__type__":"cc.Color","r":255,"g":255,"b":255},"_N$disabledColor":{"__type__":"cc.Color","r":255,"g":255,"b":255},"_N$normalSprite":{"__uuid__":"f0BIwQ8D5Ml7nTNQbh1YlS"},"_N$pressedSprite":{"__uuid__":"e97GVMl6JHh5Ml5qEDdSGa"},"pressedSprite":{"__uuid__":"e97GVMl6JHh5Ml5qEDdSGa"},"_N$hoverSprite":{"__uuid__":"f0BIwQ8D5Ml7nTNQbh1YlS"},"hoverSprite":{"__uuid__":"f0BIwQ8D5Ml7nTNQbh1YlS"},"_N$disabledSprite":{"__uuid__":"29FYIk+N1GYaeWH/q1NxQO"},"_N$target":{"__id__":25}}],"_prefab":{"__type__":"cc.PrefabInfo","root":{"__id__":1},"asset":{"__uuid__":"75Y4KO2alIHZwl24LNmH5N"},"fileId":"2bBQAC3ANNdKRP3XaVrkyr"},"_contentSize":{"__type__":"cc.Size","width":252,"height":94},"_position":{"__type__":"cc.Vec3","x":285,"y":-120},"_scale":{"__type__":"cc.Vec3","x":1,"y":1,"z":1}},{"__type__":"cc.Node","_name":"Label","_parent":{"__id__":25},"_components":[{"__type__":"cc.Label","node":{"__id__":26},"_srcBlendFactor":1,"_useOriginalSize":false,"_string":"选   择","_N$string":"选   择","_lineHeight":45,"_enableWrapText":false,"_N$file":{"__uuid__":"7ayuTvAx5NSIJwUPtdCD7i"},"_isSystemFontUsed":false,"_N$horizontalAlign":1,"_N$verticalAlign":1},{"__type__":"cc.LabelOutline","node":{"__id__":26},"_color":{"__type__":"cc.Color","r":30,"g":8,"b":5},"_width":3}],"_prefab":{"__type__":"cc.PrefabInfo","root":{"__id__":1},"asset":{"__uuid__":"75Y4KO2alIHZwl24LNmH5N"},"fileId":"2cZK9F7n5Kf7PxnjRmTWtL"},"_contentSize":{"__type__":"cc.Size","width":146,"height":45},"_scale":{"__type__":"cc.Vec3","x":1,"y":1,"z":1}},{"__type__":"cc.Node","_name":"DetailBG","_parent":{"__id__":11},"_children":[{"__id__":28}],"_level":4,"_components":[{"__type__":"cc.Sprite","node":{"__id__":27},"_spriteFrame":{"__uuid__":"7bn7+/6hhLVLXUI9RIakGR"},"_sizeMode":0}],"_prefab":{"__type__":"cc.PrefabInfo","root":{"__id__":1},"asset":{"__uuid__":"75Y4KO2alIHZwl24LNmH5N"},"fileId":"cbkh+dxpRFaKbqQn4/iBSy"},"_contentSize":{"__type__":"cc.Size","width":560,"height":210},"_position":{"__type__":"cc.Vec3","x":139,"y":-324},"_scale":{"__type__":"cc.Vec3","x":1,"y":1,"z":1}},{"__type__":"cc.Node","_name":"word","_parent":{"__id__":27},"_level":5,"_components":[{"__type__":"cc.Label","node":{"__id__":28},"_srcBlendFactor":1,"_useOriginalSize":false,"_string":"    励志成为猎宝人的17岁少年，其祖父是奥加特尔大陆的首席猎宝人——莱斯利。但由于身体条件不达标，被路特戈登拒之门外。\n    即便如此，乔伊斯还是依靠敏捷的身手，一次次从哥布林巢穴中夺得珍宝，最终得到了路特戈登的认可。而他却拒绝了路特戈登的邀约，与妮露和泰恩特组成了新的猎宝团队，开启属于他们的猎宝时代。","_N$string":"    励志成为猎宝人的17岁少年，其祖父是奥加特尔大陆的首席猎宝人——莱斯利。但由于身体条件不达标，被路特戈登拒之门外。\n    即便如此，乔伊斯还是依靠敏捷的身手，一次次从哥布林巢穴中夺得珍宝，最终得到了路特戈登的认可。而他却拒绝了路特戈登的邀约，与妮露和泰恩特组成了新的猎宝团队，开启属于他们的猎宝时代。","_fontSize":23,"_lineHeight":25,"_N$file":{"__uuid__":"7ayuTvAx5NSIJwUPtdCD7i"},"_isSystemFontUsed":false,"_N$verticalAlign":1,"_N$overflow":3}],"_prefab":{"__type__":"cc.PrefabInfo","root":{"__id__":1},"asset":{"__uuid__":"75Y4KO2alIHZwl24LNmH5N"},"fileId":"34CcbVDK1PoI90M/s/yNZb"},"_color":{"__type__":"cc.Color","r":87,"g":70,"b":43},"_contentSize":{"__type__":"cc.Size","width":529,"height":175},"_scale":{"__type__":"cc.Vec3","x":1,"y":1,"z":1}},{"__type__":"cc.Node","_name":"2","_parent":{"__id__":10},"_children":[{"__id__":30},{"__id__":31},{"__id__":33},{"__id__":38},{"__id__":43},{"__id__":45}],"_active":false,"_level":3,"_components":[{"__type__":"cc.Sprite","node":{"__id__":29},"_sizeMode":0}],"_prefab":{"__type__":"cc.PrefabInfo","root":{"__id__":1},"asset":{"__uuid__":"75Y4KO2alIHZwl24LNmH5N"},"fileId":"78fljhNdhAvq7vwpYdiWHC"},"_contentSize":{"__type__":"cc.Size","width":272,"height":377},"_position":{"__type__":"cc.Vec3","x":10,"y":46},"_scale":{"__type__":"cc.Vec3","x":1,"y":1,"z":1}},{"__type__":"cc.Node","_name":"spine","_parent":{"__id__":29},"_level":4,"_components":[{"__type__":"sp.Skeleton","node":{"__id__":30},"defaultAnimation":"Stand","_N$skeletonData":{"__uuid__":"b9vUwaQSlAdosdFuTDqdAP"}}],"_prefab":{"__type__":"cc.PrefabInfo","root":{"__id__":1},"asset":{"__uuid__":"75Y4KO2alIHZwl24LNmH5N"},"fileId":"84oVfhBdxDPLZ4cHo/nmzc"},"_contentSize":{"__type__":"cc.Size","width":1500,"height":992},"_position":{"__type__":"cc.Vec3","y":-140},"_scale":{"__type__":"cc.Vec3","x":1.6,"y":1.6,"z":1}},{"__type__":"cc.Node","_name":"nameBG","_parent":{"__id__":29},"_children":[{"__id__":32}],"_level":4,"_components":[{"__type__":"cc.Sprite","node":{"__id__":31},"_spriteFrame":{"__uuid__":"27DE9rBOdH94FPjp6Va08Q"}}],"_prefab":{"__type__":"cc.PrefabInfo","root":{"__id__":1},"asset":{"__uuid__":"75Y4KO2alIHZwl24LNmH5N"},"fileId":"ec1sJzjeRASoIp8XvnATVM"},"_contentSize":{"__type__":"cc.Size","width":205,"height":55},"_position":{"__type__":"cc.Vec3","x":255,"y":174},"_scale":{"__type__":"cc.Vec3","x":1,"y":1,"z":1}},{"__type__":"cc.Node","_name":"name","_parent":{"__id__":31},"_level":5,"_components":[{"__type__":"cc.Label","node":{"__id__":32},"_srcBlendFactor":1,"_useOriginalSize":false,"_string":"Lilo","_N$string":"Lilo","_fontSize":30,"_lineHeight":35,"_N$file":{"__uuid__":"7ayuTvAx5NSIJwUPtdCD7i"},"_isSystemFontUsed":false,"_N$horizontalAlign":1,"_N$verticalAlign":1}],"_prefab":{"__type__":"cc.PrefabInfo","root":{"__id__":1},"asset":{"__uuid__":"75Y4KO2alIHZwl24LNmH5N"},"fileId":"b0rO8kQm5O+7uMR41kE2dg"},"_color":{"__type__":"cc.Color","r":129,"g":74,"b":11},"_contentSize":{"__type__":"cc.Size","width":66.56,"height":35},"_scale":{"__type__":"cc.Vec3","x":1,"y":1,"z":1}},{"__type__":"cc.Node","_name":"speed","_parent":{"__id__":29},"_children":[{"__id__":34},{"__id__":36},{"__id__":37}],"_level":4,"_components":[{"__type__":"cc.Sprite","node":{"__id__":33},"_spriteFrame":{"__uuid__":"76OK2xqBZAGrIGAUBsmujR"},"_type":1,"_sizeMode":0},{"__type__":"cc.ProgressBar","node":{"__id__":33},"_N$totalLength":242,"_N$barSprite":{"__id__":35},"_N$progress":0.5}],"_prefab":{"__type__":"cc.PrefabInfo","root":{"__id__":1},"asset":{"__uuid__":"75Y4KO2alIHZwl24LNmH5N"},"fileId":"ddjQrKbetFlYcVEjDAShs8"},"_contentSize":{"__type__":"cc.Size","width":242,"height":32},"_position":{"__type__":"cc.Vec3","x":279,"y":97},"_scale":{"__type__":"cc.Vec3","x":1,"y":1,"z":1}},{"__type__":"cc.Node","_name":"bar","_parent":{"__id__":33},"_components":[{"__id__":35}],"_prefab":{"__type__":"cc.PrefabInfo","root":{"__id__":1},"asset":{"__uuid__":"75Y4KO2alIHZwl24LNmH5N"},"fileId":"2bHouTv7RFBaTfOWLWFCtw"},"_contentSize":{"__type__":"cc.Size","width":121,"height":32},"_anchorPoint":{"__type__":"cc.Vec2","y":0.5},"_position":{"__type__":"cc.Vec3","x":-121},"_scale":{"__type__":"cc.Vec3","x":1,"y":1,"z":1}},{"__type__":"cc.Sprite","node":{"__id__":34},"_spriteFrame":{"__uuid__":"bdvNICzDdG0ZJUouw+qlw9"},"_type":1,"_sizeMode":0},{"__type__":"cc.Node","_name":"name","_parent":{"__id__":33},"_level":5,"_components":[{"__type__":"cc.Label","node":{"__id__":36},"_srcBlendFactor":1,"_useOriginalSize":false,"_string":"移动速度","_N$string":"移动速度","_fontSize":23,"_lineHeight":25,"_N$file":{"__uuid__":"7ayuTvAx5NSIJwUPtdCD7i"},"_isSystemFontUsed":false,"_N$horizontalAlign":1,"_N$verticalAlign":1}],"_prefab":{"__type__":"cc.PrefabInfo","root":{"__id__":1},"asset":{"__uuid__":"75Y4KO2alIHZwl24LNmH5N"},"fileId":"c2Xh0ouxlF0pLdd1t9LWGj"},"_color":{"__type__":"cc.Color","r":87,"g":83,"b":59},"_contentSize":{"__type__":"cc.Size","width":92,"height":25},"_position":{"__type__":"cc.Vec3","x":-72,"y":30},"_scale":{"__type__":"cc.Vec3","x":1,"y":1,"z":1}},{"__type__":"cc.Node","_name":"percent","_parent":{"__id__":33},"_level":5,"_components":[{"__type__":"cc.Label","node":{"__id__":37},"_srcBlendFactor":1,"_useOriginalSize":false,"_string":"50%","_N$string":"50%","_fontSize":22,"_lineHeight":25,"_N$file":{"__uuid__":"7ayuTvAx5NSIJwUPtdCD7i"},"_isSystemFontUsed":false,"_N$horizontalAlign":1,"_N$verticalAlign":1},{"__type__":"cc.LabelOutline","node":{"__id__":37},"_color":{"__type__":"cc.Color","r":30,"g":8,"b":5},"_width":3}],"_prefab":{"__type__":"cc.PrefabInfo","root":{"__id__":1},"asset":{"__uuid__":"75Y4KO2alIHZwl24LNmH5N"},"fileId":"44AcWnFE9Jt5Eai15vTeB4"},"_contentSize":{"__type__":"cc.Size","width":62.2,"height":25},"_anchorPoint":{"__type__":"cc.Vec2","x":1,"y":0.5},"_position":{"__type__":"cc.Vec3","x":115},"_scale":{"__type__":"cc.Vec3","x":1,"y":1,"z":1}},{"__type__":"cc.Node","_name":"reset","_parent":{"__id__":29},"_children":[{"__id__":39},{"__id__":41},{"__id__":42}],"_level":4,"_components":[{"__type__":"cc.Sprite","node":{"__id__":38},"_spriteFrame":{"__uuid__":"76OK2xqBZAGrIGAUBsmujR"},"_type":1,"_sizeMode":0},{"__type__":"cc.ProgressBar","node":{"__id__":38},"_N$totalLength":242,"_N$barSprite":{"__id__":40},"_N$progress":0.5}],"_prefab":{"__type__":"cc.PrefabInfo","root":{"__id__":1},"asset":{"__uuid__":"75Y4KO2alIHZwl24LNmH5N"},"fileId":"0c4r+GrWFG7Y0F1o7YxTyo"},"_contentSize":{"__type__":"cc.Size","width":242,"height":32},"_position":{"__type__":"cc.Vec3","x":279,"y":24.8},"_scale":{"__type__":"cc.Vec3","x":1,"y":1,"z":1}},{"__type__":"cc.Node","_name":"bar","_parent":{"__id__":38},"_components":[{"__id__":40}],"_prefab":{"__type__":"cc.PrefabInfo","root":{"__id__":1},"asset":{"__uuid__":"75Y4KO2alIHZwl24LNmH5N"},"fileId":"15xh4kVJpLa6+IYG7/a7rN"},"_contentSize":{"__type__":"cc.Size","width":121,"height":32},"_anchorPoint":{"__type__":"cc.Vec2","y":0.5},"_position":{"__type__":"cc.Vec3","x":-121},"_scale":{"__type__":"cc.Vec3","x":1,"y":1,"z":1}},{"__type__":"cc.Sprite","node":{"__id__":39},"_spriteFrame":{"__uuid__":"07lYlpolxGd5wtamZ+0n7w"},"_type":1,"_sizeMode":0},{"__type__":"cc.Node","_name":"name","_parent":{"__id__":38},"_level":5,"_components":[{"__type__":"cc.Label","node":{"__id__":41},"_srcBlendFactor":1,"_useOriginalSize":false,"_string":"恢复速度","_N$string":"恢复速度","_fontSize":23,"_lineHeight":25,"_N$file":{"__uuid__":"7ayuTvAx5NSIJwUPtdCD7i"},"_isSystemFontUsed":false,"_N$horizontalAlign":1,"_N$verticalAlign":1}],"_prefab":{"__type__":"cc.PrefabInfo","root":{"__id__":1},"asset":{"__uuid__":"75Y4KO2alIHZwl24LNmH5N"},"fileId":"53zBt7dXNKyqDCFZrClfhY"},"_color":{"__type__":"cc.Color","r":87,"g":83,"b":59},"_contentSize":{"__type__":"cc.Size","width":92,"height":25},"_position":{"__type__":"cc.Vec3","x":-72,"y":30},"_scale":{"__type__":"cc.Vec3","x":1,"y":1,"z":1}},{"__type__":"cc.Node","_name":"percent","_parent":{"__id__":38},"_level":5,"_components":[{"__type__":"cc.Label","node":{"__id__":42},"_srcBlendFactor":1,"_useOriginalSize":false,"_string":"50%","_N$string":"50%","_fontSize":22,"_lineHeight":25,"_N$file":{"__uuid__":"7ayuTvAx5NSIJwUPtdCD7i"},"_isSystemFontUsed":false,"_N$horizontalAlign":1,"_N$verticalAlign":1},{"__type__":"cc.LabelOutline","node":{"__id__":42},"_color":{"__type__":"cc.Color","r":30,"g":8,"b":5},"_width":3}],"_prefab":{"__type__":"cc.PrefabInfo","root":{"__id__":1},"asset":{"__uuid__":"75Y4KO2alIHZwl24LNmH5N"},"fileId":"db2v/aI+9Dj6M+bEih6+HM"},"_contentSize":{"__type__":"cc.Size","width":62.2,"height":25},"_anchorPoint":{"__type__":"cc.Vec2","x":1,"y":0.5},"_position":{"__type__":"cc.Vec3","x":115},"_scale":{"__type__":"cc.Vec3","x":1,"y":1,"z":1}},{"__type__":"cc.Node","_name":"ChoiceBtn","_parent":{"__id__":29},"_children":[{"__id__":44}],"_level":4,"_components":[{"__type__":"cc.Sprite","node":{"__id__":43},"_spriteFrame":{"__uuid__":"bfh5zPFBtItoEk+H3aUbx3"},"_type":1},{"__type__":"cc.Button","node":{"__id__":43},"zoomScale":1.1,"clickEvents":[{"__type__":"cc.ClickEvent","target":{"__id__":1},"_componentId":"e07f9s+IYxDeLipaiTPmVt2","handler":"onClickComfire"}],"_N$transition":3,"transition":3,"_N$normalColor":{"__type__":"cc.Color","r":255,"g":255,"b":255},"_N$pressedColor":{"__type__":"cc.Color","r":255,"g":255,"b":255},"pressedColor":{"__type__":"cc.Color","r":255,"g":255,"b":255},"_N$disabledColor":{"__type__":"cc.Color","r":255,"g":255,"b":255},"_N$normalSprite":{"__uuid__":"f0BIwQ8D5Ml7nTNQbh1YlS"},"_N$pressedSprite":{"__uuid__":"e97GVMl6JHh5Ml5qEDdSGa"},"pressedSprite":{"__uuid__":"e97GVMl6JHh5Ml5qEDdSGa"},"_N$hoverSprite":{"__uuid__":"f0BIwQ8D5Ml7nTNQbh1YlS"},"hoverSprite":{"__uuid__":"f0BIwQ8D5Ml7nTNQbh1YlS"},"_N$disabledSprite":{"__uuid__":"29FYIk+N1GYaeWH/q1NxQO"},"_N$target":{"__id__":43}}],"_prefab":{"__type__":"cc.PrefabInfo","root":{"__id__":1},"asset":{"__uuid__":"75Y4KO2alIHZwl24LNmH5N"},"fileId":"c7uvNLiOFF47WEAUo05sGx"},"_contentSize":{"__type__":"cc.Size","width":252,"height":94},"_position":{"__type__":"cc.Vec3","x":285,"y":-120},"_scale":{"__type__":"cc.Vec3","x":1,"y":1,"z":1}},{"__type__":"cc.Node","_name":"Label","_parent":{"__id__":43},"_components":[{"__type__":"cc.Label","node":{"__id__":44},"_srcBlendFactor":1,"_useOriginalSize":false,"_string":"选   择","_N$string":"选   择","_lineHeight":45,"_enableWrapText":false,"_N$file":{"__uuid__":"7ayuTvAx5NSIJwUPtdCD7i"},"_isSystemFontUsed":false,"_N$horizontalAlign":1,"_N$verticalAlign":1},{"__type__":"cc.LabelOutline","node":{"__id__":44},"_color":{"__type__":"cc.Color","r":30,"g":8,"b":5},"_width":3}],"_prefab":{"__type__":"cc.PrefabInfo","root":{"__id__":1},"asset":{"__uuid__":"75Y4KO2alIHZwl24LNmH5N"},"fileId":"18KLC+9HRGvIuaJBo+x4q0"},"_contentSize":{"__type__":"cc.Size","width":146,"height":45},"_scale":{"__type__":"cc.Vec3","x":1,"y":1,"z":1}},{"__type__":"cc.Node","_name":"DetailBG","_parent":{"__id__":29},"_children":[{"__id__":46}],"_level":4,"_components":[{"__type__":"cc.Sprite","node":{"__id__":45},"_spriteFrame":{"__uuid__":"7bn7+/6hhLVLXUI9RIakGR"},"_sizeMode":0}],"_prefab":{"__type__":"cc.PrefabInfo","root":{"__id__":1},"asset":{"__uuid__":"75Y4KO2alIHZwl24LNmH5N"},"fileId":"5f7TaCIixKGp61ldjouWwB"},"_contentSize":{"__type__":"cc.Size","width":560,"height":210},"_position":{"__type__":"cc.Vec3","x":139,"y":-324},"_scale":{"__type__":"cc.Vec3","x":1,"y":1,"z":1}},{"__type__":"cc.Node","_name":"word","_parent":{"__id__":45},"_level":5,"_components":[{"__type__":"cc.Label","node":{"__id__":46},"_srcBlendFactor":1,"_useOriginalSize":false,"_string":"    奥加特尔大陆第一大贵族——格里芬家族的大小姐，生性豪迈，喜欢新奇事物。\n    自从听到首席猎宝人莱斯利的传说后，便对猎宝生活产生了无限遐想。\n    16岁那年，家里欲安排她与王室的长子特纳联姻，以此来巩固家族在奥加特尔大陆的地位。不甘屈服于命运的妮露，在结婚前夕从王城逃离，并遇到乔伊斯。在乔伊斯的鼓励下，妮露正式开启猎宝生涯。","_N$string":"    奥加特尔大陆第一大贵族——格里芬家族的大小姐，生性豪迈，喜欢新奇事物。\n    自从听到首席猎宝人莱斯利的传说后，便对猎宝生活产生了无限遐想。\n    16岁那年，家里欲安排她与王室的长子特纳联姻，以此来巩固家族在奥加特尔大陆的地位。不甘屈服于命运的妮露，在结婚前夕从王城逃离，并遇到乔伊斯。在乔伊斯的鼓励下，妮露正式开启猎宝生涯。","_fontSize":23,"_lineHeight":25,"_N$file":{"__uuid__":"7ayuTvAx5NSIJwUPtdCD7i"},"_isSystemFontUsed":false,"_N$verticalAlign":1,"_N$overflow":3}],"_prefab":{"__type__":"cc.PrefabInfo","root":{"__id__":1},"asset":{"__uuid__":"75Y4KO2alIHZwl24LNmH5N"},"fileId":"46VGopO7hF4Lwnoj8pRbz7"},"_color":{"__type__":"cc.Color","r":87,"g":70,"b":43},"_contentSize":{"__type__":"cc.Size","width":529,"height":200},"_scale":{"__type__":"cc.Vec3","x":1,"y":1,"z":1}},{"__type__":"cc.Node","_name":"3","_parent":{"__id__":10},"_children":[{"__id__":48},{"__id__":49},{"__id__":51},{"__id__":56},{"__id__":61},{"__id__":63}],"_active":false,"_level":3,"_components":[{"__type__":"cc.Sprite","node":{"__id__":47},"_sizeMode":0}],"_prefab":{"__type__":"cc.PrefabInfo","root":{"__id__":1},"asset":{"__uuid__":"75Y4KO2alIHZwl24LNmH5N"},"fileId":"291m+IsVFBLoZyDzEldoeD"},"_contentSize":{"__type__":"cc.Size","width":272,"height":377},"_position":{"__type__":"cc.Vec3","x":10,"y":46},"_scale":{"__type__":"cc.Vec3","x":1,"y":1,"z":1}},{"__type__":"cc.Node","_name":"spine","_parent":{"__id__":47},"_level":4,"_components":[{"__type__":"sp.Skeleton","node":{"__id__":48},"defaultAnimation":"Stand","_N$skeletonData":{"__uuid__":"b9vUwaQSlAdosdFuTDqdAP"}}],"_prefab":{"__type__":"cc.PrefabInfo","root":{"__id__":1},"asset":{"__uuid__":"75Y4KO2alIHZwl24LNmH5N"},"fileId":"34fMcus1BJsa2rcLIp1cWm"},"_contentSize":{"__type__":"cc.Size","width":1500,"height":992},"_position":{"__type__":"cc.Vec3","y":-140},"_scale":{"__type__":"cc.Vec3","x":1.6,"y":1.6,"z":1}},{"__type__":"cc.Node","_name":"nameBG","_parent":{"__id__":47},"_children":[{"__id__":50}],"_level":4,"_components":[{"__type__":"cc.Sprite","node":{"__id__":49},"_spriteFrame":{"__uuid__":"27DE9rBOdH94FPjp6Va08Q"}}],"_prefab":{"__type__":"cc.PrefabInfo","root":{"__id__":1},"asset":{"__uuid__":"75Y4KO2alIHZwl24LNmH5N"},"fileId":"80XF7jSuZI44ou9dpT7gAV"},"_contentSize":{"__type__":"cc.Size","width":205,"height":55},"_position":{"__type__":"cc.Vec3","x":255,"y":174},"_scale":{"__type__":"cc.Vec3","x":1,"y":1,"z":1}},{"__type__":"cc.Node","_name":"name","_parent":{"__id__":49},"_level":5,"_components":[{"__type__":"cc.Label","node":{"__id__":50},"_srcBlendFactor":1,"_useOriginalSize":false,"_string":"Tyrant","_N$string":"Tyrant","_fontSize":30,"_lineHeight":35,"_N$file":{"__uuid__":"7ayuTvAx5NSIJwUPtdCD7i"},"_isSystemFontUsed":false,"_N$horizontalAlign":1,"_N$verticalAlign":1}],"_prefab":{"__type__":"cc.PrefabInfo","root":{"__id__":1},"asset":{"__uuid__":"75Y4KO2alIHZwl24LNmH5N"},"fileId":"f8fcLmD/hFz4P64PBvPuC9"},"_color":{"__type__":"cc.Color","r":129,"g":74,"b":11},"_contentSize":{"__type__":"cc.Size","width":112.5,"height":35},"_scale":{"__type__":"cc.Vec3","x":1,"y":1,"z":1}},{"__type__":"cc.Node","_name":"speed","_parent":{"__id__":47},"_children":[{"__id__":52},{"__id__":54},{"__id__":55}],"_level":4,"_components":[{"__type__":"cc.Sprite","node":{"__id__":51},"_spriteFrame":{"__uuid__":"76OK2xqBZAGrIGAUBsmujR"},"_type":1,"_sizeMode":0},{"__type__":"cc.ProgressBar","node":{"__id__":51},"_N$totalLength":242,"_N$barSprite":{"__id__":53},"_N$progress":0.5}],"_prefab":{"__type__":"cc.PrefabInfo","root":{"__id__":1},"asset":{"__uuid__":"75Y4KO2alIHZwl24LNmH5N"},"fileId":"859dVW4NlPMJ5Zlk7RV6KJ"},"_contentSize":{"__type__":"cc.Size","width":242,"height":32},"_position":{"__type__":"cc.Vec3","x":279,"y":97},"_scale":{"__type__":"cc.Vec3","x":1,"y":1,"z":1}},{"__type__":"cc.Node","_name":"bar","_parent":{"__id__":51},"_components":[{"__id__":53}],"_prefab":{"__type__":"cc.PrefabInfo","root":{"__id__":1},"asset":{"__uuid__":"75Y4KO2alIHZwl24LNmH5N"},"fileId":"d4LDNFSW1CApk7dpuQsrif"},"_contentSize":{"__type__":"cc.Size","width":121,"height":32},"_anchorPoint":{"__type__":"cc.Vec2","y":0.5},"_position":{"__type__":"cc.Vec3","x":-121},"_scale":{"__type__":"cc.Vec3","x":1,"y":1,"z":1}},{"__type__":"cc.Sprite","node":{"__id__":52},"_spriteFrame":{"__uuid__":"bdvNICzDdG0ZJUouw+qlw9"},"_type":1,"_sizeMode":0},{"__type__":"cc.Node","_name":"name","_parent":{"__id__":51},"_level":5,"_components":[{"__type__":"cc.Label","node":{"__id__":54},"_srcBlendFactor":1,"_useOriginalSize":false,"_string":"移动速度","_N$string":"移动速度","_fontSize":23,"_lineHeight":25,"_N$file":{"__uuid__":"7ayuTvAx5NSIJwUPtdCD7i"},"_isSystemFontUsed":false,"_N$horizontalAlign":1,"_N$verticalAlign":1}],"_prefab":{"__type__":"cc.PrefabInfo","root":{"__id__":1},"asset":{"__uuid__":"75Y4KO2alIHZwl24LNmH5N"},"fileId":"79H+FDA5JD8ZGva+DHNLM1"},"_color":{"__type__":"cc.Color","r":87,"g":83,"b":59},"_contentSize":{"__type__":"cc.Size","width":92,"height":25},"_position":{"__type__":"cc.Vec3","x":-72,"y":30},"_scale":{"__type__":"cc.Vec3","x":1,"y":1,"z":1}},{"__type__":"cc.Node","_name":"percent","_parent":{"__id__":51},"_level":5,"_components":[{"__type__":"cc.Label","node":{"__id__":55},"_srcBlendFactor":1,"_useOriginalSize":false,"_string":"50%","_N$string":"50%","_fontSize":22,"_lineHeight":25,"_N$file":{"__uuid__":"7ayuTvAx5NSIJwUPtdCD7i"},"_isSystemFontUsed":false,"_N$horizontalAlign":1,"_N$verticalAlign":1},{"__type__":"cc.LabelOutline","node":{"__id__":55},"_color":{"__type__":"cc.Color","r":30,"g":8,"b":5},"_width":3}],"_prefab":{"__type__":"cc.PrefabInfo","root":{"__id__":1},"asset":{"__uuid__":"75Y4KO2alIHZwl24LNmH5N"},"fileId":"53FXFwATNBGo5T5CLHwae1"},"_contentSize":{"__type__":"cc.Size","width":62.2,"height":25},"_anchorPoint":{"__type__":"cc.Vec2","x":1,"y":0.5},"_position":{"__type__":"cc.Vec3","x":115},"_scale":{"__type__":"cc.Vec3","x":1,"y":1,"z":1}},{"__type__":"cc.Node","_name":"reset","_parent":{"__id__":47},"_children":[{"__id__":57},{"__id__":59},{"__id__":60}],"_level":4,"_components":[{"__type__":"cc.Sprite","node":{"__id__":56},"_spriteFrame":{"__uuid__":"76OK2xqBZAGrIGAUBsmujR"},"_type":1,"_sizeMode":0},{"__type__":"cc.ProgressBar","node":{"__id__":56},"_N$totalLength":242,"_N$barSprite":{"__id__":58},"_N$progress":0.5}],"_prefab":{"__type__":"cc.PrefabInfo","root":{"__id__":1},"asset":{"__uuid__":"75Y4KO2alIHZwl24LNmH5N"},"fileId":"30zf8/p5BA5pMYFUAT1j1X"},"_contentSize":{"__type__":"cc.Size","width":242,"height":32},"_position":{"__type__":"cc.Vec3","x":279,"y":24.8},"_scale":{"__type__":"cc.Vec3","x":1,"y":1,"z":1}},{"__type__":"cc.Node","_name":"bar","_parent":{"__id__":56},"_components":[{"__id__":58}],"_prefab":{"__type__":"cc.PrefabInfo","root":{"__id__":1},"asset":{"__uuid__":"75Y4KO2alIHZwl24LNmH5N"},"fileId":"0fqyfloYtOY4NnPX/QqM5E"},"_contentSize":{"__type__":"cc.Size","width":121,"height":32},"_anchorPoint":{"__type__":"cc.Vec2","y":0.5},"_position":{"__type__":"cc.Vec3","x":-121},"_scale":{"__type__":"cc.Vec3","x":1,"y":1,"z":1}},{"__type__":"cc.Sprite","node":{"__id__":57},"_spriteFrame":{"__uuid__":"07lYlpolxGd5wtamZ+0n7w"},"_type":1,"_sizeMode":0},{"__type__":"cc.Node","_name":"name","_parent":{"__id__":56},"_level":5,"_components":[{"__type__":"cc.Label","node":{"__id__":59},"_srcBlendFactor":1,"_useOriginalSize":false,"_string":"恢复速度","_N$string":"恢复速度","_fontSize":23,"_lineHeight":25,"_N$file":{"__uuid__":"7ayuTvAx5NSIJwUPtdCD7i"},"_isSystemFontUsed":false,"_N$horizontalAlign":1,"_N$verticalAlign":1}],"_prefab":{"__type__":"cc.PrefabInfo","root":{"__id__":1},"asset":{"__uuid__":"75Y4KO2alIHZwl24LNmH5N"},"fileId":"6141pblFxJW7fOjQUTLKUa"},"_color":{"__type__":"cc.Color","r":87,"g":83,"b":59},"_contentSize":{"__type__":"cc.Size","width":92,"height":25},"_position":{"__type__":"cc.Vec3","x":-72,"y":30},"_scale":{"__type__":"cc.Vec3","x":1,"y":1,"z":1}},{"__type__":"cc.Node","_name":"percent","_parent":{"__id__":56},"_level":5,"_components":[{"__type__":"cc.Label","node":{"__id__":60},"_srcBlendFactor":1,"_useOriginalSize":false,"_string":"50%","_N$string":"50%","_fontSize":22,"_lineHeight":25,"_N$file":{"__uuid__":"7ayuTvAx5NSIJwUPtdCD7i"},"_isSystemFontUsed":false,"_N$horizontalAlign":1,"_N$verticalAlign":1},{"__type__":"cc.LabelOutline","node":{"__id__":60},"_color":{"__type__":"cc.Color","r":30,"g":8,"b":5},"_width":3}],"_prefab":{"__type__":"cc.PrefabInfo","root":{"__id__":1},"asset":{"__uuid__":"75Y4KO2alIHZwl24LNmH5N"},"fileId":"d2OXE3IIdHaJc1bhzkEdgT"},"_contentSize":{"__type__":"cc.Size","width":62.2,"height":25},"_anchorPoint":{"__type__":"cc.Vec2","x":1,"y":0.5},"_position":{"__type__":"cc.Vec3","x":115},"_scale":{"__type__":"cc.Vec3","x":1,"y":1,"z":1}},{"__type__":"cc.Node","_name":"ChoiceBtn","_parent":{"__id__":47},"_children":[{"__id__":62}],"_level":4,"_components":[{"__type__":"cc.Sprite","node":{"__id__":61},"_spriteFrame":{"__uuid__":"bfh5zPFBtItoEk+H3aUbx3"},"_type":1},{"__type__":"cc.Button","node":{"__id__":61},"zoomScale":1.1,"clickEvents":[{"__type__":"cc.ClickEvent","target":{"__id__":1},"_componentId":"e07f9s+IYxDeLipaiTPmVt2","handler":"onClickComfire"}],"_N$transition":3,"transition":3,"_N$normalColor":{"__type__":"cc.Color","r":255,"g":255,"b":255},"_N$pressedColor":{"__type__":"cc.Color","r":255,"g":255,"b":255},"pressedColor":{"__type__":"cc.Color","r":255,"g":255,"b":255},"_N$disabledColor":{"__type__":"cc.Color","r":255,"g":255,"b":255},"_N$normalSprite":{"__uuid__":"f0BIwQ8D5Ml7nTNQbh1YlS"},"_N$pressedSprite":{"__uuid__":"e97GVMl6JHh5Ml5qEDdSGa"},"pressedSprite":{"__uuid__":"e97GVMl6JHh5Ml5qEDdSGa"},"_N$hoverSprite":{"__uuid__":"f0BIwQ8D5Ml7nTNQbh1YlS"},"hoverSprite":{"__uuid__":"f0BIwQ8D5Ml7nTNQbh1YlS"},"_N$disabledSprite":{"__uuid__":"29FYIk+N1GYaeWH/q1NxQO"},"_N$target":{"__id__":61}}],"_prefab":{"__type__":"cc.PrefabInfo","root":{"__id__":1},"asset":{"__uuid__":"75Y4KO2alIHZwl24LNmH5N"},"fileId":"fd/HTdjB9Ez4h0DPOLCQct"},"_contentSize":{"__type__":"cc.Size","width":252,"height":94},"_position":{"__type__":"cc.Vec3","x":285,"y":-120},"_scale":{"__type__":"cc.Vec3","x":1,"y":1,"z":1}},{"__type__":"cc.Node","_name":"Label","_parent":{"__id__":61},"_components":[{"__type__":"cc.Label","node":{"__id__":62},"_srcBlendFactor":1,"_useOriginalSize":false,"_string":"选   择","_N$string":"选   择","_lineHeight":45,"_enableWrapText":false,"_N$file":{"__uuid__":"7ayuTvAx5NSIJwUPtdCD7i"},"_isSystemFontUsed":false,"_N$horizontalAlign":1,"_N$verticalAlign":1},{"__type__":"cc.LabelOutline","node":{"__id__":62},"_color":{"__type__":"cc.Color","r":30,"g":8,"b":5},"_width":3}],"_prefab":{"__type__":"cc.PrefabInfo","root":{"__id__":1},"asset":{"__uuid__":"75Y4KO2alIHZwl24LNmH5N"},"fileId":"b8a5glU7VABafpq+Hiquo4"},"_contentSize":{"__type__":"cc.Size","width":146,"height":45},"_scale":{"__type__":"cc.Vec3","x":1,"y":1,"z":1}},{"__type__":"cc.Node","_name":"DetailBG","_parent":{"__id__":47},"_children":[{"__id__":64}],"_level":4,"_components":[{"__type__":"cc.Sprite","node":{"__id__":63},"_spriteFrame":{"__uuid__":"7bn7+/6hhLVLXUI9RIakGR"},"_sizeMode":0}],"_prefab":{"__type__":"cc.PrefabInfo","root":{"__id__":1},"asset":{"__uuid__":"75Y4KO2alIHZwl24LNmH5N"},"fileId":"75w7sV5+hAzblDeScbkPwx"},"_contentSize":{"__type__":"cc.Size","width":560,"height":210},"_position":{"__type__":"cc.Vec3","x":139,"y":-324},"_scale":{"__type__":"cc.Vec3","x":1,"y":1,"z":1}},{"__type__":"cc.Node","_name":"word","_parent":{"__id__":63},"_level":5,"_components":[{"__type__":"cc.Label","node":{"__id__":64},"_srcBlendFactor":1,"_useOriginalSize":false,"_string":"    原本是路特戈登的精英猎宝人，因为朋友的背叛而伤了右手。无法持剑的他被路特戈登扫地出门，从此沉沦，成为天天买醉的流浪汉。\n    直到有一天，他遇到了组队猎宝的乔伊斯和妮露，在两人的开导下，泰恩特重拾信心。在以往猎宝经验的加持下，他逐渐成为小队的战术和精神领袖。\n    自此，泰恩特彻底从过去的阴影中走了出来。","_N$string":"    原本是路特戈登的精英猎宝人，因为朋友的背叛而伤了右手。无法持剑的他被路特戈登扫地出门，从此沉沦，成为天天买醉的流浪汉。\n    直到有一天，他遇到了组队猎宝的乔伊斯和妮露，在两人的开导下，泰恩特重拾信心。在以往猎宝经验的加持下，他逐渐成为小队的战术和精神领袖。\n    自此，泰恩特彻底从过去的阴影中走了出来。","_fontSize":23,"_lineHeight":25,"_N$file":{"__uuid__":"7ayuTvAx5NSIJwUPtdCD7i"},"_isSystemFontUsed":false,"_N$verticalAlign":1,"_N$overflow":3}],"_prefab":{"__type__":"cc.PrefabInfo","root":{"__id__":1},"asset":{"__uuid__":"75Y4KO2alIHZwl24LNmH5N"},"fileId":"4fBvKkqklC3JWutRoTSKp9"},"_color":{"__type__":"cc.Color","r":87,"g":70,"b":43},"_contentSize":{"__type__":"cc.Size","width":529,"height":175},"_scale":{"__type__":"cc.Vec3","x":1,"y":1,"z":1}},{"__type__":"cc.Node","_name":"RoleList","_parent":{"__id__":3},"_children":[{"__id__":66}],"_level":3,"_components":[{"__type__":"cc.Sprite","node":{"__id__":65},"_spriteFrame":{"__uuid__":"d1LsoBNMtOG7HHzm4v0zwl"},"_type":1,"_sizeMode":0},{"__type__":"cc.ScrollView","node":{"__id__":65},"vertical":false,"brake":0.75,"bounceDuration":0.23,"_N$content":{"__id__":67},"content":{"__id__":67},"_N$horizontalScrollBar":null,"_N$verticalScrollBar":null}],"_prefab":{"__type__":"cc.PrefabInfo","root":{"__id__":1},"asset":{"__uuid__":"75Y4KO2alIHZwl24LNmH5N"},"fileId":"127b4ve6BKo5IoNfah7m7y"},"_contentSize":{"__type__":"cc.Size","width":560,"height":148},"_anchorPoint":{"__type__":"cc.Vec2","y":0.5},"_position":{"__type__":"cc.Vec3","x":-288,"y":-343},"_scale":{"__type__":"cc.Vec3","x":1,"y":1,"z":1}},{"__type__":"cc.Node","_name":"view","_parent":{"__id__":65},"_children":[{"__id__":67}],"_components":[{"__type__":"cc.Mask","node":{"__id__":66}}],"_prefab":{"__type__":"cc.PrefabInfo","root":{"__id__":1},"asset":{"__uuid__":"75Y4KO2alIHZwl24LNmH5N"},"fileId":"19XKineERAW780uldgFB+G"},"_contentSize":{"__type__":"cc.Size","width":563,"height":143},"_anchorPoint":{"__type__":"cc.Vec2","y":0.5},"_scale":{"__type__":"cc.Vec3","x":1,"y":1,"z":1}},{"__type__":"cc.Node","_name":"content","_parent":{"__id__":66},"_children":[{"__id__":68},{"__id__":75},{"__id__":82}],"_components":[{"__type__":"cc.Layout","node":{"__id__":67},"_layoutSize":{"__type__":"cc.Size","width":556,"height":143},"_resize":1,"_N$layoutType":1,"_N$spacingX":8}],"_prefab":{"__type__":"cc.PrefabInfo","root":{"__id__":1},"asset":{"__uuid__":"75Y4KO2alIHZwl24LNmH5N"},"fileId":"c1Lxta5nlKpbtYP1xG933w"},"_contentSize":{"__type__":"cc.Size","width":556,"height":143},"_anchorPoint":{"__type__":"cc.Vec2","y":0.5},"_scale":{"__type__":"cc.Vec3","x":1,"y":1,"z":1}},{"__type__":"cc.Node","_name":"1","_parent":{"__id__":67},"_children":[{"__id__":69},{"__id__":70},{"__id__":71},{"__id__":72},{"__id__":74}],"_level":1,"_components":[{"__type__":"cc.Button","node":{"__id__":68},"zoomScale":0.9,"clickEvents":[{"__type__":"cc.ClickEvent","target":{"__id__":1},"_componentId":"e07f9s+IYxDeLipaiTPmVt2","handler":"onClickChoiceList"}],"_N$normalColor":{"__type__":"cc.Color","r":255,"g":255,"b":255},"_N$pressedColor":{"__type__":"cc.Color","r":255,"g":255,"b":255},"pressedColor":{"__type__":"cc.Color","r":255,"g":255,"b":255},"_N$disabledColor":{"__type__":"cc.Color","r":255,"g":255,"b":255},"_N$pressedSprite":{"__uuid__":"e97GVMl6JHh5Ml5qEDdSGa"},"pressedSprite":{"__uuid__":"e97GVMl6JHh5Ml5qEDdSGa"},"_N$hoverSprite":{"__uuid__":"f0BIwQ8D5Ml7nTNQbh1YlS"},"hoverSprite":{"__uuid__":"f0BIwQ8D5Ml7nTNQbh1YlS"},"_N$disabledSprite":{"__uuid__":"29FYIk+N1GYaeWH/q1NxQO"},"_N$target":{"__id__":68}}],"_prefab":{"__type__":"cc.PrefabInfo","root":{"__id__":1},"asset":{"__uuid__":"75Y4KO2alIHZwl24LNmH5N"},"fileId":"49V9cQYUdF6bWjBj83C/rF"},"_contentSize":{"__type__":"cc.Size","width":180,"height":140},"_anchorPoint":{"__type__":"cc.Vec2","y":0.5},"_scale":{"__type__":"cc.Vec3","x":1,"y":1,"z":1}},{"__type__":"cc.Node","_name":"normal","_parent":{"__id__":68},"_level":2,"_components":[{"__type__":"cc.Sprite","node":{"__id__":69},"_spriteFrame":{"__uuid__":"e89GZ9m2JIKZZCzFbXYUsO"}}],"_prefab":{"__type__":"cc.PrefabInfo","root":{"__id__":1},"asset":{"__uuid__":"75Y4KO2alIHZwl24LNmH5N"},"fileId":"ddX9L1kEZJ9Zq+WSgO0MbB"},"_contentSize":{"__type__":"cc.Size","width":171,"height":128},"_position":{"__type__":"cc.Vec3","x":91},"_scale":{"__type__":"cc.Vec3","x":1,"y":1,"z":1}},{"__type__":"cc.Node","_name":"select","_parent":{"__id__":68},"_active":false,"_level":2,"_components":[{"__type__":"cc.Sprite","node":{"__id__":70},"_spriteFrame":{"__uuid__":"b7inISGthPpZAxC2BCaEsu"}}],"_prefab":{"__type__":"cc.PrefabInfo","root":{"__id__":1},"asset":{"__uuid__":"75Y4KO2alIHZwl24LNmH5N"},"fileId":"24vXzuOhtCzr5yQuGJIqUA"},"_contentSize":{"__type__":"cc.Size","width":182,"height":137},"_position":{"__type__":"cc.Vec3","x":91},"_scale":{"__type__":"cc.Vec3","x":1,"y":1,"z":1}},{"__type__":"cc.Node","_name":"Spr","_parent":{"__id__":68},"_level":2,"_components":[{"__type__":"cc.Sprite","node":{"__id__":71},"_spriteFrame":{"__uuid__":"bfgf00ZY9CiYuuA6bWKxN8"}}],"_prefab":{"__type__":"cc.PrefabInfo","root":{"__id__":1},"asset":{"__uuid__":"75Y4KO2alIHZwl24LNmH5N"},"fileId":"5fGeqMlE9B5pDUGCZvNVks"},"_contentSize":{"__type__":"cc.Size","width":144,"height":110},"_anchorPoint":{"__type__":"cc.Vec2","y":0.5},"_position":{"__type__":"cc.Vec3","x":16,"y":2},"_scale":{"__type__":"cc.Vec3","x":1,"y":1,"z":1}},{"__type__":"cc.Node","_name":"SprNot","_parent":{"__id__":68},"_children":[{"__id__":73}],"_active":false,"_level":2,"_components":[{"__type__":"cc.Sprite","node":{"__id__":72},"_spriteFrame":{"__uuid__":"9fCMOXyohGxpgO+A14lMgu"}}],"_prefab":{"__type__":"cc.PrefabInfo","root":{"__id__":1},"asset":{"__uuid__":"75Y4KO2alIHZwl24LNmH5N"},"fileId":"65IuueBtRKs7q8N9z/SAIW"},"_contentSize":{"__type__":"cc.Size","width":171,"height":128},"_anchorPoint":{"__type__":"cc.Vec2","y":0.5},"_position":{"__type__":"cc.Vec3","x":4},"_scale":{"__type__":"cc.Vec3","x":1,"y":1,"z":1}},{"__type__":"cc.Node","_name":"spr","_parent":{"__id__":72},"_level":3,"_components":[{"__type__":"cc.Sprite","node":{"__id__":73},"_spriteFrame":{"__uuid__":"0asu1nLBpOAIx2CYiouqsF"},"_sizeMode":0}],"_prefab":{"__type__":"cc.PrefabInfo","root":{"__id__":1},"asset":{"__uuid__":"75Y4KO2alIHZwl24LNmH5N"},"fileId":"e8MOD0FzBJW72a1ddniMuW"},"_contentSize":{"__type__":"cc.Size","width":144,"height":110},"_anchorPoint":{"__type__":"cc.Vec2","y":0.5},"_position":{"__type__":"cc.Vec3","x":12,"y":2},"_scale":{"__type__":"cc.Vec3","x":1,"y":1,"z":1}},{"__type__":"cc.Node","_name":"Label","_parent":{"__id__":68},"_level":2,"_components":[{"__type__":"cc.Label","node":{"__id__":74},"_srcBlendFactor":1,"_fontSize":25,"_lineHeight":30,"_N$file":{"__uuid__":"7ayuTvAx5NSIJwUPtdCD7i"},"_isSystemFontUsed":false,"_N$horizontalAlign":1,"_N$verticalAlign":1},{"__type__":"cc.LabelOutline","node":{"__id__":74},"_color":{"__type__":"cc.Color","r":30,"g":8,"b":5},"_width":3}],"_prefab":{"__type__":"cc.PrefabInfo","root":{"__id__":1},"asset":{"__uuid__":"75Y4KO2alIHZwl24LNmH5N"},"fileId":"37WGA+RAFDTY0Tkg4P7zrc"},"_color":{"__type__":"cc.Color","r":241,"g":191,"b":39},"_contentSize":{"__type__":"cc.Size","width":6,"height":30},"_anchorPoint":{"__type__":"cc.Vec2","x":1,"y":0.5},"_position":{"__type__":"cc.Vec3","x":165,"y":-40},"_scale":{"__type__":"cc.Vec3","x":1,"y":1,"z":1}},{"__type__":"cc.Node","_name":"2","_parent":{"__id__":67},"_children":[{"__id__":76},{"__id__":77},{"__id__":78},{"__id__":79},{"__id__":81}],"_level":1,"_components":[{"__type__":"cc.Button","node":{"__id__":75},"clickEvents":[{"__type__":"cc.ClickEvent","target":{"__id__":1},"_componentId":"e07f9s+IYxDeLipaiTPmVt2","handler":"onClickChoiceList"}],"_N$normalColor":{"__type__":"cc.Color","r":255,"g":255,"b":255},"_N$pressedColor":{"__type__":"cc.Color","r":255,"g":255,"b":255},"pressedColor":{"__type__":"cc.Color","r":255,"g":255,"b":255},"_N$disabledColor":{"__type__":"cc.Color","r":255,"g":255,"b":255},"_N$pressedSprite":{"__uuid__":"e97GVMl6JHh5Ml5qEDdSGa"},"pressedSprite":{"__uuid__":"e97GVMl6JHh5Ml5qEDdSGa"},"_N$hoverSprite":{"__uuid__":"f0BIwQ8D5Ml7nTNQbh1YlS"},"hoverSprite":{"__uuid__":"f0BIwQ8D5Ml7nTNQbh1YlS"},"_N$disabledSprite":{"__uuid__":"29FYIk+N1GYaeWH/q1NxQO"},"_N$target":{"__id__":75}}],"_prefab":{"__type__":"cc.PrefabInfo","root":{"__id__":1},"asset":{"__uuid__":"75Y4KO2alIHZwl24LNmH5N"},"fileId":"a4BgH2UH5Mt4zy6b/vNvIN"},"_contentSize":{"__type__":"cc.Size","width":180,"height":140},"_anchorPoint":{"__type__":"cc.Vec2","y":0.5},"_position":{"__type__":"cc.Vec3","x":188},"_scale":{"__type__":"cc.Vec3","x":1,"y":1,"z":1}},{"__type__":"cc.Node","_name":"normal","_parent":{"__id__":75},"_level":2,"_components":[{"__type__":"cc.Sprite","node":{"__id__":76},"_spriteFrame":{"__uuid__":"e89GZ9m2JIKZZCzFbXYUsO"}}],"_prefab":{"__type__":"cc.PrefabInfo","root":{"__id__":1},"asset":{"__uuid__":"75Y4KO2alIHZwl24LNmH5N"},"fileId":"dfJgJ7E+1ARL/nrzwncGFV"},"_contentSize":{"__type__":"cc.Size","width":171,"height":128},"_position":{"__type__":"cc.Vec3","x":91},"_scale":{"__type__":"cc.Vec3","x":1,"y":1,"z":1}},{"__type__":"cc.Node","_name":"select","_parent":{"__id__":75},"_active":false,"_level":2,"_components":[{"__type__":"cc.Sprite","node":{"__id__":77},"_spriteFrame":{"__uuid__":"b7inISGthPpZAxC2BCaEsu"}}],"_prefab":{"__type__":"cc.PrefabInfo","root":{"__id__":1},"asset":{"__uuid__":"75Y4KO2alIHZwl24LNmH5N"},"fileId":"1aWcQvEfBBRJ0N6T0fBgBx"},"_contentSize":{"__type__":"cc.Size","width":182,"height":137},"_position":{"__type__":"cc.Vec3","x":91},"_scale":{"__type__":"cc.Vec3","x":1,"y":1,"z":1}},{"__type__":"cc.Node","_name":"Spr","_parent":{"__id__":75},"_level":2,"_components":[{"__type__":"cc.Sprite","node":{"__id__":78},"_spriteFrame":{"__uuid__":"4fZE6lZElIVaJH2shNpWJf"}}],"_prefab":{"__type__":"cc.PrefabInfo","root":{"__id__":1},"asset":{"__uuid__":"75Y4KO2alIHZwl24LNmH5N"},"fileId":"4cUxI8tOJPBrL4ENOFwRbW"},"_contentSize":{"__type__":"cc.Size","width":139,"height":110},"_anchorPoint":{"__type__":"cc.Vec2","y":0.5},"_position":{"__type__":"cc.Vec3","x":16,"y":2},"_scale":{"__type__":"cc.Vec3","x":1,"y":1,"z":1}},{"__type__":"cc.Node","_name":"SprNot","_parent":{"__id__":75},"_children":[{"__id__":80}],"_active":false,"_level":2,"_components":[{"__type__":"cc.Sprite","node":{"__id__":79},"_spriteFrame":{"__uuid__":"9fCMOXyohGxpgO+A14lMgu"}}],"_prefab":{"__type__":"cc.PrefabInfo","root":{"__id__":1},"asset":{"__uuid__":"75Y4KO2alIHZwl24LNmH5N"},"fileId":"1fma0IftBNOrfVUa7JK4Lr"},"_contentSize":{"__type__":"cc.Size","width":171,"height":128},"_anchorPoint":{"__type__":"cc.Vec2","y":0.5},"_position":{"__type__":"cc.Vec3","x":5},"_scale":{"__type__":"cc.Vec3","x":1,"y":1,"z":1}},{"__type__":"cc.Node","_name":"spr","_parent":{"__id__":79},"_level":3,"_components":[{"__type__":"cc.Sprite","node":{"__id__":80},"_spriteFrame":{"__uuid__":"a93zPnTVtOyrConb4aBHM0"},"_sizeMode":0}],"_prefab":{"__type__":"cc.PrefabInfo","root":{"__id__":1},"asset":{"__uuid__":"75Y4KO2alIHZwl24LNmH5N"},"fileId":"48DgrwolNEZJEY42Nu9RKa"},"_contentSize":{"__type__":"cc.Size","width":139,"height":110},"_anchorPoint":{"__type__":"cc.Vec2","y":0.5},"_position":{"__type__":"cc.Vec3","x":11,"y":2},"_scale":{"__type__":"cc.Vec3","x":1,"y":1,"z":1}},{"__type__":"cc.Node","_name":"Label","_parent":{"__id__":75},"_level":2,"_components":[{"__type__":"cc.Label","node":{"__id__":81},"_srcBlendFactor":1,"_fontSize":25,"_lineHeight":30,"_N$file":{"__uuid__":"7ayuTvAx5NSIJwUPtdCD7i"},"_isSystemFontUsed":false,"_N$horizontalAlign":1,"_N$verticalAlign":1},{"__type__":"cc.LabelOutline","node":{"__id__":81},"_color":{"__type__":"cc.Color","r":30,"g":8,"b":5},"_width":3}],"_prefab":{"__type__":"cc.PrefabInfo","root":{"__id__":1},"asset":{"__uuid__":"75Y4KO2alIHZwl24LNmH5N"},"fileId":"19wgERz6BM44d/VC0UlW7B"},"_color":{"__type__":"cc.Color","r":241,"g":191,"b":39},"_contentSize":{"__type__":"cc.Size","width":6,"height":30},"_anchorPoint":{"__type__":"cc.Vec2","x":1,"y":0.5},"_position":{"__type__":"cc.Vec3","x":165,"y":-40},"_scale":{"__type__":"cc.Vec3","x":1,"y":1,"z":1}},{"__type__":"cc.Node","_name":"3","_parent":{"__id__":67},"_children":[{"__id__":83},{"__id__":84},{"__id__":85},{"__id__":86},{"__id__":88}],"_level":1,"_components":[{"__type__":"cc.Button","node":{"__id__":82},"clickEvents":[{"__type__":"cc.ClickEvent","target":{"__id__":1},"_componentId":"e07f9s+IYxDeLipaiTPmVt2","handler":"onClickChoiceList"}],"_N$normalColor":{"__type__":"cc.Color","r":255,"g":255,"b":255},"_N$pressedColor":{"__type__":"cc.Color","r":255,"g":255,"b":255},"pressedColor":{"__type__":"cc.Color","r":255,"g":255,"b":255},"_N$disabledColor":{"__type__":"cc.Color","r":255,"g":255,"b":255},"_N$pressedSprite":{"__uuid__":"e97GVMl6JHh5Ml5qEDdSGa"},"pressedSprite":{"__uuid__":"e97GVMl6JHh5Ml5qEDdSGa"},"_N$hoverSprite":{"__uuid__":"f0BIwQ8D5Ml7nTNQbh1YlS"},"hoverSprite":{"__uuid__":"f0BIwQ8D5Ml7nTNQbh1YlS"},"_N$disabledSprite":{"__uuid__":"29FYIk+N1GYaeWH/q1NxQO"},"_N$target":{"__id__":82}}],"_prefab":{"__type__":"cc.PrefabInfo","root":{"__id__":1},"asset":{"__uuid__":"75Y4KO2alIHZwl24LNmH5N"},"fileId":"c2S3BQ5oFENZEjaCQcL2jo"},"_contentSize":{"__type__":"cc.Size","width":180,"height":140},"_anchorPoint":{"__type__":"cc.Vec2","y":0.5},"_position":{"__type__":"cc.Vec3","x":376},"_scale":{"__type__":"cc.Vec3","x":1,"y":1,"z":1}},{"__type__":"cc.Node","_name":"normal","_parent":{"__id__":82},"_level":2,"_components":[{"__type__":"cc.Sprite","node":{"__id__":83},"_spriteFrame":{"__uuid__":"e89GZ9m2JIKZZCzFbXYUsO"}}],"_prefab":{"__type__":"cc.PrefabInfo","root":{"__id__":1},"asset":{"__uuid__":"75Y4KO2alIHZwl24LNmH5N"},"fileId":"793rsw1MNBlr5Hc3O0CX7J"},"_contentSize":{"__type__":"cc.Size","width":171,"height":128},"_position":{"__type__":"cc.Vec3","x":91},"_scale":{"__type__":"cc.Vec3","x":1,"y":1,"z":1}},{"__type__":"cc.Node","_name":"select","_parent":{"__id__":82},"_active":false,"_level":2,"_components":[{"__type__":"cc.Sprite","node":{"__id__":84},"_spriteFrame":{"__uuid__":"b7inISGthPpZAxC2BCaEsu"}}],"_prefab":{"__type__":"cc.PrefabInfo","root":{"__id__":1},"asset":{"__uuid__":"75Y4KO2alIHZwl24LNmH5N"},"fileId":"d88BbQWY5AQ5X9XhagiHxu"},"_contentSize":{"__type__":"cc.Size","width":182,"height":137},"_position":{"__type__":"cc.Vec3","x":91},"_scale":{"__type__":"cc.Vec3","x":1,"y":1,"z":1}},{"__type__":"cc.Node","_name":"Spr","_parent":{"__id__":82},"_level":2,"_components":[{"__type__":"cc.Sprite","node":{"__id__":85},"_spriteFrame":{"__uuid__":"e22M7CVzJA8LTvHMJ9MpX+"}}],"_prefab":{"__type__":"cc.PrefabInfo","root":{"__id__":1},"asset":{"__uuid__":"75Y4KO2alIHZwl24LNmH5N"},"fileId":"12HqsJbZ5LW7Fwx1cnRwyA"},"_contentSize":{"__type__":"cc.Size","width":153,"height":110},"_anchorPoint":{"__type__":"cc.Vec2","y":0.5},"_position":{"__type__":"cc.Vec3","x":13,"y":2},"_scale":{"__type__":"cc.Vec3","x":1,"y":1,"z":1}},{"__type__":"cc.Node","_name":"SprNot","_parent":{"__id__":82},"_children":[{"__id__":87}],"_active":false,"_level":2,"_components":[{"__type__":"cc.Sprite","node":{"__id__":86},"_spriteFrame":{"__uuid__":"9fCMOXyohGxpgO+A14lMgu"}}],"_prefab":{"__type__":"cc.PrefabInfo","root":{"__id__":1},"asset":{"__uuid__":"75Y4KO2alIHZwl24LNmH5N"},"fileId":"af5ZFpIRdDiIr7VBQhMU0J"},"_contentSize":{"__type__":"cc.Size","width":171,"height":128},"_anchorPoint":{"__type__":"cc.Vec2","y":0.5},"_position":{"__type__":"cc.Vec3","x":5},"_scale":{"__type__":"cc.Vec3","x":1,"y":1,"z":1}},{"__type__":"cc.Node","_name":"spr","_parent":{"__id__":86},"_level":3,"_components":[{"__type__":"cc.Sprite","node":{"__id__":87},"_spriteFrame":{"__uuid__":"ceqjrD6QVMzajzvF2gI2L8"},"_sizeMode":0}],"_prefab":{"__type__":"cc.PrefabInfo","root":{"__id__":1},"asset":{"__uuid__":"75Y4KO2alIHZwl24LNmH5N"},"fileId":"bfIpZzgo5MvrWtGyM+/NJZ"},"_contentSize":{"__type__":"cc.Size","width":153,"height":110},"_anchorPoint":{"__type__":"cc.Vec2","y":0.5},"_position":{"__type__":"cc.Vec3","x":8,"y":2},"_scale":{"__type__":"cc.Vec3","x":1,"y":1,"z":1}},{"__type__":"cc.Node","_name":"Label","_parent":{"__id__":82},"_level":2,"_components":[{"__type__":"cc.Label","node":{"__id__":88},"_srcBlendFactor":1,"_fontSize":25,"_lineHeight":30,"_N$file":{"__uuid__":"7ayuTvAx5NSIJwUPtdCD7i"},"_isSystemFontUsed":false,"_N$horizontalAlign":1,"_N$verticalAlign":1},{"__type__":"cc.LabelOutline","node":{"__id__":88},"_color":{"__type__":"cc.Color","r":30,"g":8,"b":5},"_width":3}],"_prefab":{"__type__":"cc.PrefabInfo","root":{"__id__":1},"asset":{"__uuid__":"75Y4KO2alIHZwl24LNmH5N"},"fileId":"f5triePgZOwbOpEMIA2oD1"},"_color":{"__type__":"cc.Color","r":241,"g":191,"b":39},"_contentSize":{"__type__":"cc.Size","width":6,"height":30},"_anchorPoint":{"__type__":"cc.Vec2","x":1,"y":0.5},"_position":{"__type__":"cc.Vec3","x":165,"y":-40},"_scale":{"__type__":"cc.Vec3","x":1,"y":1,"z":1}},{"__type__":"cc.Node","_name":"Close","_parent":{"__id__":3},"_level":3,"_components":[{"__type__":"cc.Sprite","node":{"__id__":89},"_spriteFrame":{"__uuid__":"19RQ4sCm9DSZuY2virIq2R"},"_type":1,"_sizeMode":0},{"__type__":"cc.Button","node":{"__id__":89},"zoomScale":1.1,"clickEvents":[{"__type__":"cc.ClickEvent","target":{"__id__":1},"_componentId":"e07f9s+IYxDeLipaiTPmVt2","handler":"onClickClose"}],"_N$transition":3,"transition":3,"_N$normalColor":{"__type__":"cc.Color","r":255,"g":255,"b":255},"_N$pressedColor":{"__type__":"cc.Color","r":255,"g":255,"b":255},"pressedColor":{"__type__":"cc.Color","r":255,"g":255,"b":255},"_N$disabledColor":{"__type__":"cc.Color","r":255,"g":255,"b":255},"_N$normalSprite":{"__uuid__":"f0BIwQ8D5Ml7nTNQbh1YlS"},"_N$pressedSprite":{"__uuid__":"e97GVMl6JHh5Ml5qEDdSGa"},"pressedSprite":{"__uuid__":"e97GVMl6JHh5Ml5qEDdSGa"},"_N$hoverSprite":{"__uuid__":"f0BIwQ8D5Ml7nTNQbh1YlS"},"hoverSprite":{"__uuid__":"f0BIwQ8D5Ml7nTNQbh1YlS"},"_N$disabledSprite":{"__uuid__":"29FYIk+N1GYaeWH/q1NxQO"},"_N$target":{"__id__":89}}],"_prefab":{"__type__":"cc.PrefabInfo","root":{"__id__":1},"asset":{"__uuid__":"75Y4KO2alIHZwl24LNmH5N"},"fileId":"43uymeyk9EFLgoxKCgjsEa"},"_contentSize":{"__type__":"cc.Size","width":64,"height":64},"_position":{"__type__":"cc.Vec3","x":268,"y":424},"_scale":{"__type__":"cc.Vec3","x":1,"y":1,"z":1}}]