[{"__type__":"cc.Prefab","_name":"StagePart","data":{"__id__":1}},{"__type__":"cc.Node","_name":"StagePart","_children":[{"__id__":2},{"__id__":3}],"_level":1,"_prefab":{"__type__":"cc.PrefabInfo","root":{"__id__":1},"asset":{"__uuid__":"fc4uYjvwRBFIZb8IzaxBUZ"},"fileId":"48Nh6H65ZA4JlGrJgDl1+7"},"_contentSize":{"__type__":"cc.Size","width":750,"height":1334},"_position":{"__type__":"cc.Vec3","y":667},"_scale":{"__type__":"cc.Vec3","x":1,"y":1,"z":1}},{"__type__":"cc.Node","_name":"bg","_parent":{"__id__":1},"_level":4,"_components":[{"__type__":"cc.Sprite","node":{"__id__":2},"_spriteFrame":{"__uuid__":"d54zesWzdIaIe6hE+6zWpY"},"_sizeMode":0}],"_prefab":{"__type__":"cc.PrefabInfo","root":{"__id__":1},"asset":{"__uuid__":"fc4uYjvwRBFIZb8IzaxBUZ"},"fileId":"3a2rFg0RBOMqrhvVRkuuTp"},"_contentSize":{"__type__":"cc.Size","width":750,"height":1334},"_scale":{"__type__":"cc.Vec3","x":1,"y":1,"z":1}},{"__type__":"cc.Node","_name":"stage","_parent":{"__id__":1},"_children":[{"__id__":4},{"__id__":13},{"__id__":22},{"__id__":31},{"__id__":40},{"__id__":49},{"__id__":58},{"__id__":67},{"__id__":76},{"__id__":85}],"_level":4,"_prefab":{"__type__":"cc.PrefabInfo","root":{"__id__":1},"asset":{"__uuid__":"fc4uYjvwRBFIZb8IzaxBUZ"},"fileId":"3fcti9adRKkYxM9xCULkud"},"_anchorPoint":{"__type__":"cc.Vec2"},"_position":{"__type__":"cc.Vec3","x":-380,"y":-667},"_scale":{"__type__":"cc.Vec3","x":1,"y":1,"z":1}},{"__type__":"cc.Node","_name":"stage1","_parent":{"__id__":3},"_children":[{"__id__":5},{"__id__":6}],"_level":5,"_components":[{"__type__":"cc.Sprite","node":{"__id__":4},"_spriteFrame":{"__uuid__":"f0BIwQ8D5Ml7nTNQbh1YlS"},"_type":1,"_sizeMode":0},{"__type__":"cc.Button","node":{"__id__":4},"zoomScale":1.1,"_N$transition":3,"transition":3,"_N$normalColor":{"__type__":"cc.Color","r":255,"g":255,"b":255},"_N$pressedColor":{"__type__":"cc.Color","r":255,"g":255,"b":255},"pressedColor":{"__type__":"cc.Color","r":255,"g":255,"b":255},"_N$disabledColor":{"__type__":"cc.Color","r":255,"g":255,"b":255},"_N$normalSprite":{"__uuid__":"f0BIwQ8D5Ml7nTNQbh1YlS"},"_N$pressedSprite":{"__uuid__":"e97GVMl6JHh5Ml5qEDdSGa"},"pressedSprite":{"__uuid__":"e97GVMl6JHh5Ml5qEDdSGa"},"_N$hoverSprite":{"__uuid__":"f0BIwQ8D5Ml7nTNQbh1YlS"},"hoverSprite":{"__uuid__":"f0BIwQ8D5Ml7nTNQbh1YlS"},"_N$disabledSprite":{"__uuid__":"29FYIk+N1GYaeWH/q1NxQO"},"_N$target":{"__id__":4}}],"_prefab":{"__type__":"cc.PrefabInfo","root":{"__id__":1},"asset":{"__uuid__":"fc4uYjvwRBFIZb8IzaxBUZ"},"fileId":"a22/oF9UtKTLb+1aiH9AfD"},"_contentSize":{"__type__":"cc.Size","width":120,"height":60},"_position":{"__type__":"cc.Vec3","x":544,"y":196},"_scale":{"__type__":"cc.Vec3","x":1,"y":1,"z":1}},{"__type__":"cc.Node","_name":"lab","_parent":{"__id__":4},"_components":[{"__type__":"cc.Label","node":{"__id__":5},"_srcBlendFactor":1,"_useOriginalSize":false,"_string":"1","_N$string":"1","_fontSize":30,"_enableWrapText":false,"_N$horizontalAlign":1,"_N$verticalAlign":1}],"_prefab":{"__type__":"cc.PrefabInfo","root":{"__id__":1},"asset":{"__uuid__":"fc4uYjvwRBFIZb8IzaxBUZ"},"fileId":"9cDglWcdRMsKnyY3MQh4da"},"_color":{"__type__":"cc.Color"},"_contentSize":{"__type__":"cc.Size","width":16.68,"height":40},"_scale":{"__type__":"cc.Vec3","x":1,"y":1,"z":1}},{"__type__":"cc.Node","_name":"star","_parent":{"__id__":4},"_children":[{"__id__":7},{"__id__":9},{"__id__":11}],"_active":false,"_level":6,"_prefab":{"__type__":"cc.PrefabInfo","root":{"__id__":1},"asset":{"__uuid__":"fc4uYjvwRBFIZb8IzaxBUZ"},"fileId":"0cREycpcFFY744363YDuao"},"_position":{"__type__":"cc.Vec3","y":-30},"_scale":{"__type__":"cc.Vec3","x":1,"y":1,"z":1}},{"__type__":"cc.Node","_name":"star1","_parent":{"__id__":6},"_children":[{"__id__":8}],"_level":7,"_components":[{"__type__":"cc.Sprite","node":{"__id__":7},"_spriteFrame":{"__uuid__":"70vfA+8DlJRLc/Nb26Nt26"},"_sizeMode":0}],"_prefab":{"__type__":"cc.PrefabInfo","root":{"__id__":1},"asset":{"__uuid__":"fc4uYjvwRBFIZb8IzaxBUZ"},"fileId":"dc2dedgxJJi4XKgKCQH4QX"},"_contentSize":{"__type__":"cc.Size","width":30,"height":30},"_position":{"__type__":"cc.Vec3","x":-30},"_scale":{"__type__":"cc.Vec3","x":1,"y":1,"z":1}},{"__type__":"cc.Node","_name":"reach","_parent":{"__id__":7},"_active":false,"_level":8,"_components":[{"__type__":"cc.Sprite","node":{"__id__":8},"_spriteFrame":{"__uuid__":"caOHtKc+tOIaKi0NUtDcBl"},"_sizeMode":0}],"_prefab":{"__type__":"cc.PrefabInfo","root":{"__id__":1},"asset":{"__uuid__":"fc4uYjvwRBFIZb8IzaxBUZ"},"fileId":"12sWfRHRlMvIeqUw+M56M1"},"_contentSize":{"__type__":"cc.Size","width":30,"height":30},"_scale":{"__type__":"cc.Vec3","x":1,"y":1,"z":1}},{"__type__":"cc.Node","_name":"star2","_parent":{"__id__":6},"_children":[{"__id__":10}],"_level":7,"_components":[{"__type__":"cc.Sprite","node":{"__id__":9},"_spriteFrame":{"__uuid__":"70vfA+8DlJRLc/Nb26Nt26"},"_sizeMode":0}],"_prefab":{"__type__":"cc.PrefabInfo","root":{"__id__":1},"asset":{"__uuid__":"fc4uYjvwRBFIZb8IzaxBUZ"},"fileId":"e7Tbx3IbFBe6Rv4UleS4B4"},"_contentSize":{"__type__":"cc.Size","width":30,"height":30},"_scale":{"__type__":"cc.Vec3","x":1,"y":1,"z":1}},{"__type__":"cc.Node","_name":"reach","_parent":{"__id__":9},"_active":false,"_level":8,"_components":[{"__type__":"cc.Sprite","node":{"__id__":10},"_spriteFrame":{"__uuid__":"caOHtKc+tOIaKi0NUtDcBl"},"_sizeMode":0}],"_prefab":{"__type__":"cc.PrefabInfo","root":{"__id__":1},"asset":{"__uuid__":"fc4uYjvwRBFIZb8IzaxBUZ"},"fileId":"28MDN9XvlGI6Jl2Qhq1Mbk"},"_contentSize":{"__type__":"cc.Size","width":30,"height":30},"_scale":{"__type__":"cc.Vec3","x":1,"y":1,"z":1}},{"__type__":"cc.Node","_name":"star3","_parent":{"__id__":6},"_children":[{"__id__":12}],"_level":7,"_components":[{"__type__":"cc.Sprite","node":{"__id__":11},"_spriteFrame":{"__uuid__":"70vfA+8DlJRLc/Nb26Nt26"},"_sizeMode":0}],"_prefab":{"__type__":"cc.PrefabInfo","root":{"__id__":1},"asset":{"__uuid__":"fc4uYjvwRBFIZb8IzaxBUZ"},"fileId":"3eeS5PAk5Jxaz2axTPpX2a"},"_contentSize":{"__type__":"cc.Size","width":30,"height":30},"_position":{"__type__":"cc.Vec3","x":30},"_scale":{"__type__":"cc.Vec3","x":1,"y":1,"z":1}},{"__type__":"cc.Node","_name":"reach","_parent":{"__id__":11},"_active":false,"_level":8,"_components":[{"__type__":"cc.Sprite","node":{"__id__":12},"_spriteFrame":{"__uuid__":"caOHtKc+tOIaKi0NUtDcBl"},"_sizeMode":0}],"_prefab":{"__type__":"cc.PrefabInfo","root":{"__id__":1},"asset":{"__uuid__":"fc4uYjvwRBFIZb8IzaxBUZ"},"fileId":"51lJMX2l1KXaKv5qOEyAuo"},"_contentSize":{"__type__":"cc.Size","width":30,"height":30},"_scale":{"__type__":"cc.Vec3","x":1,"y":1,"z":1}},{"__type__":"cc.Node","_name":"stage2","_parent":{"__id__":3},"_children":[{"__id__":14},{"__id__":15}],"_level":5,"_components":[{"__type__":"cc.Sprite","node":{"__id__":13},"_spriteFrame":{"__uuid__":"f0BIwQ8D5Ml7nTNQbh1YlS"},"_type":1,"_sizeMode":0},{"__type__":"cc.Button","node":{"__id__":13},"zoomScale":1.1,"_N$transition":3,"transition":3,"_N$normalColor":{"__type__":"cc.Color","r":255,"g":255,"b":255},"_N$pressedColor":{"__type__":"cc.Color","r":255,"g":255,"b":255},"pressedColor":{"__type__":"cc.Color","r":255,"g":255,"b":255},"_N$disabledColor":{"__type__":"cc.Color","r":255,"g":255,"b":255},"_N$normalSprite":{"__uuid__":"f0BIwQ8D5Ml7nTNQbh1YlS"},"_N$pressedSprite":{"__uuid__":"e97GVMl6JHh5Ml5qEDdSGa"},"pressedSprite":{"__uuid__":"e97GVMl6JHh5Ml5qEDdSGa"},"_N$hoverSprite":{"__uuid__":"f0BIwQ8D5Ml7nTNQbh1YlS"},"hoverSprite":{"__uuid__":"f0BIwQ8D5Ml7nTNQbh1YlS"},"_N$disabledSprite":{"__uuid__":"29FYIk+N1GYaeWH/q1NxQO"},"_N$target":{"__id__":13}}],"_prefab":{"__type__":"cc.PrefabInfo","root":{"__id__":1},"asset":{"__uuid__":"fc4uYjvwRBFIZb8IzaxBUZ"},"fileId":"f12KTGD+lEyYi0M/mfjepF"},"_contentSize":{"__type__":"cc.Size","width":120,"height":60},"_position":{"__type__":"cc.Vec3","x":461,"y":326},"_scale":{"__type__":"cc.Vec3","x":1,"y":1,"z":1}},{"__type__":"cc.Node","_name":"lab","_parent":{"__id__":13},"_components":[{"__type__":"cc.Label","node":{"__id__":14},"_srcBlendFactor":1,"_useOriginalSize":false,"_string":"2","_N$string":"2","_fontSize":30,"_enableWrapText":false,"_N$horizontalAlign":1,"_N$verticalAlign":1}],"_prefab":{"__type__":"cc.PrefabInfo","root":{"__id__":1},"asset":{"__uuid__":"fc4uYjvwRBFIZb8IzaxBUZ"},"fileId":"b0PBc/MvRB3JngEoT64yFb"},"_color":{"__type__":"cc.Color"},"_contentSize":{"__type__":"cc.Size","width":16.68,"height":40},"_scale":{"__type__":"cc.Vec3","x":1,"y":1,"z":1}},{"__type__":"cc.Node","_name":"star","_parent":{"__id__":13},"_children":[{"__id__":16},{"__id__":18},{"__id__":20}],"_active":false,"_level":6,"_prefab":{"__type__":"cc.PrefabInfo","root":{"__id__":1},"asset":{"__uuid__":"fc4uYjvwRBFIZb8IzaxBUZ"},"fileId":"e8mjTk3VNLVLJIWBWt2+LF"},"_position":{"__type__":"cc.Vec3","y":-30},"_scale":{"__type__":"cc.Vec3","x":1,"y":1,"z":1}},{"__type__":"cc.Node","_name":"star1","_parent":{"__id__":15},"_children":[{"__id__":17}],"_level":7,"_components":[{"__type__":"cc.Sprite","node":{"__id__":16},"_spriteFrame":{"__uuid__":"70vfA+8DlJRLc/Nb26Nt26"},"_sizeMode":0}],"_prefab":{"__type__":"cc.PrefabInfo","root":{"__id__":1},"asset":{"__uuid__":"fc4uYjvwRBFIZb8IzaxBUZ"},"fileId":"f6cPA1yoxA7Ky/ZVMQ1UeQ"},"_contentSize":{"__type__":"cc.Size","width":30,"height":30},"_position":{"__type__":"cc.Vec3","x":-30},"_scale":{"__type__":"cc.Vec3","x":1,"y":1,"z":1}},{"__type__":"cc.Node","_name":"reach","_parent":{"__id__":16},"_active":false,"_level":8,"_components":[{"__type__":"cc.Sprite","node":{"__id__":17},"_spriteFrame":{"__uuid__":"caOHtKc+tOIaKi0NUtDcBl"},"_sizeMode":0}],"_prefab":{"__type__":"cc.PrefabInfo","root":{"__id__":1},"asset":{"__uuid__":"fc4uYjvwRBFIZb8IzaxBUZ"},"fileId":"d0o7bd7bJEX6iCCfmdpOKI"},"_contentSize":{"__type__":"cc.Size","width":30,"height":30},"_scale":{"__type__":"cc.Vec3","x":1,"y":1,"z":1}},{"__type__":"cc.Node","_name":"star2","_parent":{"__id__":15},"_children":[{"__id__":19}],"_level":7,"_components":[{"__type__":"cc.Sprite","node":{"__id__":18},"_spriteFrame":{"__uuid__":"70vfA+8DlJRLc/Nb26Nt26"},"_sizeMode":0}],"_prefab":{"__type__":"cc.PrefabInfo","root":{"__id__":1},"asset":{"__uuid__":"fc4uYjvwRBFIZb8IzaxBUZ"},"fileId":"169A8Lqd5KjbAT4AfxsU0c"},"_contentSize":{"__type__":"cc.Size","width":30,"height":30},"_scale":{"__type__":"cc.Vec3","x":1,"y":1,"z":1}},{"__type__":"cc.Node","_name":"reach","_parent":{"__id__":18},"_active":false,"_level":8,"_components":[{"__type__":"cc.Sprite","node":{"__id__":19},"_spriteFrame":{"__uuid__":"caOHtKc+tOIaKi0NUtDcBl"},"_sizeMode":0}],"_prefab":{"__type__":"cc.PrefabInfo","root":{"__id__":1},"asset":{"__uuid__":"fc4uYjvwRBFIZb8IzaxBUZ"},"fileId":"2fAJx1beFAb7r/2RT+/sa1"},"_contentSize":{"__type__":"cc.Size","width":30,"height":30},"_scale":{"__type__":"cc.Vec3","x":1,"y":1,"z":1}},{"__type__":"cc.Node","_name":"star3","_parent":{"__id__":15},"_children":[{"__id__":21}],"_level":7,"_components":[{"__type__":"cc.Sprite","node":{"__id__":20},"_spriteFrame":{"__uuid__":"70vfA+8DlJRLc/Nb26Nt26"},"_sizeMode":0}],"_prefab":{"__type__":"cc.PrefabInfo","root":{"__id__":1},"asset":{"__uuid__":"fc4uYjvwRBFIZb8IzaxBUZ"},"fileId":"fa3OnfbIxCoqXUrvFtxWVE"},"_contentSize":{"__type__":"cc.Size","width":30,"height":30},"_position":{"__type__":"cc.Vec3","x":30},"_scale":{"__type__":"cc.Vec3","x":1,"y":1,"z":1}},{"__type__":"cc.Node","_name":"reach","_parent":{"__id__":20},"_active":false,"_level":8,"_components":[{"__type__":"cc.Sprite","node":{"__id__":21},"_spriteFrame":{"__uuid__":"caOHtKc+tOIaKi0NUtDcBl"},"_sizeMode":0}],"_prefab":{"__type__":"cc.PrefabInfo","root":{"__id__":1},"asset":{"__uuid__":"fc4uYjvwRBFIZb8IzaxBUZ"},"fileId":"c6TGyTwZhOJJ7rv5ljTF0+"},"_contentSize":{"__type__":"cc.Size","width":30,"height":30},"_scale":{"__type__":"cc.Vec3","x":1,"y":1,"z":1}},{"__type__":"cc.Node","_name":"stage3","_parent":{"__id__":3},"_children":[{"__id__":23},{"__id__":24}],"_level":5,"_components":[{"__type__":"cc.Sprite","node":{"__id__":22},"_spriteFrame":{"__uuid__":"f0BIwQ8D5Ml7nTNQbh1YlS"},"_type":1,"_sizeMode":0},{"__type__":"cc.Button","node":{"__id__":22},"zoomScale":1.1,"_N$transition":3,"transition":3,"_N$normalColor":{"__type__":"cc.Color","r":255,"g":255,"b":255},"_N$pressedColor":{"__type__":"cc.Color","r":255,"g":255,"b":255},"pressedColor":{"__type__":"cc.Color","r":255,"g":255,"b":255},"_N$disabledColor":{"__type__":"cc.Color","r":255,"g":255,"b":255},"_N$normalSprite":{"__uuid__":"f0BIwQ8D5Ml7nTNQbh1YlS"},"_N$pressedSprite":{"__uuid__":"e97GVMl6JHh5Ml5qEDdSGa"},"pressedSprite":{"__uuid__":"e97GVMl6JHh5Ml5qEDdSGa"},"_N$hoverSprite":{"__uuid__":"f0BIwQ8D5Ml7nTNQbh1YlS"},"hoverSprite":{"__uuid__":"f0BIwQ8D5Ml7nTNQbh1YlS"},"_N$disabledSprite":{"__uuid__":"29FYIk+N1GYaeWH/q1NxQO"},"_N$target":{"__id__":22}}],"_prefab":{"__type__":"cc.PrefabInfo","root":{"__id__":1},"asset":{"__uuid__":"fc4uYjvwRBFIZb8IzaxBUZ"},"fileId":"7caK6IeRdHvInYpwE57AxO"},"_contentSize":{"__type__":"cc.Size","width":120,"height":60},"_position":{"__type__":"cc.Vec3","x":261,"y":420},"_scale":{"__type__":"cc.Vec3","x":1,"y":1,"z":1}},{"__type__":"cc.Node","_name":"lab","_parent":{"__id__":22},"_components":[{"__type__":"cc.Label","node":{"__id__":23},"_srcBlendFactor":1,"_useOriginalSize":false,"_string":"3","_N$string":"3","_fontSize":30,"_enableWrapText":false,"_N$horizontalAlign":1,"_N$verticalAlign":1}],"_prefab":{"__type__":"cc.PrefabInfo","root":{"__id__":1},"asset":{"__uuid__":"fc4uYjvwRBFIZb8IzaxBUZ"},"fileId":"abyS3MFYpFSYCOu7jvlL6p"},"_color":{"__type__":"cc.Color"},"_contentSize":{"__type__":"cc.Size","width":16.68,"height":40},"_scale":{"__type__":"cc.Vec3","x":1,"y":1,"z":1}},{"__type__":"cc.Node","_name":"star","_parent":{"__id__":22},"_children":[{"__id__":25},{"__id__":27},{"__id__":29}],"_active":false,"_level":6,"_prefab":{"__type__":"cc.PrefabInfo","root":{"__id__":1},"asset":{"__uuid__":"fc4uYjvwRBFIZb8IzaxBUZ"},"fileId":"82k0FOE1lEXb5erZ+vZWNA"},"_position":{"__type__":"cc.Vec3","y":-30},"_scale":{"__type__":"cc.Vec3","x":1,"y":1,"z":1}},{"__type__":"cc.Node","_name":"star1","_parent":{"__id__":24},"_children":[{"__id__":26}],"_level":7,"_components":[{"__type__":"cc.Sprite","node":{"__id__":25},"_spriteFrame":{"__uuid__":"70vfA+8DlJRLc/Nb26Nt26"},"_sizeMode":0}],"_prefab":{"__type__":"cc.PrefabInfo","root":{"__id__":1},"asset":{"__uuid__":"fc4uYjvwRBFIZb8IzaxBUZ"},"fileId":"3d9Ln1+wJGd5DBD9NKf4ni"},"_contentSize":{"__type__":"cc.Size","width":30,"height":30},"_position":{"__type__":"cc.Vec3","x":-30},"_scale":{"__type__":"cc.Vec3","x":1,"y":1,"z":1}},{"__type__":"cc.Node","_name":"reach","_parent":{"__id__":25},"_active":false,"_level":8,"_components":[{"__type__":"cc.Sprite","node":{"__id__":26},"_spriteFrame":{"__uuid__":"caOHtKc+tOIaKi0NUtDcBl"},"_sizeMode":0}],"_prefab":{"__type__":"cc.PrefabInfo","root":{"__id__":1},"asset":{"__uuid__":"fc4uYjvwRBFIZb8IzaxBUZ"},"fileId":"fbNHRyCu9JLZCwWF1uG4zh"},"_contentSize":{"__type__":"cc.Size","width":30,"height":30},"_scale":{"__type__":"cc.Vec3","x":1,"y":1,"z":1}},{"__type__":"cc.Node","_name":"star2","_parent":{"__id__":24},"_children":[{"__id__":28}],"_level":7,"_components":[{"__type__":"cc.Sprite","node":{"__id__":27},"_spriteFrame":{"__uuid__":"70vfA+8DlJRLc/Nb26Nt26"},"_sizeMode":0}],"_prefab":{"__type__":"cc.PrefabInfo","root":{"__id__":1},"asset":{"__uuid__":"fc4uYjvwRBFIZb8IzaxBUZ"},"fileId":"adAT9FQb1ORoabufHjfFkr"},"_contentSize":{"__type__":"cc.Size","width":30,"height":30},"_scale":{"__type__":"cc.Vec3","x":1,"y":1,"z":1}},{"__type__":"cc.Node","_name":"reach","_parent":{"__id__":27},"_active":false,"_level":8,"_components":[{"__type__":"cc.Sprite","node":{"__id__":28},"_spriteFrame":{"__uuid__":"caOHtKc+tOIaKi0NUtDcBl"},"_sizeMode":0}],"_prefab":{"__type__":"cc.PrefabInfo","root":{"__id__":1},"asset":{"__uuid__":"fc4uYjvwRBFIZb8IzaxBUZ"},"fileId":"adNQdgooJPBrGQ6KRJfDXW"},"_contentSize":{"__type__":"cc.Size","width":30,"height":30},"_scale":{"__type__":"cc.Vec3","x":1,"y":1,"z":1}},{"__type__":"cc.Node","_name":"star3","_parent":{"__id__":24},"_children":[{"__id__":30}],"_level":7,"_components":[{"__type__":"cc.Sprite","node":{"__id__":29},"_spriteFrame":{"__uuid__":"70vfA+8DlJRLc/Nb26Nt26"},"_sizeMode":0}],"_prefab":{"__type__":"cc.PrefabInfo","root":{"__id__":1},"asset":{"__uuid__":"fc4uYjvwRBFIZb8IzaxBUZ"},"fileId":"2cFHj3vPpB4Kz7HPER0XvE"},"_contentSize":{"__type__":"cc.Size","width":30,"height":30},"_position":{"__type__":"cc.Vec3","x":30},"_scale":{"__type__":"cc.Vec3","x":1,"y":1,"z":1}},{"__type__":"cc.Node","_name":"reach","_parent":{"__id__":29},"_active":false,"_level":8,"_components":[{"__type__":"cc.Sprite","node":{"__id__":30},"_spriteFrame":{"__uuid__":"caOHtKc+tOIaKi0NUtDcBl"},"_sizeMode":0}],"_prefab":{"__type__":"cc.PrefabInfo","root":{"__id__":1},"asset":{"__uuid__":"fc4uYjvwRBFIZb8IzaxBUZ"},"fileId":"47gB4GyYVL/LySDcjxfLWk"},"_contentSize":{"__type__":"cc.Size","width":30,"height":30},"_scale":{"__type__":"cc.Vec3","x":1,"y":1,"z":1}},{"__type__":"cc.Node","_name":"stage4","_parent":{"__id__":3},"_children":[{"__id__":32},{"__id__":33}],"_level":5,"_components":[{"__type__":"cc.Sprite","node":{"__id__":31},"_spriteFrame":{"__uuid__":"f0BIwQ8D5Ml7nTNQbh1YlS"},"_type":1,"_sizeMode":0},{"__type__":"cc.Button","node":{"__id__":31},"zoomScale":1.1,"_N$transition":3,"transition":3,"_N$normalColor":{"__type__":"cc.Color","r":255,"g":255,"b":255},"_N$pressedColor":{"__type__":"cc.Color","r":255,"g":255,"b":255},"pressedColor":{"__type__":"cc.Color","r":255,"g":255,"b":255},"_N$disabledColor":{"__type__":"cc.Color","r":255,"g":255,"b":255},"_N$normalSprite":{"__uuid__":"f0BIwQ8D5Ml7nTNQbh1YlS"},"_N$pressedSprite":{"__uuid__":"e97GVMl6JHh5Ml5qEDdSGa"},"pressedSprite":{"__uuid__":"e97GVMl6JHh5Ml5qEDdSGa"},"_N$hoverSprite":{"__uuid__":"f0BIwQ8D5Ml7nTNQbh1YlS"},"hoverSprite":{"__uuid__":"f0BIwQ8D5Ml7nTNQbh1YlS"},"_N$disabledSprite":{"__uuid__":"29FYIk+N1GYaeWH/q1NxQO"},"_N$target":{"__id__":31}}],"_prefab":{"__type__":"cc.PrefabInfo","root":{"__id__":1},"asset":{"__uuid__":"fc4uYjvwRBFIZb8IzaxBUZ"},"fileId":"0ecVgaY7NPm4IAiIgma7PV"},"_contentSize":{"__type__":"cc.Size","width":120,"height":60},"_position":{"__type__":"cc.Vec3","x":300,"y":561},"_scale":{"__type__":"cc.Vec3","x":1,"y":1,"z":1}},{"__type__":"cc.Node","_name":"lab","_parent":{"__id__":31},"_components":[{"__type__":"cc.Label","node":{"__id__":32},"_srcBlendFactor":1,"_useOriginalSize":false,"_string":"4","_N$string":"4","_fontSize":30,"_enableWrapText":false,"_N$horizontalAlign":1,"_N$verticalAlign":1}],"_prefab":{"__type__":"cc.PrefabInfo","root":{"__id__":1},"asset":{"__uuid__":"fc4uYjvwRBFIZb8IzaxBUZ"},"fileId":"bfXrNxHwtIJ4TckJCu5tzM"},"_color":{"__type__":"cc.Color"},"_contentSize":{"__type__":"cc.Size","width":16.68,"height":40},"_scale":{"__type__":"cc.Vec3","x":1,"y":1,"z":1}},{"__type__":"cc.Node","_name":"star","_parent":{"__id__":31},"_children":[{"__id__":34},{"__id__":36},{"__id__":38}],"_active":false,"_level":6,"_prefab":{"__type__":"cc.PrefabInfo","root":{"__id__":1},"asset":{"__uuid__":"fc4uYjvwRBFIZb8IzaxBUZ"},"fileId":"79Nvx/4VZNCKHd90J7YOKf"},"_position":{"__type__":"cc.Vec3","y":-30},"_scale":{"__type__":"cc.Vec3","x":1,"y":1,"z":1}},{"__type__":"cc.Node","_name":"star1","_parent":{"__id__":33},"_children":[{"__id__":35}],"_level":7,"_components":[{"__type__":"cc.Sprite","node":{"__id__":34},"_spriteFrame":{"__uuid__":"70vfA+8DlJRLc/Nb26Nt26"},"_sizeMode":0}],"_prefab":{"__type__":"cc.PrefabInfo","root":{"__id__":1},"asset":{"__uuid__":"fc4uYjvwRBFIZb8IzaxBUZ"},"fileId":"d9mGs1AJVLy7CZWQIuiDXT"},"_contentSize":{"__type__":"cc.Size","width":30,"height":30},"_position":{"__type__":"cc.Vec3","x":-30},"_scale":{"__type__":"cc.Vec3","x":1,"y":1,"z":1}},{"__type__":"cc.Node","_name":"reach","_parent":{"__id__":34},"_active":false,"_level":8,"_components":[{"__type__":"cc.Sprite","node":{"__id__":35},"_spriteFrame":{"__uuid__":"caOHtKc+tOIaKi0NUtDcBl"},"_sizeMode":0}],"_prefab":{"__type__":"cc.PrefabInfo","root":{"__id__":1},"asset":{"__uuid__":"fc4uYjvwRBFIZb8IzaxBUZ"},"fileId":"642L4AcqRK5qadh79TBAuL"},"_contentSize":{"__type__":"cc.Size","width":30,"height":30},"_scale":{"__type__":"cc.Vec3","x":1,"y":1,"z":1}},{"__type__":"cc.Node","_name":"star2","_parent":{"__id__":33},"_children":[{"__id__":37}],"_level":7,"_components":[{"__type__":"cc.Sprite","node":{"__id__":36},"_spriteFrame":{"__uuid__":"70vfA+8DlJRLc/Nb26Nt26"},"_sizeMode":0}],"_prefab":{"__type__":"cc.PrefabInfo","root":{"__id__":1},"asset":{"__uuid__":"fc4uYjvwRBFIZb8IzaxBUZ"},"fileId":"41u5AnMEVC1qjtLIth9nQR"},"_contentSize":{"__type__":"cc.Size","width":30,"height":30},"_scale":{"__type__":"cc.Vec3","x":1,"y":1,"z":1}},{"__type__":"cc.Node","_name":"reach","_parent":{"__id__":36},"_active":false,"_level":8,"_components":[{"__type__":"cc.Sprite","node":{"__id__":37},"_spriteFrame":{"__uuid__":"caOHtKc+tOIaKi0NUtDcBl"},"_sizeMode":0}],"_prefab":{"__type__":"cc.PrefabInfo","root":{"__id__":1},"asset":{"__uuid__":"fc4uYjvwRBFIZb8IzaxBUZ"},"fileId":"6eMmrpkpBAQ60fakZDrbQv"},"_contentSize":{"__type__":"cc.Size","width":30,"height":30},"_scale":{"__type__":"cc.Vec3","x":1,"y":1,"z":1}},{"__type__":"cc.Node","_name":"star3","_parent":{"__id__":33},"_children":[{"__id__":39}],"_level":7,"_components":[{"__type__":"cc.Sprite","node":{"__id__":38},"_spriteFrame":{"__uuid__":"70vfA+8DlJRLc/Nb26Nt26"},"_sizeMode":0}],"_prefab":{"__type__":"cc.PrefabInfo","root":{"__id__":1},"asset":{"__uuid__":"fc4uYjvwRBFIZb8IzaxBUZ"},"fileId":"9cMZKLU3BGj57eWDYlICNW"},"_contentSize":{"__type__":"cc.Size","width":30,"height":30},"_position":{"__type__":"cc.Vec3","x":30},"_scale":{"__type__":"cc.Vec3","x":1,"y":1,"z":1}},{"__type__":"cc.Node","_name":"reach","_parent":{"__id__":38},"_active":false,"_level":8,"_components":[{"__type__":"cc.Sprite","node":{"__id__":39},"_spriteFrame":{"__uuid__":"caOHtKc+tOIaKi0NUtDcBl"},"_sizeMode":0}],"_prefab":{"__type__":"cc.PrefabInfo","root":{"__id__":1},"asset":{"__uuid__":"fc4uYjvwRBFIZb8IzaxBUZ"},"fileId":"adzWdlutpIiLmdiZTLGrC9"},"_contentSize":{"__type__":"cc.Size","width":30,"height":30},"_scale":{"__type__":"cc.Vec3","x":1,"y":1,"z":1}},{"__type__":"cc.Node","_name":"stage5","_parent":{"__id__":3},"_children":[{"__id__":41},{"__id__":42}],"_level":5,"_components":[{"__type__":"cc.Sprite","node":{"__id__":40},"_spriteFrame":{"__uuid__":"f0BIwQ8D5Ml7nTNQbh1YlS"},"_type":1,"_sizeMode":0},{"__type__":"cc.Button","node":{"__id__":40},"zoomScale":1.1,"_N$transition":3,"transition":3,"_N$normalColor":{"__type__":"cc.Color","r":255,"g":255,"b":255},"_N$pressedColor":{"__type__":"cc.Color","r":255,"g":255,"b":255},"pressedColor":{"__type__":"cc.Color","r":255,"g":255,"b":255},"_N$disabledColor":{"__type__":"cc.Color","r":255,"g":255,"b":255},"_N$normalSprite":{"__uuid__":"f0BIwQ8D5Ml7nTNQbh1YlS"},"_N$pressedSprite":{"__uuid__":"e97GVMl6JHh5Ml5qEDdSGa"},"pressedSprite":{"__uuid__":"e97GVMl6JHh5Ml5qEDdSGa"},"_N$hoverSprite":{"__uuid__":"f0BIwQ8D5Ml7nTNQbh1YlS"},"hoverSprite":{"__uuid__":"f0BIwQ8D5Ml7nTNQbh1YlS"},"_N$disabledSprite":{"__uuid__":"29FYIk+N1GYaeWH/q1NxQO"},"_N$target":{"__id__":40}}],"_prefab":{"__type__":"cc.PrefabInfo","root":{"__id__":1},"asset":{"__uuid__":"fc4uYjvwRBFIZb8IzaxBUZ"},"fileId":"e4cJlOpipLgrdTBocYaAsl"},"_contentSize":{"__type__":"cc.Size","width":120,"height":60},"_position":{"__type__":"cc.Vec3","x":406,"y":742},"_scale":{"__type__":"cc.Vec3","x":1,"y":1,"z":1}},{"__type__":"cc.Node","_name":"lab","_parent":{"__id__":40},"_components":[{"__type__":"cc.Label","node":{"__id__":41},"_srcBlendFactor":1,"_useOriginalSize":false,"_string":"5","_N$string":"5","_fontSize":30,"_enableWrapText":false,"_N$horizontalAlign":1,"_N$verticalAlign":1}],"_prefab":{"__type__":"cc.PrefabInfo","root":{"__id__":1},"asset":{"__uuid__":"fc4uYjvwRBFIZb8IzaxBUZ"},"fileId":"97VTEf/h1O1IbJLVPdsP25"},"_color":{"__type__":"cc.Color"},"_contentSize":{"__type__":"cc.Size","width":16.68,"height":40},"_scale":{"__type__":"cc.Vec3","x":1,"y":1,"z":1}},{"__type__":"cc.Node","_name":"star","_parent":{"__id__":40},"_children":[{"__id__":43},{"__id__":45},{"__id__":47}],"_active":false,"_level":6,"_prefab":{"__type__":"cc.PrefabInfo","root":{"__id__":1},"asset":{"__uuid__":"fc4uYjvwRBFIZb8IzaxBUZ"},"fileId":"3be3W8LztH+4k49OVyAbkI"},"_position":{"__type__":"cc.Vec3","y":-30},"_scale":{"__type__":"cc.Vec3","x":1,"y":1,"z":1}},{"__type__":"cc.Node","_name":"star1","_parent":{"__id__":42},"_children":[{"__id__":44}],"_level":7,"_components":[{"__type__":"cc.Sprite","node":{"__id__":43},"_spriteFrame":{"__uuid__":"70vfA+8DlJRLc/Nb26Nt26"},"_sizeMode":0}],"_prefab":{"__type__":"cc.PrefabInfo","root":{"__id__":1},"asset":{"__uuid__":"fc4uYjvwRBFIZb8IzaxBUZ"},"fileId":"e7/atV6gpEJJ6k72u2EOPh"},"_contentSize":{"__type__":"cc.Size","width":30,"height":30},"_position":{"__type__":"cc.Vec3","x":-30},"_scale":{"__type__":"cc.Vec3","x":1,"y":1,"z":1}},{"__type__":"cc.Node","_name":"reach","_parent":{"__id__":43},"_active":false,"_level":8,"_components":[{"__type__":"cc.Sprite","node":{"__id__":44},"_spriteFrame":{"__uuid__":"caOHtKc+tOIaKi0NUtDcBl"},"_sizeMode":0}],"_prefab":{"__type__":"cc.PrefabInfo","root":{"__id__":1},"asset":{"__uuid__":"fc4uYjvwRBFIZb8IzaxBUZ"},"fileId":"49ePesJPxKe4pm8CrZ63LE"},"_contentSize":{"__type__":"cc.Size","width":30,"height":30},"_scale":{"__type__":"cc.Vec3","x":1,"y":1,"z":1}},{"__type__":"cc.Node","_name":"star2","_parent":{"__id__":42},"_children":[{"__id__":46}],"_level":7,"_components":[{"__type__":"cc.Sprite","node":{"__id__":45},"_spriteFrame":{"__uuid__":"70vfA+8DlJRLc/Nb26Nt26"},"_sizeMode":0}],"_prefab":{"__type__":"cc.PrefabInfo","root":{"__id__":1},"asset":{"__uuid__":"fc4uYjvwRBFIZb8IzaxBUZ"},"fileId":"55Q6BkJFFAc4CKfgPYUHMG"},"_contentSize":{"__type__":"cc.Size","width":30,"height":30},"_scale":{"__type__":"cc.Vec3","x":1,"y":1,"z":1}},{"__type__":"cc.Node","_name":"reach","_parent":{"__id__":45},"_active":false,"_level":8,"_components":[{"__type__":"cc.Sprite","node":{"__id__":46},"_spriteFrame":{"__uuid__":"caOHtKc+tOIaKi0NUtDcBl"},"_sizeMode":0}],"_prefab":{"__type__":"cc.PrefabInfo","root":{"__id__":1},"asset":{"__uuid__":"fc4uYjvwRBFIZb8IzaxBUZ"},"fileId":"b403QEUrtAYrOduUhkEapb"},"_contentSize":{"__type__":"cc.Size","width":30,"height":30},"_scale":{"__type__":"cc.Vec3","x":1,"y":1,"z":1}},{"__type__":"cc.Node","_name":"star3","_parent":{"__id__":42},"_children":[{"__id__":48}],"_level":7,"_components":[{"__type__":"cc.Sprite","node":{"__id__":47},"_spriteFrame":{"__uuid__":"70vfA+8DlJRLc/Nb26Nt26"},"_sizeMode":0}],"_prefab":{"__type__":"cc.PrefabInfo","root":{"__id__":1},"asset":{"__uuid__":"fc4uYjvwRBFIZb8IzaxBUZ"},"fileId":"d4HXAh3YBCDqRhwOs5IKl8"},"_contentSize":{"__type__":"cc.Size","width":30,"height":30},"_position":{"__type__":"cc.Vec3","x":30},"_scale":{"__type__":"cc.Vec3","x":1,"y":1,"z":1}},{"__type__":"cc.Node","_name":"reach","_parent":{"__id__":47},"_active":false,"_level":8,"_components":[{"__type__":"cc.Sprite","node":{"__id__":48},"_spriteFrame":{"__uuid__":"caOHtKc+tOIaKi0NUtDcBl"},"_sizeMode":0}],"_prefab":{"__type__":"cc.PrefabInfo","root":{"__id__":1},"asset":{"__uuid__":"fc4uYjvwRBFIZb8IzaxBUZ"},"fileId":"ddHENNBbJHs7uXDrCwijBt"},"_contentSize":{"__type__":"cc.Size","width":30,"height":30},"_scale":{"__type__":"cc.Vec3","x":1,"y":1,"z":1}},{"__type__":"cc.Node","_name":"stage6","_parent":{"__id__":3},"_children":[{"__id__":50},{"__id__":51}],"_level":5,"_components":[{"__type__":"cc.Sprite","node":{"__id__":49},"_spriteFrame":{"__uuid__":"f0BIwQ8D5Ml7nTNQbh1YlS"},"_type":1,"_sizeMode":0},{"__type__":"cc.Button","node":{"__id__":49},"zoomScale":1.1,"_N$transition":3,"transition":3,"_N$normalColor":{"__type__":"cc.Color","r":255,"g":255,"b":255},"_N$pressedColor":{"__type__":"cc.Color","r":255,"g":255,"b":255},"pressedColor":{"__type__":"cc.Color","r":255,"g":255,"b":255},"_N$disabledColor":{"__type__":"cc.Color","r":255,"g":255,"b":255},"_N$normalSprite":{"__uuid__":"f0BIwQ8D5Ml7nTNQbh1YlS"},"_N$pressedSprite":{"__uuid__":"e97GVMl6JHh5Ml5qEDdSGa"},"pressedSprite":{"__uuid__":"e97GVMl6JHh5Ml5qEDdSGa"},"_N$hoverSprite":{"__uuid__":"f0BIwQ8D5Ml7nTNQbh1YlS"},"hoverSprite":{"__uuid__":"f0BIwQ8D5Ml7nTNQbh1YlS"},"_N$disabledSprite":{"__uuid__":"29FYIk+N1GYaeWH/q1NxQO"},"_N$target":{"__id__":49}}],"_prefab":{"__type__":"cc.PrefabInfo","root":{"__id__":1},"asset":{"__uuid__":"fc4uYjvwRBFIZb8IzaxBUZ"},"fileId":"b6c6vdmPNHkYXxTmeR8mDf"},"_contentSize":{"__type__":"cc.Size","width":120,"height":60},"_position":{"__type__":"cc.Vec3","x":438,"y":892},"_scale":{"__type__":"cc.Vec3","x":1,"y":1,"z":1}},{"__type__":"cc.Node","_name":"lab","_parent":{"__id__":49},"_components":[{"__type__":"cc.Label","node":{"__id__":50},"_srcBlendFactor":1,"_useOriginalSize":false,"_string":"6","_N$string":"6","_fontSize":30,"_enableWrapText":false,"_N$horizontalAlign":1,"_N$verticalAlign":1}],"_prefab":{"__type__":"cc.PrefabInfo","root":{"__id__":1},"asset":{"__uuid__":"fc4uYjvwRBFIZb8IzaxBUZ"},"fileId":"7b4na5hppPNZMdUp2T1x59"},"_color":{"__type__":"cc.Color"},"_contentSize":{"__type__":"cc.Size","width":16.68,"height":40},"_scale":{"__type__":"cc.Vec3","x":1,"y":1,"z":1}},{"__type__":"cc.Node","_name":"star","_parent":{"__id__":49},"_children":[{"__id__":52},{"__id__":54},{"__id__":56}],"_active":false,"_level":6,"_prefab":{"__type__":"cc.PrefabInfo","root":{"__id__":1},"asset":{"__uuid__":"fc4uYjvwRBFIZb8IzaxBUZ"},"fileId":"7c9FJeYqVAAqiOVxM1WnaC"},"_position":{"__type__":"cc.Vec3","y":-30},"_scale":{"__type__":"cc.Vec3","x":1,"y":1,"z":1}},{"__type__":"cc.Node","_name":"star1","_parent":{"__id__":51},"_children":[{"__id__":53}],"_level":7,"_components":[{"__type__":"cc.Sprite","node":{"__id__":52},"_spriteFrame":{"__uuid__":"70vfA+8DlJRLc/Nb26Nt26"},"_sizeMode":0}],"_prefab":{"__type__":"cc.PrefabInfo","root":{"__id__":1},"asset":{"__uuid__":"fc4uYjvwRBFIZb8IzaxBUZ"},"fileId":"42OXXuOIpOiJMpOixWdHIB"},"_contentSize":{"__type__":"cc.Size","width":30,"height":30},"_position":{"__type__":"cc.Vec3","x":-30},"_scale":{"__type__":"cc.Vec3","x":1,"y":1,"z":1}},{"__type__":"cc.Node","_name":"reach","_parent":{"__id__":52},"_active":false,"_level":8,"_components":[{"__type__":"cc.Sprite","node":{"__id__":53},"_spriteFrame":{"__uuid__":"caOHtKc+tOIaKi0NUtDcBl"},"_sizeMode":0}],"_prefab":{"__type__":"cc.PrefabInfo","root":{"__id__":1},"asset":{"__uuid__":"fc4uYjvwRBFIZb8IzaxBUZ"},"fileId":"bas+Tk1NNEKo7ABik7PTV/"},"_contentSize":{"__type__":"cc.Size","width":30,"height":30},"_scale":{"__type__":"cc.Vec3","x":1,"y":1,"z":1}},{"__type__":"cc.Node","_name":"star2","_parent":{"__id__":51},"_children":[{"__id__":55}],"_level":7,"_components":[{"__type__":"cc.Sprite","node":{"__id__":54},"_spriteFrame":{"__uuid__":"70vfA+8DlJRLc/Nb26Nt26"},"_sizeMode":0}],"_prefab":{"__type__":"cc.PrefabInfo","root":{"__id__":1},"asset":{"__uuid__":"fc4uYjvwRBFIZb8IzaxBUZ"},"fileId":"2fx7FYMyJFKI4KP45t1wx7"},"_contentSize":{"__type__":"cc.Size","width":30,"height":30},"_scale":{"__type__":"cc.Vec3","x":1,"y":1,"z":1}},{"__type__":"cc.Node","_name":"reach","_parent":{"__id__":54},"_active":false,"_level":8,"_components":[{"__type__":"cc.Sprite","node":{"__id__":55},"_spriteFrame":{"__uuid__":"caOHtKc+tOIaKi0NUtDcBl"},"_sizeMode":0}],"_prefab":{"__type__":"cc.PrefabInfo","root":{"__id__":1},"asset":{"__uuid__":"fc4uYjvwRBFIZb8IzaxBUZ"},"fileId":"90D2uLfQBNvYmRZaa78xij"},"_contentSize":{"__type__":"cc.Size","width":30,"height":30},"_scale":{"__type__":"cc.Vec3","x":1,"y":1,"z":1}},{"__type__":"cc.Node","_name":"star3","_parent":{"__id__":51},"_children":[{"__id__":57}],"_level":7,"_components":[{"__type__":"cc.Sprite","node":{"__id__":56},"_spriteFrame":{"__uuid__":"70vfA+8DlJRLc/Nb26Nt26"},"_sizeMode":0}],"_prefab":{"__type__":"cc.PrefabInfo","root":{"__id__":1},"asset":{"__uuid__":"fc4uYjvwRBFIZb8IzaxBUZ"},"fileId":"13YQ2f8uJPKL069vVaYA7K"},"_contentSize":{"__type__":"cc.Size","width":30,"height":30},"_position":{"__type__":"cc.Vec3","x":30},"_scale":{"__type__":"cc.Vec3","x":1,"y":1,"z":1}},{"__type__":"cc.Node","_name":"reach","_parent":{"__id__":56},"_active":false,"_level":8,"_components":[{"__type__":"cc.Sprite","node":{"__id__":57},"_spriteFrame":{"__uuid__":"caOHtKc+tOIaKi0NUtDcBl"},"_sizeMode":0}],"_prefab":{"__type__":"cc.PrefabInfo","root":{"__id__":1},"asset":{"__uuid__":"fc4uYjvwRBFIZb8IzaxBUZ"},"fileId":"dcQ0WqMrNB9bYCGFbTqQ59"},"_contentSize":{"__type__":"cc.Size","width":30,"height":30},"_scale":{"__type__":"cc.Vec3","x":1,"y":1,"z":1}},{"__type__":"cc.Node","_name":"stage7","_parent":{"__id__":3},"_children":[{"__id__":59},{"__id__":60}],"_level":5,"_components":[{"__type__":"cc.Sprite","node":{"__id__":58},"_spriteFrame":{"__uuid__":"f0BIwQ8D5Ml7nTNQbh1YlS"},"_type":1,"_sizeMode":0},{"__type__":"cc.Button","node":{"__id__":58},"zoomScale":1.1,"_N$transition":3,"transition":3,"_N$normalColor":{"__type__":"cc.Color","r":255,"g":255,"b":255},"_N$pressedColor":{"__type__":"cc.Color","r":255,"g":255,"b":255},"pressedColor":{"__type__":"cc.Color","r":255,"g":255,"b":255},"_N$disabledColor":{"__type__":"cc.Color","r":255,"g":255,"b":255},"_N$normalSprite":{"__uuid__":"f0BIwQ8D5Ml7nTNQbh1YlS"},"_N$pressedSprite":{"__uuid__":"e97GVMl6JHh5Ml5qEDdSGa"},"pressedSprite":{"__uuid__":"e97GVMl6JHh5Ml5qEDdSGa"},"_N$hoverSprite":{"__uuid__":"f0BIwQ8D5Ml7nTNQbh1YlS"},"hoverSprite":{"__uuid__":"f0BIwQ8D5Ml7nTNQbh1YlS"},"_N$disabledSprite":{"__uuid__":"29FYIk+N1GYaeWH/q1NxQO"},"_N$target":{"__id__":58}}],"_prefab":{"__type__":"cc.PrefabInfo","root":{"__id__":1},"asset":{"__uuid__":"fc4uYjvwRBFIZb8IzaxBUZ"},"fileId":"ddeclu3b5KR6RflgmsAYyl"},"_contentSize":{"__type__":"cc.Size","width":120,"height":60},"_position":{"__type__":"cc.Vec3","x":348,"y":1029},"_scale":{"__type__":"cc.Vec3","x":1,"y":1,"z":1}},{"__type__":"cc.Node","_name":"lab","_parent":{"__id__":58},"_components":[{"__type__":"cc.Label","node":{"__id__":59},"_srcBlendFactor":1,"_useOriginalSize":false,"_string":"7","_N$string":"7","_fontSize":30,"_enableWrapText":false,"_N$horizontalAlign":1,"_N$verticalAlign":1}],"_prefab":{"__type__":"cc.PrefabInfo","root":{"__id__":1},"asset":{"__uuid__":"fc4uYjvwRBFIZb8IzaxBUZ"},"fileId":"f2Z/ro4/RNz4wQ/3YZMlm3"},"_color":{"__type__":"cc.Color"},"_contentSize":{"__type__":"cc.Size","width":16.68,"height":40},"_scale":{"__type__":"cc.Vec3","x":1,"y":1,"z":1}},{"__type__":"cc.Node","_name":"star","_parent":{"__id__":58},"_children":[{"__id__":61},{"__id__":63},{"__id__":65}],"_active":false,"_level":6,"_prefab":{"__type__":"cc.PrefabInfo","root":{"__id__":1},"asset":{"__uuid__":"fc4uYjvwRBFIZb8IzaxBUZ"},"fileId":"77u5ukzghMj5+uzzOwitTK"},"_position":{"__type__":"cc.Vec3","y":-30},"_scale":{"__type__":"cc.Vec3","x":1,"y":1,"z":1}},{"__type__":"cc.Node","_name":"star1","_parent":{"__id__":60},"_children":[{"__id__":62}],"_level":7,"_components":[{"__type__":"cc.Sprite","node":{"__id__":61},"_spriteFrame":{"__uuid__":"70vfA+8DlJRLc/Nb26Nt26"},"_sizeMode":0}],"_prefab":{"__type__":"cc.PrefabInfo","root":{"__id__":1},"asset":{"__uuid__":"fc4uYjvwRBFIZb8IzaxBUZ"},"fileId":"80E5diOOtD0Y1akEwlUAYu"},"_contentSize":{"__type__":"cc.Size","width":30,"height":30},"_position":{"__type__":"cc.Vec3","x":-30},"_scale":{"__type__":"cc.Vec3","x":1,"y":1,"z":1}},{"__type__":"cc.Node","_name":"reach","_parent":{"__id__":61},"_active":false,"_level":8,"_components":[{"__type__":"cc.Sprite","node":{"__id__":62},"_spriteFrame":{"__uuid__":"caOHtKc+tOIaKi0NUtDcBl"},"_sizeMode":0}],"_prefab":{"__type__":"cc.PrefabInfo","root":{"__id__":1},"asset":{"__uuid__":"fc4uYjvwRBFIZb8IzaxBUZ"},"fileId":"3angU1+e9G+4hV6UQY1Qd0"},"_contentSize":{"__type__":"cc.Size","width":30,"height":30},"_scale":{"__type__":"cc.Vec3","x":1,"y":1,"z":1}},{"__type__":"cc.Node","_name":"star2","_parent":{"__id__":60},"_children":[{"__id__":64}],"_level":7,"_components":[{"__type__":"cc.Sprite","node":{"__id__":63},"_spriteFrame":{"__uuid__":"70vfA+8DlJRLc/Nb26Nt26"},"_sizeMode":0}],"_prefab":{"__type__":"cc.PrefabInfo","root":{"__id__":1},"asset":{"__uuid__":"fc4uYjvwRBFIZb8IzaxBUZ"},"fileId":"eeWVOyIh5ONapG57c0IqaS"},"_contentSize":{"__type__":"cc.Size","width":30,"height":30},"_scale":{"__type__":"cc.Vec3","x":1,"y":1,"z":1}},{"__type__":"cc.Node","_name":"reach","_parent":{"__id__":63},"_active":false,"_level":8,"_components":[{"__type__":"cc.Sprite","node":{"__id__":64},"_spriteFrame":{"__uuid__":"caOHtKc+tOIaKi0NUtDcBl"},"_sizeMode":0}],"_prefab":{"__type__":"cc.PrefabInfo","root":{"__id__":1},"asset":{"__uuid__":"fc4uYjvwRBFIZb8IzaxBUZ"},"fileId":"339OuUVk1II7xhaEiBVmiq"},"_contentSize":{"__type__":"cc.Size","width":30,"height":30},"_scale":{"__type__":"cc.Vec3","x":1,"y":1,"z":1}},{"__type__":"cc.Node","_name":"star3","_parent":{"__id__":60},"_children":[{"__id__":66}],"_level":7,"_components":[{"__type__":"cc.Sprite","node":{"__id__":65},"_spriteFrame":{"__uuid__":"70vfA+8DlJRLc/Nb26Nt26"},"_sizeMode":0}],"_prefab":{"__type__":"cc.PrefabInfo","root":{"__id__":1},"asset":{"__uuid__":"fc4uYjvwRBFIZb8IzaxBUZ"},"fileId":"7elu0pQQtOXZp1ybqwfEUx"},"_contentSize":{"__type__":"cc.Size","width":30,"height":30},"_position":{"__type__":"cc.Vec3","x":30},"_scale":{"__type__":"cc.Vec3","x":1,"y":1,"z":1}},{"__type__":"cc.Node","_name":"reach","_parent":{"__id__":65},"_active":false,"_level":8,"_components":[{"__type__":"cc.Sprite","node":{"__id__":66},"_spriteFrame":{"__uuid__":"caOHtKc+tOIaKi0NUtDcBl"},"_sizeMode":0}],"_prefab":{"__type__":"cc.PrefabInfo","root":{"__id__":1},"asset":{"__uuid__":"fc4uYjvwRBFIZb8IzaxBUZ"},"fileId":"b6lqaSdJdMhZG8ET1jLIXg"},"_contentSize":{"__type__":"cc.Size","width":30,"height":30},"_scale":{"__type__":"cc.Vec3","x":1,"y":1,"z":1}},{"__type__":"cc.Node","_name":"stage8","_parent":{"__id__":3},"_children":[{"__id__":68},{"__id__":69}],"_level":5,"_components":[{"__type__":"cc.Sprite","node":{"__id__":67},"_spriteFrame":{"__uuid__":"f0BIwQ8D5Ml7nTNQbh1YlS"},"_type":1,"_sizeMode":0},{"__type__":"cc.Button","node":{"__id__":67},"zoomScale":1.1,"_N$transition":3,"transition":3,"_N$normalColor":{"__type__":"cc.Color","r":255,"g":255,"b":255},"_N$pressedColor":{"__type__":"cc.Color","r":255,"g":255,"b":255},"pressedColor":{"__type__":"cc.Color","r":255,"g":255,"b":255},"_N$disabledColor":{"__type__":"cc.Color","r":255,"g":255,"b":255},"_N$normalSprite":{"__uuid__":"f0BIwQ8D5Ml7nTNQbh1YlS"},"_N$pressedSprite":{"__uuid__":"e97GVMl6JHh5Ml5qEDdSGa"},"pressedSprite":{"__uuid__":"e97GVMl6JHh5Ml5qEDdSGa"},"_N$hoverSprite":{"__uuid__":"f0BIwQ8D5Ml7nTNQbh1YlS"},"hoverSprite":{"__uuid__":"f0BIwQ8D5Ml7nTNQbh1YlS"},"_N$disabledSprite":{"__uuid__":"29FYIk+N1GYaeWH/q1NxQO"},"_N$target":{"__id__":67}}],"_prefab":{"__type__":"cc.PrefabInfo","root":{"__id__":1},"asset":{"__uuid__":"fc4uYjvwRBFIZb8IzaxBUZ"},"fileId":"d5mEKUJRVGNo+GSh7U5GIS"},"_contentSize":{"__type__":"cc.Size","width":120,"height":60},"_position":{"__type__":"cc.Vec3","x":179,"y":1147},"_scale":{"__type__":"cc.Vec3","x":1,"y":1,"z":1}},{"__type__":"cc.Node","_name":"lab","_parent":{"__id__":67},"_components":[{"__type__":"cc.Label","node":{"__id__":68},"_srcBlendFactor":1,"_useOriginalSize":false,"_string":"8","_N$string":"8","_fontSize":30,"_enableWrapText":false,"_N$horizontalAlign":1,"_N$verticalAlign":1}],"_prefab":{"__type__":"cc.PrefabInfo","root":{"__id__":1},"asset":{"__uuid__":"fc4uYjvwRBFIZb8IzaxBUZ"},"fileId":"53lD+jdMdE/LBLNBXeXFK/"},"_color":{"__type__":"cc.Color"},"_contentSize":{"__type__":"cc.Size","width":16.68,"height":40},"_scale":{"__type__":"cc.Vec3","x":1,"y":1,"z":1}},{"__type__":"cc.Node","_name":"star","_parent":{"__id__":67},"_children":[{"__id__":70},{"__id__":72},{"__id__":74}],"_active":false,"_level":6,"_prefab":{"__type__":"cc.PrefabInfo","root":{"__id__":1},"asset":{"__uuid__":"fc4uYjvwRBFIZb8IzaxBUZ"},"fileId":"635hmLLfxAeLmxpcX+2GwA"},"_position":{"__type__":"cc.Vec3","y":-30},"_scale":{"__type__":"cc.Vec3","x":1,"y":1,"z":1}},{"__type__":"cc.Node","_name":"star1","_parent":{"__id__":69},"_children":[{"__id__":71}],"_level":7,"_components":[{"__type__":"cc.Sprite","node":{"__id__":70},"_spriteFrame":{"__uuid__":"70vfA+8DlJRLc/Nb26Nt26"},"_sizeMode":0}],"_prefab":{"__type__":"cc.PrefabInfo","root":{"__id__":1},"asset":{"__uuid__":"fc4uYjvwRBFIZb8IzaxBUZ"},"fileId":"d0w42Uw3lGVIflXuDzZkK9"},"_contentSize":{"__type__":"cc.Size","width":30,"height":30},"_position":{"__type__":"cc.Vec3","x":-30},"_scale":{"__type__":"cc.Vec3","x":1,"y":1,"z":1}},{"__type__":"cc.Node","_name":"reach","_parent":{"__id__":70},"_active":false,"_level":8,"_components":[{"__type__":"cc.Sprite","node":{"__id__":71},"_spriteFrame":{"__uuid__":"caOHtKc+tOIaKi0NUtDcBl"},"_sizeMode":0}],"_prefab":{"__type__":"cc.PrefabInfo","root":{"__id__":1},"asset":{"__uuid__":"fc4uYjvwRBFIZb8IzaxBUZ"},"fileId":"a4wpRhQtBNvLJWAbdNzj6i"},"_contentSize":{"__type__":"cc.Size","width":30,"height":30},"_scale":{"__type__":"cc.Vec3","x":1,"y":1,"z":1}},{"__type__":"cc.Node","_name":"star2","_parent":{"__id__":69},"_children":[{"__id__":73}],"_level":7,"_components":[{"__type__":"cc.Sprite","node":{"__id__":72},"_spriteFrame":{"__uuid__":"70vfA+8DlJRLc/Nb26Nt26"},"_sizeMode":0}],"_prefab":{"__type__":"cc.PrefabInfo","root":{"__id__":1},"asset":{"__uuid__":"fc4uYjvwRBFIZb8IzaxBUZ"},"fileId":"3cY5cmxR9Pmo1ode3shK4p"},"_contentSize":{"__type__":"cc.Size","width":30,"height":30},"_scale":{"__type__":"cc.Vec3","x":1,"y":1,"z":1}},{"__type__":"cc.Node","_name":"reach","_parent":{"__id__":72},"_active":false,"_level":8,"_components":[{"__type__":"cc.Sprite","node":{"__id__":73},"_spriteFrame":{"__uuid__":"caOHtKc+tOIaKi0NUtDcBl"},"_sizeMode":0}],"_prefab":{"__type__":"cc.PrefabInfo","root":{"__id__":1},"asset":{"__uuid__":"fc4uYjvwRBFIZb8IzaxBUZ"},"fileId":"a9qsIzlvZGPpJbXRenOivK"},"_contentSize":{"__type__":"cc.Size","width":30,"height":30},"_scale":{"__type__":"cc.Vec3","x":1,"y":1,"z":1}},{"__type__":"cc.Node","_name":"star3","_parent":{"__id__":69},"_children":[{"__id__":75}],"_level":7,"_components":[{"__type__":"cc.Sprite","node":{"__id__":74},"_spriteFrame":{"__uuid__":"70vfA+8DlJRLc/Nb26Nt26"},"_sizeMode":0}],"_prefab":{"__type__":"cc.PrefabInfo","root":{"__id__":1},"asset":{"__uuid__":"fc4uYjvwRBFIZb8IzaxBUZ"},"fileId":"ecMqPVp69B4puQbbgkkHEU"},"_contentSize":{"__type__":"cc.Size","width":30,"height":30},"_position":{"__type__":"cc.Vec3","x":30},"_scale":{"__type__":"cc.Vec3","x":1,"y":1,"z":1}},{"__type__":"cc.Node","_name":"reach","_parent":{"__id__":74},"_active":false,"_level":8,"_components":[{"__type__":"cc.Sprite","node":{"__id__":75},"_spriteFrame":{"__uuid__":"caOHtKc+tOIaKi0NUtDcBl"},"_sizeMode":0}],"_prefab":{"__type__":"cc.PrefabInfo","root":{"__id__":1},"asset":{"__uuid__":"fc4uYjvwRBFIZb8IzaxBUZ"},"fileId":"09T46mpvVKAq5P0Dx0UArw"},"_contentSize":{"__type__":"cc.Size","width":30,"height":30},"_scale":{"__type__":"cc.Vec3","x":1,"y":1,"z":1}},{"__type__":"cc.Node","_name":"stage9","_parent":{"__id__":3},"_children":[{"__id__":77},{"__id__":78}],"_level":5,"_components":[{"__type__":"cc.Sprite","node":{"__id__":76},"_spriteFrame":{"__uuid__":"f0BIwQ8D5Ml7nTNQbh1YlS"},"_type":1,"_sizeMode":0},{"__type__":"cc.Button","node":{"__id__":76},"zoomScale":1.1,"_N$transition":3,"transition":3,"_N$normalColor":{"__type__":"cc.Color","r":255,"g":255,"b":255},"_N$pressedColor":{"__type__":"cc.Color","r":255,"g":255,"b":255},"pressedColor":{"__type__":"cc.Color","r":255,"g":255,"b":255},"_N$disabledColor":{"__type__":"cc.Color","r":255,"g":255,"b":255},"_N$normalSprite":{"__uuid__":"f0BIwQ8D5Ml7nTNQbh1YlS"},"_N$pressedSprite":{"__uuid__":"e97GVMl6JHh5Ml5qEDdSGa"},"pressedSprite":{"__uuid__":"e97GVMl6JHh5Ml5qEDdSGa"},"_N$hoverSprite":{"__uuid__":"f0BIwQ8D5Ml7nTNQbh1YlS"},"hoverSprite":{"__uuid__":"f0BIwQ8D5Ml7nTNQbh1YlS"},"_N$disabledSprite":{"__uuid__":"29FYIk+N1GYaeWH/q1NxQO"},"_N$target":{"__id__":76}}],"_prefab":{"__type__":"cc.PrefabInfo","root":{"__id__":1},"asset":{"__uuid__":"fc4uYjvwRBFIZb8IzaxBUZ"},"fileId":"fc7EfCAghLwZlmNAq7B7yL"},"_contentSize":{"__type__":"cc.Size","width":120,"height":60},"_position":{"__type__":"cc.Vec3","x":379,"y":1182},"_scale":{"__type__":"cc.Vec3","x":1,"y":1,"z":1}},{"__type__":"cc.Node","_name":"lab","_parent":{"__id__":76},"_components":[{"__type__":"cc.Label","node":{"__id__":77},"_srcBlendFactor":1,"_useOriginalSize":false,"_string":"9","_N$string":"9","_fontSize":30,"_enableWrapText":false,"_N$horizontalAlign":1,"_N$verticalAlign":1}],"_prefab":{"__type__":"cc.PrefabInfo","root":{"__id__":1},"asset":{"__uuid__":"fc4uYjvwRBFIZb8IzaxBUZ"},"fileId":"c5z9pBUlVDsb92VFA8BhhD"},"_color":{"__type__":"cc.Color"},"_contentSize":{"__type__":"cc.Size","width":16.68,"height":40},"_scale":{"__type__":"cc.Vec3","x":1,"y":1,"z":1}},{"__type__":"cc.Node","_name":"star","_parent":{"__id__":76},"_children":[{"__id__":79},{"__id__":81},{"__id__":83}],"_active":false,"_level":6,"_prefab":{"__type__":"cc.PrefabInfo","root":{"__id__":1},"asset":{"__uuid__":"fc4uYjvwRBFIZb8IzaxBUZ"},"fileId":"07O1c7w3JF5L7DXWBdGLeG"},"_position":{"__type__":"cc.Vec3","y":-30},"_scale":{"__type__":"cc.Vec3","x":1,"y":1,"z":1}},{"__type__":"cc.Node","_name":"star1","_parent":{"__id__":78},"_children":[{"__id__":80}],"_level":7,"_components":[{"__type__":"cc.Sprite","node":{"__id__":79},"_spriteFrame":{"__uuid__":"70vfA+8DlJRLc/Nb26Nt26"},"_sizeMode":0}],"_prefab":{"__type__":"cc.PrefabInfo","root":{"__id__":1},"asset":{"__uuid__":"fc4uYjvwRBFIZb8IzaxBUZ"},"fileId":"39bnaTwAhKxLCgjkopGA4z"},"_contentSize":{"__type__":"cc.Size","width":30,"height":30},"_position":{"__type__":"cc.Vec3","x":-30},"_scale":{"__type__":"cc.Vec3","x":1,"y":1,"z":1}},{"__type__":"cc.Node","_name":"reach","_parent":{"__id__":79},"_active":false,"_level":8,"_components":[{"__type__":"cc.Sprite","node":{"__id__":80},"_spriteFrame":{"__uuid__":"caOHtKc+tOIaKi0NUtDcBl"},"_sizeMode":0}],"_prefab":{"__type__":"cc.PrefabInfo","root":{"__id__":1},"asset":{"__uuid__":"fc4uYjvwRBFIZb8IzaxBUZ"},"fileId":"c1mOV5rDlLnI4TTWCfn4YI"},"_contentSize":{"__type__":"cc.Size","width":30,"height":30},"_scale":{"__type__":"cc.Vec3","x":1,"y":1,"z":1}},{"__type__":"cc.Node","_name":"star2","_parent":{"__id__":78},"_children":[{"__id__":82}],"_level":7,"_components":[{"__type__":"cc.Sprite","node":{"__id__":81},"_spriteFrame":{"__uuid__":"70vfA+8DlJRLc/Nb26Nt26"},"_sizeMode":0}],"_prefab":{"__type__":"cc.PrefabInfo","root":{"__id__":1},"asset":{"__uuid__":"fc4uYjvwRBFIZb8IzaxBUZ"},"fileId":"afhF1rI5NH95u62AZTnNj9"},"_contentSize":{"__type__":"cc.Size","width":30,"height":30},"_scale":{"__type__":"cc.Vec3","x":1,"y":1,"z":1}},{"__type__":"cc.Node","_name":"reach","_parent":{"__id__":81},"_active":false,"_level":8,"_components":[{"__type__":"cc.Sprite","node":{"__id__":82},"_spriteFrame":{"__uuid__":"caOHtKc+tOIaKi0NUtDcBl"},"_sizeMode":0}],"_prefab":{"__type__":"cc.PrefabInfo","root":{"__id__":1},"asset":{"__uuid__":"fc4uYjvwRBFIZb8IzaxBUZ"},"fileId":"a9TLcgMqtFJrxrpTylH3el"},"_contentSize":{"__type__":"cc.Size","width":30,"height":30},"_scale":{"__type__":"cc.Vec3","x":1,"y":1,"z":1}},{"__type__":"cc.Node","_name":"star3","_parent":{"__id__":78},"_children":[{"__id__":84}],"_level":7,"_components":[{"__type__":"cc.Sprite","node":{"__id__":83},"_spriteFrame":{"__uuid__":"70vfA+8DlJRLc/Nb26Nt26"},"_sizeMode":0}],"_prefab":{"__type__":"cc.PrefabInfo","root":{"__id__":1},"asset":{"__uuid__":"fc4uYjvwRBFIZb8IzaxBUZ"},"fileId":"9e2L60uzxLeK/lwMDWwpp4"},"_contentSize":{"__type__":"cc.Size","width":30,"height":30},"_position":{"__type__":"cc.Vec3","x":30},"_scale":{"__type__":"cc.Vec3","x":1,"y":1,"z":1}},{"__type__":"cc.Node","_name":"reach","_parent":{"__id__":83},"_active":false,"_level":8,"_components":[{"__type__":"cc.Sprite","node":{"__id__":84},"_spriteFrame":{"__uuid__":"caOHtKc+tOIaKi0NUtDcBl"},"_sizeMode":0}],"_prefab":{"__type__":"cc.PrefabInfo","root":{"__id__":1},"asset":{"__uuid__":"fc4uYjvwRBFIZb8IzaxBUZ"},"fileId":"58Ezl8EmdNha0NDVyi3XTm"},"_contentSize":{"__type__":"cc.Size","width":30,"height":30},"_scale":{"__type__":"cc.Vec3","x":1,"y":1,"z":1}},{"__type__":"cc.Node","_name":"stage10","_parent":{"__id__":3},"_children":[{"__id__":86},{"__id__":87}],"_level":5,"_components":[{"__type__":"cc.Sprite","node":{"__id__":85},"_spriteFrame":{"__uuid__":"f0BIwQ8D5Ml7nTNQbh1YlS"},"_type":1,"_sizeMode":0},{"__type__":"cc.Button","node":{"__id__":85},"zoomScale":1.1,"_N$transition":3,"transition":3,"_N$normalColor":{"__type__":"cc.Color","r":255,"g":255,"b":255},"_N$pressedColor":{"__type__":"cc.Color","r":255,"g":255,"b":255},"pressedColor":{"__type__":"cc.Color","r":255,"g":255,"b":255},"_N$disabledColor":{"__type__":"cc.Color","r":255,"g":255,"b":255},"_N$normalSprite":{"__uuid__":"f0BIwQ8D5Ml7nTNQbh1YlS"},"_N$pressedSprite":{"__uuid__":"e97GVMl6JHh5Ml5qEDdSGa"},"pressedSprite":{"__uuid__":"e97GVMl6JHh5Ml5qEDdSGa"},"_N$hoverSprite":{"__uuid__":"f0BIwQ8D5Ml7nTNQbh1YlS"},"hoverSprite":{"__uuid__":"f0BIwQ8D5Ml7nTNQbh1YlS"},"_N$disabledSprite":{"__uuid__":"29FYIk+N1GYaeWH/q1NxQO"},"_N$target":{"__id__":85}}],"_prefab":{"__type__":"cc.PrefabInfo","root":{"__id__":1},"asset":{"__uuid__":"fc4uYjvwRBFIZb8IzaxBUZ"},"fileId":"b0eQUPiX1Gi6knW7fkwmQ/"},"_contentSize":{"__type__":"cc.Size","width":120,"height":60},"_position":{"__type__":"cc.Vec3","x":501,"y":1292},"_scale":{"__type__":"cc.Vec3","x":1,"y":1,"z":1}},{"__type__":"cc.Node","_name":"lab","_parent":{"__id__":85},"_components":[{"__type__":"cc.Label","node":{"__id__":86},"_srcBlendFactor":1,"_useOriginalSize":false,"_string":"10","_N$string":"10","_fontSize":30,"_enableWrapText":false,"_N$horizontalAlign":1,"_N$verticalAlign":1}],"_prefab":{"__type__":"cc.PrefabInfo","root":{"__id__":1},"asset":{"__uuid__":"fc4uYjvwRBFIZb8IzaxBUZ"},"fileId":"c0crWQSF5Dm7BGL4n9gs3f"},"_color":{"__type__":"cc.Color"},"_contentSize":{"__type__":"cc.Size","width":33.37,"height":40},"_scale":{"__type__":"cc.Vec3","x":1,"y":1,"z":1}},{"__type__":"cc.Node","_name":"star","_parent":{"__id__":85},"_children":[{"__id__":88},{"__id__":90},{"__id__":92}],"_active":false,"_level":6,"_prefab":{"__type__":"cc.PrefabInfo","root":{"__id__":1},"asset":{"__uuid__":"fc4uYjvwRBFIZb8IzaxBUZ"},"fileId":"241VDW/SRKJaHp0x+PkSiq"},"_position":{"__type__":"cc.Vec3","y":-30},"_scale":{"__type__":"cc.Vec3","x":1,"y":1,"z":1}},{"__type__":"cc.Node","_name":"star1","_parent":{"__id__":87},"_children":[{"__id__":89}],"_level":7,"_components":[{"__type__":"cc.Sprite","node":{"__id__":88},"_spriteFrame":{"__uuid__":"70vfA+8DlJRLc/Nb26Nt26"},"_sizeMode":0}],"_prefab":{"__type__":"cc.PrefabInfo","root":{"__id__":1},"asset":{"__uuid__":"fc4uYjvwRBFIZb8IzaxBUZ"},"fileId":"a7BFgmUTxLcrXCqMtigygt"},"_contentSize":{"__type__":"cc.Size","width":30,"height":30},"_position":{"__type__":"cc.Vec3","x":-30},"_scale":{"__type__":"cc.Vec3","x":1,"y":1,"z":1}},{"__type__":"cc.Node","_name":"reach","_parent":{"__id__":88},"_active":false,"_level":8,"_components":[{"__type__":"cc.Sprite","node":{"__id__":89},"_spriteFrame":{"__uuid__":"caOHtKc+tOIaKi0NUtDcBl"},"_sizeMode":0}],"_prefab":{"__type__":"cc.PrefabInfo","root":{"__id__":1},"asset":{"__uuid__":"fc4uYjvwRBFIZb8IzaxBUZ"},"fileId":"13GbO7DSJA6JkatpBibWJy"},"_contentSize":{"__type__":"cc.Size","width":30,"height":30},"_scale":{"__type__":"cc.Vec3","x":1,"y":1,"z":1}},{"__type__":"cc.Node","_name":"star2","_parent":{"__id__":87},"_children":[{"__id__":91}],"_level":7,"_components":[{"__type__":"cc.Sprite","node":{"__id__":90},"_spriteFrame":{"__uuid__":"70vfA+8DlJRLc/Nb26Nt26"},"_sizeMode":0}],"_prefab":{"__type__":"cc.PrefabInfo","root":{"__id__":1},"asset":{"__uuid__":"fc4uYjvwRBFIZb8IzaxBUZ"},"fileId":"b0k3L9JcVDU5gHetN4qgMt"},"_contentSize":{"__type__":"cc.Size","width":30,"height":30},"_scale":{"__type__":"cc.Vec3","x":1,"y":1,"z":1}},{"__type__":"cc.Node","_name":"reach","_parent":{"__id__":90},"_active":false,"_level":8,"_components":[{"__type__":"cc.Sprite","node":{"__id__":91},"_spriteFrame":{"__uuid__":"caOHtKc+tOIaKi0NUtDcBl"},"_sizeMode":0}],"_prefab":{"__type__":"cc.PrefabInfo","root":{"__id__":1},"asset":{"__uuid__":"fc4uYjvwRBFIZb8IzaxBUZ"},"fileId":"66AVqx9ZpPcJO77cRnlw+k"},"_contentSize":{"__type__":"cc.Size","width":30,"height":30},"_scale":{"__type__":"cc.Vec3","x":1,"y":1,"z":1}},{"__type__":"cc.Node","_name":"star3","_parent":{"__id__":87},"_children":[{"__id__":93}],"_level":7,"_components":[{"__type__":"cc.Sprite","node":{"__id__":92},"_spriteFrame":{"__uuid__":"70vfA+8DlJRLc/Nb26Nt26"},"_sizeMode":0}],"_prefab":{"__type__":"cc.PrefabInfo","root":{"__id__":1},"asset":{"__uuid__":"fc4uYjvwRBFIZb8IzaxBUZ"},"fileId":"e30EMtsk9FfYfzLI+7Z3fm"},"_contentSize":{"__type__":"cc.Size","width":30,"height":30},"_position":{"__type__":"cc.Vec3","x":30},"_scale":{"__type__":"cc.Vec3","x":1,"y":1,"z":1}},{"__type__":"cc.Node","_name":"reach","_parent":{"__id__":92},"_active":false,"_level":8,"_components":[{"__type__":"cc.Sprite","node":{"__id__":93},"_spriteFrame":{"__uuid__":"caOHtKc+tOIaKi0NUtDcBl"},"_sizeMode":0}],"_prefab":{"__type__":"cc.PrefabInfo","root":{"__id__":1},"asset":{"__uuid__":"fc4uYjvwRBFIZb8IzaxBUZ"},"fileId":"70oPE3KkxAVLcOUPhRtYOh"},"_contentSize":{"__type__":"cc.Size","width":30,"height":30},"_scale":{"__type__":"cc.Vec3","x":1,"y":1,"z":1}}]