[{"__type__":"cc.Prefab","_name":"Guide","data":{"__id__":1}},{"__type__":"cc.Node","_name":"Guide","_children":[{"__id__":2},{"__id__":3}],"_level":1,"_components":[{"__type__":"cc.Button","node":{"__id__":1},"_N$target":{"__id__":1}}],"_prefab":{"__type__":"cc.PrefabInfo","root":{"__id__":1},"asset":{"__uuid__":"41jpUEdnxEcY1c1r7FMPOf"},"fileId":"ccMli+K2pOw74dDauSUC6e"},"_contentSize":{"__type__":"cc.Size","width":1460,"height":2206},"_scale":{"__type__":"cc.Vec3","x":1,"y":1,"z":1}},{"__type__":"cc.Node","_name":"bg","_parent":{"__id__":1},"_level":2,"_components":[{"__type__":"cc.Sprite","node":{"__id__":2},"_spriteFrame":{"__uuid__":"c6aEsZi7ZLuYOy5nnW0Ibk"},"_sizeMode":0}],"_prefab":{"__type__":"cc.PrefabInfo","root":{"__id__":1},"asset":{"__uuid__":"41jpUEdnxEcY1c1r7FMPOf"},"fileId":"85jMyCxThNf7fJn2Id35PW"},"_opacity":100,"_color":{"__type__":"cc.Color"},"_contentSize":{"__type__":"cc.Size","width":1460,"height":2206},"_scale":{"__type__":"cc.Vec3","x":1,"y":1,"z":1}},{"__type__":"cc.Node","_name":"box","_parent":{"__id__":1},"_children":[{"__id__":4},{"__id__":5},{"__id__":8},{"__id__":20},{"__id__":22},{"__id__":24}],"_level":2,"_prefab":{"__type__":"cc.PrefabInfo","root":{"__id__":1},"asset":{"__uuid__":"41jpUEdnxEcY1c1r7FMPOf"},"fileId":"4fePP5LlVCDpWzfaD/w0us"},"_contentSize":{"__type__":"cc.Size","width":800,"height":800},"_scale":{"__type__":"cc.Vec3","x":1,"y":1,"z":1}},{"__type__":"cc.Node","_name":"bg1","_parent":{"__id__":3},"_level":3,"_components":[{"__type__":"cc.Sprite","node":{"__id__":4},"_spriteFrame":{"__uuid__":"dfYWpFoPxIfJaDY6gYnCT2"},"_type":1,"_sizeMode":0}],"_prefab":{"__type__":"cc.PrefabInfo","root":{"__id__":1},"asset":{"__uuid__":"41jpUEdnxEcY1c1r7FMPOf"},"fileId":"0ao3O0ykpFy7S9odPC/na/"},"_contentSize":{"__type__":"cc.Size","width":627,"height":657},"_scale":{"__type__":"cc.Vec3","x":1,"y":1,"z":1},"_rotationX":-4,"_rotationY":-4,"_quat":{"__type__":"cc.Quat","z":0.03489949670250097,"w":0.9993908270190958}},{"__type__":"cc.Node","_name":"bg2","_parent":{"__id__":3},"_children":[{"__id__":6},{"__id__":7}],"_level":3,"_components":[{"__type__":"cc.Sprite","node":{"__id__":5},"_spriteFrame":{"__uuid__":"faaNIqbD1Ar6/pqAdxak38"},"_type":1,"_sizeMode":0}],"_prefab":{"__type__":"cc.PrefabInfo","root":{"__id__":1},"asset":{"__uuid__":"41jpUEdnxEcY1c1r7FMPOf"},"fileId":"6bkwMl+PRN5bEHBQ5wqOXO"},"_contentSize":{"__type__":"cc.Size","width":627,"height":676},"_position":{"__type__":"cc.Vec3","y":-10},"_scale":{"__type__":"cc.Vec3","x":1,"y":1,"z":1}},{"__type__":"cc.Node","_name":"Bg_Decorate_4","_parent":{"__id__":5},"_level":4,"_components":[{"__type__":"cc.Sprite","node":{"__id__":6},"_spriteFrame":{"__uuid__":"01Px1stkJPoLuRx/NYLdHY"}}],"_prefab":{"__type__":"cc.PrefabInfo","root":{"__id__":1},"asset":{"__uuid__":"41jpUEdnxEcY1c1r7FMPOf"},"fileId":"7a+mzUVSZMl7N15qd/lgJO"},"_contentSize":{"__type__":"cc.Size","width":22,"height":33},"_position":{"__type__":"cc.Vec3","x":-303.5,"y":205},"_scale":{"__type__":"cc.Vec3","x":1,"y":1,"z":1}},{"__type__":"cc.Node","_name":"Bg_Decorate_3","_parent":{"__id__":5},"_level":4,"_components":[{"__type__":"cc.Sprite","node":{"__id__":7},"_spriteFrame":{"__uuid__":"98xDcSD71ER7K7FrzreuEq"}}],"_prefab":{"__type__":"cc.PrefabInfo","root":{"__id__":1},"asset":{"__uuid__":"41jpUEdnxEcY1c1r7FMPOf"},"fileId":"93Ze+0TN1NzLSPbcCgutGi"},"_contentSize":{"__type__":"cc.Size","width":36,"height":37},"_position":{"__type__":"cc.Vec3","x":296.5,"y":-205},"_scale":{"__type__":"cc.Vec3","x":1,"y":1,"z":1}},{"__type__":"cc.Node","_name":"guideView","_parent":{"__id__":3},"_children":[{"__id__":9},{"__id__":10},{"__id__":17}],"_level":3,"_components":[{"__id__":19}],"_prefab":{"__type__":"cc.PrefabInfo","root":{"__id__":1},"asset":{"__uuid__":"41jpUEdnxEcY1c1r7FMPOf"},"fileId":"6bSWzUhTJJCY6jnq+OrDFX"},"_contentSize":{"__type__":"cc.Size","width":540,"height":400},"_position":{"__type__":"cc.Vec3","y":90},"_scale":{"__type__":"cc.Vec3","x":1,"y":1,"z":1}},{"__type__":"cc.Node","_name":"bg","_parent":{"__id__":8},"_level":4,"_components":[{"__type__":"cc.Sprite","node":{"__id__":9},"_spriteFrame":{"__uuid__":"59iBCOAv5IyavArfe/ivNJ"},"_type":1,"_sizeMode":0}],"_prefab":{"__type__":"cc.PrefabInfo","root":{"__id__":1},"asset":{"__uuid__":"41jpUEdnxEcY1c1r7FMPOf"},"fileId":"95EQdOUDFIC7UY9p6IRwlE"},"_contentSize":{"__type__":"cc.Size","width":550,"height":350},"_scale":{"__type__":"cc.Vec3","x":1,"y":1,"z":1}},{"__type__":"cc.Node","_name":"view","_parent":{"__id__":8},"_children":[{"__id__":11}],"_components":[{"__type__":"cc.Mask","node":{"__id__":10}}],"_prefab":{"__type__":"cc.PrefabInfo","root":{"__id__":1},"asset":{"__uuid__":"41jpUEdnxEcY1c1r7FMPOf"},"fileId":"5ekh1Ses9BD7UmW23Zlp9G"},"_contentSize":{"__type__":"cc.Size","width":524,"height":322},"_position":{"__type__":"cc.Vec3","y":4},"_scale":{"__type__":"cc.Vec3","x":1,"y":1,"z":1}},{"__type__":"cc.Node","_name":"content","_parent":{"__id__":10},"_children":[{"__id__":12},{"__id__":13},{"__id__":14},{"__id__":15},{"__id__":16}],"_components":[{"__type__":"cc.Layout","node":{"__id__":11},"_layoutSize":{"__type__":"cc.Size","width":524,"height":322},"_resize":1,"_N$layoutType":1,"_N$spacingY":15}],"_prefab":{"__type__":"cc.PrefabInfo","root":{"__id__":1},"asset":{"__uuid__":"41jpUEdnxEcY1c1r7FMPOf"},"fileId":"9a5uidmdZKhqTgUgK8gaCp"},"_contentSize":{"__type__":"cc.Size","width":524,"height":322},"_anchorPoint":{"__type__":"cc.Vec2","y":0.5},"_position":{"__type__":"cc.Vec3","x":-262},"_scale":{"__type__":"cc.Vec3","x":1,"y":1,"z":1}},{"__type__":"cc.Node","_name":"page_1","_parent":{"__id__":11},"_components":[{"__type__":"cc.Sprite","node":{"__id__":12},"_spriteFrame":{"__uuid__":"9bvaMerUlDyary99mJa6xp"},"_type":1,"_sizeMode":0}],"_prefab":{"__type__":"cc.PrefabInfo","root":{"__id__":1},"asset":{"__uuid__":"41jpUEdnxEcY1c1r7FMPOf"},"fileId":"da2nSfnARGoLQJsVWYmSEW"},"_contentSize":{"__type__":"cc.Size","width":524,"height":322},"_position":{"__type__":"cc.Vec3","x":262},"_scale":{"__type__":"cc.Vec3","x":1,"y":1,"z":1}},{"__type__":"cc.Node","_name":"page_2","_parent":{"__id__":11},"_active":false,"_components":[{"__type__":"cc.Sprite","node":{"__id__":13},"_spriteFrame":{"__uuid__":"9bvaMerUlDyary99mJa6xp"},"_type":1,"_sizeMode":0}],"_prefab":{"__type__":"cc.PrefabInfo","root":{"__id__":1},"asset":{"__uuid__":"41jpUEdnxEcY1c1r7FMPOf"},"fileId":"c0G3GIkxdP2pfWzJ6bvYE4"},"_contentSize":{"__type__":"cc.Size","width":524,"height":322},"_position":{"__type__":"cc.Vec3","x":771},"_scale":{"__type__":"cc.Vec3","x":1,"y":1,"z":1}},{"__type__":"cc.Node","_name":"page_3","_parent":{"__id__":11},"_active":false,"_components":[{"__type__":"cc.Sprite","node":{"__id__":14},"_spriteFrame":{"__uuid__":"9bvaMerUlDyary99mJa6xp"},"_type":1,"_sizeMode":0}],"_prefab":{"__type__":"cc.PrefabInfo","root":{"__id__":1},"asset":{"__uuid__":"41jpUEdnxEcY1c1r7FMPOf"},"fileId":"2dUSqliyNER7DOpvVU9vtu"},"_contentSize":{"__type__":"cc.Size","width":524,"height":322},"_position":{"__type__":"cc.Vec3","x":1285},"_scale":{"__type__":"cc.Vec3","x":1,"y":1,"z":1}},{"__type__":"cc.Node","_name":"page_4","_parent":{"__id__":11},"_active":false,"_level":1,"_components":[{"__type__":"cc.Sprite","node":{"__id__":15},"_spriteFrame":{"__uuid__":"9bvaMerUlDyary99mJa6xp"},"_type":1,"_sizeMode":0}],"_prefab":{"__type__":"cc.PrefabInfo","root":{"__id__":1},"asset":{"__uuid__":"41jpUEdnxEcY1c1r7FMPOf"},"fileId":"7dHg4/8fhOSLzRehCGpKcR"},"_contentSize":{"__type__":"cc.Size","width":524,"height":322},"_position":{"__type__":"cc.Vec3","x":1799},"_scale":{"__type__":"cc.Vec3","x":1,"y":1,"z":1}},{"__type__":"cc.Node","_name":"page_5","_parent":{"__id__":11},"_active":false,"_level":1,"_components":[{"__type__":"cc.Sprite","node":{"__id__":16},"_spriteFrame":{"__uuid__":"9bvaMerUlDyary99mJa6xp"},"_type":1,"_sizeMode":0}],"_prefab":{"__type__":"cc.PrefabInfo","root":{"__id__":1},"asset":{"__uuid__":"41jpUEdnxEcY1c1r7FMPOf"},"fileId":"44tTL016pFp7uSmUj4Ic6D"},"_contentSize":{"__type__":"cc.Size","width":524,"height":322},"_position":{"__type__":"cc.Vec3","x":2313},"_scale":{"__type__":"cc.Vec3","x":1,"y":1,"z":1}},{"__type__":"cc.Node","_name":"indicator","_parent":{"__id__":8},"_components":[{"__id__":18}],"_prefab":{"__type__":"cc.PrefabInfo","root":{"__id__":1},"asset":{"__uuid__":"41jpUEdnxEcY1c1r7FMPOf"},"fileId":"c1/0yfh4dPe4iN0lm6niD0"},"_contentSize":{"__type__":"cc.Size","width":130,"height":40},"_position":{"__type__":"cc.Vec3","y":-230},"_scale":{"__type__":"cc.Vec3","x":1,"y":1,"z":1}},{"__type__":"cc.PageViewIndicator","node":{"__id__":17},"_pageView":{"__id__":19},"spriteFrame":{"__uuid__":"b68/nmo8VFz6LulLq4Ak/K"},"cellSize":{"__type__":"cc.Size","width":34,"height":34},"spacing":20},{"__type__":"cc.PageView","node":{"__id__":8},"bounceDuration":0.5,"cancelInnerEvents":false,"_N$content":{"__id__":11},"content":{"__id__":11},"_N$indicator":{"__id__":18}},{"__type__":"cc.Node","_name":"btnPrev","_parent":{"__id__":3},"_children":[{"__id__":21}],"_level":3,"_components":[{"__type__":"cc.Button","node":{"__id__":20},"zoomScale":1.1,"_N$transition":3,"transition":3,"_N$normalColor":{"__type__":"cc.Color","r":255,"g":255,"b":255},"_N$pressedColor":{"__type__":"cc.Color","r":255,"g":255,"b":255},"pressedColor":{"__type__":"cc.Color","r":255,"g":255,"b":255},"_N$disabledColor":{"__type__":"cc.Color","r":255,"g":255,"b":255},"_N$normalSprite":{"__uuid__":"f0BIwQ8D5Ml7nTNQbh1YlS"},"_N$pressedSprite":{"__uuid__":"e97GVMl6JHh5Ml5qEDdSGa"},"pressedSprite":{"__uuid__":"e97GVMl6JHh5Ml5qEDdSGa"},"_N$hoverSprite":{"__uuid__":"f0BIwQ8D5Ml7nTNQbh1YlS"},"hoverSprite":{"__uuid__":"f0BIwQ8D5Ml7nTNQbh1YlS"},"_N$disabledSprite":{"__uuid__":"29FYIk+N1GYaeWH/q1NxQO"},"_N$target":{"__id__":20}}],"_prefab":{"__type__":"cc.PrefabInfo","root":{"__id__":1},"asset":{"__uuid__":"41jpUEdnxEcY1c1r7FMPOf"},"fileId":"60dqTMt3RC2oTfjAX7cIO/"},"_contentSize":{"__type__":"cc.Size","width":80,"height":100},"_position":{"__type__":"cc.Vec3","x":-315,"y":100},"_scale":{"__type__":"cc.Vec3","x":1,"y":1,"z":1}},{"__type__":"cc.Node","_name":"spr","_parent":{"__id__":20},"_level":4,"_components":[{"__type__":"cc.Sprite","node":{"__id__":21},"_spriteFrame":{"__uuid__":"a835t8sHhMLYM7JbL+VKff"}}],"_prefab":{"__type__":"cc.PrefabInfo","root":{"__id__":1},"asset":{"__uuid__":"41jpUEdnxEcY1c1r7FMPOf"},"fileId":"178JIx3hxD2rmQ5WIFI/Ap"},"_contentSize":{"__type__":"cc.Size","width":57,"height":97},"_scale":{"__type__":"cc.Vec3","x":1,"y":1,"z":1}},{"__type__":"cc.Node","_name":"btnNext","_parent":{"__id__":3},"_children":[{"__id__":23}],"_level":3,"_components":[{"__type__":"cc.Button","node":{"__id__":22},"zoomScale":1.1,"_N$transition":3,"transition":3,"_N$normalColor":{"__type__":"cc.Color","r":255,"g":255,"b":255},"_N$pressedColor":{"__type__":"cc.Color","r":255,"g":255,"b":255},"pressedColor":{"__type__":"cc.Color","r":255,"g":255,"b":255},"_N$disabledColor":{"__type__":"cc.Color","r":255,"g":255,"b":255},"_N$normalSprite":{"__uuid__":"f0BIwQ8D5Ml7nTNQbh1YlS"},"_N$pressedSprite":{"__uuid__":"e97GVMl6JHh5Ml5qEDdSGa"},"pressedSprite":{"__uuid__":"e97GVMl6JHh5Ml5qEDdSGa"},"_N$hoverSprite":{"__uuid__":"f0BIwQ8D5Ml7nTNQbh1YlS"},"hoverSprite":{"__uuid__":"f0BIwQ8D5Ml7nTNQbh1YlS"},"_N$disabledSprite":{"__uuid__":"29FYIk+N1GYaeWH/q1NxQO"},"_N$target":{"__id__":22}}],"_prefab":{"__type__":"cc.PrefabInfo","root":{"__id__":1},"asset":{"__uuid__":"41jpUEdnxEcY1c1r7FMPOf"},"fileId":"183LNpkWNJkIP9ckHHJ7j1"},"_contentSize":{"__type__":"cc.Size","width":80,"height":100},"_position":{"__type__":"cc.Vec3","x":315,"y":99.99999999999989},"_scale":{"__type__":"cc.Vec3","x":-1,"y":1,"z":1}},{"__type__":"cc.Node","_name":"spr","_parent":{"__id__":22},"_level":4,"_components":[{"__type__":"cc.Sprite","node":{"__id__":23},"_spriteFrame":{"__uuid__":"a835t8sHhMLYM7JbL+VKff"}}],"_prefab":{"__type__":"cc.PrefabInfo","root":{"__id__":1},"asset":{"__uuid__":"41jpUEdnxEcY1c1r7FMPOf"},"fileId":"39B7NYIqVMdKvy427EdMVZ"},"_contentSize":{"__type__":"cc.Size","width":57,"height":97},"_scale":{"__type__":"cc.Vec3","x":1,"y":1,"z":1}},{"__type__":"cc.Node","_name":"btnStart","_parent":{"__id__":3},"_children":[{"__id__":25}],"_level":3,"_components":[{"__type__":"cc.Sprite","node":{"__id__":24},"_spriteFrame":{"__uuid__":"bfh5zPFBtItoEk+H3aUbx3"},"_type":1,"_sizeMode":0},{"__type__":"cc.Button","node":{"__id__":24},"zoomScale":1.1,"_N$transition":3,"transition":3,"_N$normalColor":{"__type__":"cc.Color","r":255,"g":255,"b":255},"_N$pressedColor":{"__type__":"cc.Color","r":255,"g":255,"b":255},"pressedColor":{"__type__":"cc.Color","r":255,"g":255,"b":255},"_N$disabledColor":{"__type__":"cc.Color","r":255,"g":255,"b":255},"_N$normalSprite":{"__uuid__":"bfh5zPFBtItoEk+H3aUbx3"},"_N$pressedSprite":{"__uuid__":"e97GVMl6JHh5Ml5qEDdSGa"},"pressedSprite":{"__uuid__":"e97GVMl6JHh5Ml5qEDdSGa"},"_N$hoverSprite":{"__uuid__":"f0BIwQ8D5Ml7nTNQbh1YlS"},"hoverSprite":{"__uuid__":"f0BIwQ8D5Ml7nTNQbh1YlS"},"_N$disabledSprite":{"__uuid__":"29FYIk+N1GYaeWH/q1NxQO"},"_N$target":{"__id__":24}}],"_prefab":{"__type__":"cc.PrefabInfo","root":{"__id__":1},"asset":{"__uuid__":"41jpUEdnxEcY1c1r7FMPOf"},"fileId":"98PaY1B4tGQJw2jLp71nRe"},"_contentSize":{"__type__":"cc.Size","width":200,"height":80},"_position":{"__type__":"cc.Vec3","y":-240},"_scale":{"__type__":"cc.Vec3","x":1,"y":1,"z":1}},{"__type__":"cc.Node","_name":"Label","_parent":{"__id__":24},"_components":[{"__type__":"cc.Label","node":{"__id__":25},"_srcBlendFactor":1,"_useOriginalSize":false,"_string":"开 始","_N$string":"开 始","_lineHeight":45,"_enableWrapText":false,"_N$file":{"__uuid__":"7ayuTvAx5NSIJwUPtdCD7i"},"_isSystemFontUsed":false,"_N$horizontalAlign":1,"_N$verticalAlign":1},{"__type__":"cc.LabelOutline","node":{"__id__":25},"_color":{"__type__":"cc.Color","r":30,"g":8,"b":5},"_width":3}],"_prefab":{"__type__":"cc.PrefabInfo","root":{"__id__":1},"asset":{"__uuid__":"41jpUEdnxEcY1c1r7FMPOf"},"fileId":"50NxaJNrpGJLnL0wvq9ebf"},"_contentSize":{"__type__":"cc.Size","width":106,"height":45},"_scale":{"__type__":"cc.Vec3","x":1,"y":1,"z":1}}]